<?xml version="1.0" encoding="utf-8"?>
<COLLADA xmlns="http://www.collada.org/2005/11/COLLADASchema" version="1.4.1" xmlns:xsi="http://www.w3.org/2001/XMLSchema-instance">
  <asset>
    <contributor>
      <author>Blender User</author>
      <authoring_tool>Blender 4.2.2 LTS commit date:2024-09-23, commit time:12:18, hash:c03d7d98a413</authoring_tool>
    </contributor>
    <created>2024-10-08T00:26:01</created>
    <modified>2024-10-08T00:26:01</modified>
    <unit name="decimeter" meter="0.1"/>
    <up_axis>Z_UP</up_axis>
  </asset>
  <library_cameras>
    <camera id="Camera-camera" name="Camera">
      <optics>
        <technique_common>
          <perspective>
            <xfov sid="xfov">39.59775</xfov>
            <aspect_ratio>1.777778</aspect_ratio>
            <znear sid="znear">0.1</znear>
            <zfar sid="zfar">100</zfar>
          </perspective>
        </technique_common>
      </optics>
      <extra>
        <technique profile="blender">
          <shiftx sid="shiftx" type="float">0</shiftx>
          <shifty sid="shifty" type="float">0</shifty>
          <dof_distance sid="dof_distance" type="float">10</dof_distance>
        </technique>
      </extra>
    </camera>
  </library_cameras>
  <library_lights>
    <light id="Light-light" name="Light">
      <technique_common>
        <point>
          <color sid="color">1000 1000 1000</color>
          <constant_attenuation>1</constant_attenuation>
          <linear_attenuation>0</linear_attenuation>
          <quadratic_attenuation>0</quadratic_attenuation>
        </point>
      </technique_common>
      <extra>
        <technique profile="blender">
          <type sid="type" type="int">0</type>
          <flag sid="flag" type="int">0</flag>
          <mode sid="mode" type="int">2097153</mode>
          <red sid="red" type="float">1</red>
          <green sid="green" type="float">1</green>
          <blue sid="blue" type="float">1</blue>
          <shadow_r sid="blender_shadow_r" type="float">0</shadow_r>
          <shadow_g sid="blender_shadow_g" type="float">0</shadow_g>
          <shadow_b sid="blender_shadow_b" type="float">0</shadow_b>
          <energy sid="blender_energy" type="float">1000</energy>
          <spotsize sid="spotsize" type="float">75</spotsize>
          <spotblend sid="spotblend" type="float">0.15</spotblend>
          <clipsta sid="clipsta" type="float">0.04999995</clipsta>
          <clipend sid="clipend" type="float">30.002</clipend>
          <bias sid="bias" type="float">1</bias>
          <radius sid="radius" type="float">0.1</radius>
          <area_shape sid="area_shape" type="int">1</area_shape>
          <area_size sid="area_size" type="float">0.1</area_size>
          <area_sizey sid="area_sizey" type="float">0.1</area_sizey>
          <area_sizez sid="area_sizez" type="float">1</area_sizez>
        </technique>
      </extra>
    </light>
  </library_lights>
  <library_effects/>
  <library_images/>
  <library_geometries>
    <geometry id="Cylinder_005-mesh" name="Cylinder.005">
      <mesh>
        <source id="Cylinder_005-mesh-positions">
          <float_array id="Cylinder_005-mesh-positions-array" count="1056">-5.681667 -1.777281 -0.9332489 -5.681668 -1.845776 -0.08535206 -5.681667 -1.828862 -0.9332492 -5.681668 -1.839467 -0.08641105 -5.681665 -1.737998 -0.8111199 -5.681665 -1.862725 -0.8111198 -5.681664 -1.867879 -0.3000627 -5.681664 -1.816029 -0.1770033 -5.681664 -1.750935 -0.3918593 -5.681664 -1.880921 -0.4213753 -5.681667 -1.845829 -0.8721844 -5.681667 -1.750839 -0.8721844 -5.681665 -1.875727 -0.7175487 -5.681665 -1.726311 -0.7175487 -5.681664 -1.880921 -0.4749233 -5.681664 -1.731516 -0.4749233 -5.681664 -1.780939 -0.2785276 -5.681664 -1.875677 -0.3678272 -5.681665 -1.880921 -0.5355797 -5.681665 -1.722411 -0.5355796 -5.681665 -1.880921 -0.596236 -5.681665 -1.71852 -0.596236 -5.681665 -1.880921 -0.6568923 -5.681665 -1.721117 -0.6568923 -5.681664 -1.857215 -0.171155 -5.681664 -1.829548 -0.1215867 -5.681668 -1.83528 -0.0980907 -5.681668 -1.85297 -0.1164997 -5.681667 -1.803072 -0.9475695 -5.681668 -1.842621 -0.08588165 -5.681665 -1.800362 -0.8111198 -5.681665 -1.801019 -0.7175487 -5.681664 -1.828308 -0.3231774 -5.681665 -1.79972 -0.596236 -5.681667 -1.798334 -0.8721844 -5.681665 -1.801666 -0.5355796 -5.681664 -1.806218 -0.4749233 -5.681664 -1.841954 -0.238533 -5.681665 -1.801019 -0.6568923 -5.681664 -1.815928 -0.4066172 -5.681664 -1.843381 -0.146371 -5.681668 -1.844125 -0.107295 -0.8384875 -1.831098 -1.187432 -0.8384875 -1.770363 -1.187431 -0.8384897 -1.843584 0.1490048 -0.8384897 -1.851012 0.150676 -0.8384868 -1.870969 -0.9946936 -0.8384868 -1.724109 -0.9946936 -0.8384897 -1.886278 -0.8470246 -0.8384897 -1.710348 -0.8470245 -0.8384868 -1.886219 -0.2951119 -0.8384868 -1.77467 -0.1541838 -0.8384885 -1.701174 -0.6555752 -0.8384885 -1.892394 -0.6555752 -0.8384875 -1.739229 -1.091062 -0.8384875 -1.851074 -1.091063 -0.8384885 -1.892394 -0.5598503 -0.8384885 -1.705757 -0.5598503 -0.8384885 -1.892394 -0.4641256 -0.8384885 -1.716477 -0.4641255 -0.8384868 -1.877037 -0.1881693 -0.8384868 -1.815987 0.006036341 -0.8384885 -1.892394 -0.7512998 -0.8384885 -1.704232 -0.7512998 -0.8384868 -1.739342 -0.3330382 -0.8384885 -1.892394 -0.3796187 -0.8384868 -1.864481 0.01526588 -0.8384868 -1.831905 0.09349215 -0.8384897 -1.838653 0.1305724 -0.8384897 -1.859483 0.1015202 -0.8384875 -1.80073 -1.210031 -0.8384897 -1.847298 0.1498402 -5.045562 -1.829156 -0.9666336 -5.045563 -1.840008 -0.05549138 -5.045561 -1.863808 -0.8352304 -5.045561 -1.736174 -0.8352305 -5.045561 -1.877112 -0.7345541 -5.045561 -1.724214 -0.7345541 -5.04556 -1.877061 -0.3582767 -5.04556 -1.780116 -0.2621963 -5.045561 -1.716241 -0.6040296 -5.045561 -1.882428 -0.6040296 -5.045562 -1.749314 -0.9009319 -5.045563 -1.846517 -0.9009319 -5.045561 -1.882428 -0.5387674 -5.045561 -1.720224 -0.5387673 -5.04556 -1.882428 -0.4735051 -5.04556 -1.72954 -0.4735051 -5.04556 -1.869081 -0.2853667 -5.04556 -1.816024 -0.1529629 -5.045561 -1.882428 -0.6692918 -5.045561 -1.718899 -0.6692918 -5.04556 -1.749412 -0.3841338 -5.04556 -1.882428 -0.4158909 -5.04556 -1.858169 -0.1466704 -5.04556 -1.829857 -0.09333819 -5.045564 -1.835723 -0.06805801 -5.045564 -1.853826 -0.08786487 -5.045563 -1.802764 -0.9820413 -5.045562 -1.776373 -0.9666333 -5.045564 -1.846463 -0.05435204 -5.045564 -1.843236 -0.0549218 -1.192886 -1.715945 -0.9929889 -1.192886 -1.875698 -0.9929889 -1.192889 -1.845908 0.1473955 -1.192887 -1.832326 -1.185168 -1.192886 -1.707643 -0.4639582 -1.192886 -1.899004 -0.4639582 -1.192887 -1.695982 -0.5594055 -1.192887 -1.899004 -0.5594056 -1.192889 -1.849949 0.1482285 -1.192889 -1.853989 0.1490619 -1.192887 -1.76626 -1.185168 -1.192887 -1.799293 -1.207703 -1.192889 -1.863204 0.1000486 -1.192889 -1.840545 0.1290166 -1.192885 -1.892286 -0.2954342 -1.192885 -1.833204 0.09204375 -1.192885 -1.86864 0.01404416 -1.192885 -1.833204 0.09204375 -1.192885 -1.86864 0.01404416 -1.192886 -1.899004 -0.3796962 -1.192885 -1.732515 -0.3332507 -1.192889 -1.849949 0.1482285 -1.192889 -1.853989 0.1490619 -1.192887 -1.694324 -0.7503002 -1.192887 -1.899003 -0.7503002 -1.192885 -1.815889 0.004841387 -1.192885 -1.882298 -0.1888016 -1.192885 -1.732515 -0.3332507 -1.192885 -1.815889 0.004841387 -1.192885 -1.770945 -0.1549144 -1.192885 -1.892286 -0.2954342 -1.192888 -1.700976 -0.8457476 -1.192888 -1.89235 -0.8457477 -1.192887 -1.854056 -1.089079 -1.192887 -1.732393 -1.089078 -1.192887 -1.899004 -0.654853 -1.192887 -1.690997 -0.654853 -1.192889 -1.863204 0.1000486 -1.192889 -1.840545 0.1290166 -1.192885 -1.882298 -0.1888016 -1.192885 -1.770945 -0.1549144 -1.192382 -1.881894 -0.3009799 -1.192382 -1.833853 0.05631458 -1.192382 -1.862667 -0.01560884 -1.192387 -1.847469 0.1081228 -1.192387 -1.850754 0.1088911 -1.192382 -1.751981 -0.3358506 -1.192382 -1.819774 -0.02409482 -1.192387 -1.858246 0.06369584 -1.192387 -1.839822 0.09040743 -1.192382 -1.873773 -0.2026537 -1.192382 -1.783229 -0.1714063 -1.192382 -1.881351 -0.30098 -1.192382 -1.833887 0.05631458 -1.192382 -1.862355 -0.01560884 -1.192387 -1.847339 0.1081228 -1.192387 -1.850584 0.1088912 -1.192382 -1.752999 -0.3358506 -1.192382 -1.819977 -0.02409482 -1.192387 -1.857987 0.06369584 -1.192387 -1.839784 0.09040743 -1.192382 -1.873327 -0.2026537 -1.192382 -1.783871 -0.1714063 -5.066011 -1.857529 -0.3687632 -5.066011 -1.822487 -0.1049744 -5.066011 -1.843504 -0.1580752 -5.066015 -1.832418 -0.06672471 -5.066015 -1.834814 -0.0661574 -5.066011 -1.762767 -0.3945081 -5.066011 -1.812217 -0.1643403 -5.066015 -1.84028 -0.09952485 -5.066015 -1.826841 -0.07980382 -5.066011 -1.851605 -0.2961695 -5.066011 -1.78556 -0.2730997 5.681667 -1.809808 -0.9332473 5.681668 -1.741314 -0.08535039 5.681667 -1.758227 -0.9332476 5.681668 -1.747623 -0.08640944 5.681665 -1.849092 -0.8111183 5.681665 -1.724365 -0.8111181 5.681664 -1.719211 -0.3000611 5.681664 -1.77106 -0.1770017 5.681664 -1.836155 -0.3918577 5.681664 -1.706169 -0.4213736 5.681667 -1.741261 -0.8721827 5.681667 -1.83625 -0.8721828 5.681665 -1.711363 -0.7175471 5.681665 -1.860779 -0.7175471 5.681664 -1.706168 -0.4749217 5.681664 -1.855574 -0.4749217 5.681664 -1.806151 -0.278526 5.681664 -1.711413 -0.3678256 5.681665 -1.706168 -0.535578 5.681665 -1.864678 -0.535578 5.681665 -1.706168 -0.5962343 5.681665 -1.86857 -0.5962344 5.681665 -1.706169 -0.6568906 5.681665 -1.865973 -0.6568907 5.681664 -1.729875 -0.1711533 5.681664 -1.757542 -0.1215851 5.681668 -1.75181 -0.09808903 5.681668 -1.73412 -0.116498 5.681667 -1.784018 -0.9475679 5.681668 -1.744469 -0.08588004 5.681665 -1.786728 -0.8111182 5.681665 -1.786071 -0.7175471 5.681664 -1.758782 -0.3231758 5.681665 -1.787369 -0.5962344 5.681667 -1.788756 -0.8721828 5.681665 -1.785423 -0.535578 5.681664 -1.780871 -0.4749217 5.681664 -1.745136 -0.2385313 5.681665 -1.786071 -0.6568907 5.681664 -1.771162 -0.4066156 5.681664 -1.743709 -0.1463693 5.681668 -1.742965 -0.1072934 0.8384879 -1.755992 -1.187431 0.8384879 -1.816726 -1.187431 0.8384896 -1.743506 0.1490051 0.8384896 -1.736078 0.1506763 0.8384871 -1.71612 -0.9946933 0.8384871 -1.86298 -0.9946934 0.8384899 -1.700812 -0.8470243 0.8384899 -1.876741 -0.8470243 0.8384869 -1.700871 -0.2951117 0.8384869 -1.81242 -0.1541835 0.8384886 -1.885915 -0.655575 0.8384886 -1.694695 -0.6555749 0.8384878 -1.84786 -1.091062 0.8384878 -1.736015 -1.091062 0.8384886 -1.694695 -0.55985 0.8384886 -1.881333 -0.5598501 0.8384886 -1.694695 -0.4641253 0.8384886 -1.870613 -0.4641253 0.8384869 -1.710053 -0.1881691 0.8384868 -1.771103 0.006036639 0.8384887 -1.694695 -0.7512995 0.8384887 -1.882857 -0.7512996 0.8384869 -1.847748 -0.333038 0.8384886 -1.694695 -0.3796185 0.8384868 -1.722609 0.01526618 0.8384868 -1.755185 0.09349238 0.8384896 -1.748437 0.1305727 0.8384897 -1.727607 0.1015205 0.8384879 -1.786359 -1.210031 0.8384896 -1.739792 0.1498406 5.045563 -1.757934 -0.9666321 5.045563 -1.747082 -0.05548995 5.045561 -1.723282 -0.8352289 5.045561 -1.850916 -0.8352291 5.045561 -1.709977 -0.7345526 5.045561 -1.862875 -0.7345527 5.04556 -1.710029 -0.3582753 5.04556 -1.806974 -0.2621948 5.045561 -1.870848 -0.6040282 5.045561 -1.704661 -0.6040281 5.045563 -1.837775 -0.9009305 5.045563 -1.740572 -0.9009304 5.045561 -1.704661 -0.5387659 5.045561 -1.866866 -0.5387659 5.04556 -1.704661 -0.4735037 5.04556 -1.857549 -0.4735037 5.04556 -1.718008 -0.2853652 5.04556 -1.771066 -0.1529614 5.045561 -1.704662 -0.6692903 5.045561 -1.868191 -0.6692904 5.04556 -1.837677 -0.3841323 5.04556 -1.704662 -0.4158895 5.04556 -1.728921 -0.1466689 5.04556 -1.757233 -0.09333676 5.045564 -1.751367 -0.06805652 5.045564 -1.733264 -0.08786344 5.045563 -1.784325 -0.9820399 5.045563 -1.810717 -0.9666319 5.045564 -1.740627 -0.05435061 5.045564 -1.743854 -0.05492043 1.192886 -1.871144 -0.9929886 1.192886 -1.711392 -0.9929885 1.192889 -1.741182 0.1473959 1.192887 -1.754764 -1.185168 1.192887 -1.879447 -0.4639579 1.192886 -1.688086 -0.4639578 1.192887 -1.891108 -0.5594052 1.192887 -1.688086 -0.5594052 1.192889 -1.737141 0.1482289 1.192889 -1.733101 0.1490622 1.192887 -1.82083 -1.185168 1.192887 -1.787797 -1.207702 1.192889 -1.723886 0.1000488 1.192889 -1.746545 0.1290169 1.192885 -1.694804 -0.2954339 1.192885 -1.753886 0.09204411 1.192885 -1.71845 0.01404458 1.192885 -1.753886 0.09204411 1.192885 -1.71845 0.01404458 1.192886 -1.688086 -0.3796958 1.192885 -1.854575 -0.3332504 1.192889 -1.737141 0.1482289 1.192889 -1.733101 0.1490622 1.192887 -1.892766 -0.7502999 1.192887 -1.688086 -0.7502999 1.192885 -1.771201 0.004841685 1.192885 -1.704792 -0.1888012 1.192885 -1.854575 -0.3332504 1.192885 -1.771201 0.004841685 1.192885 -1.816145 -0.1549142 1.192885 -1.694804 -0.2954339 1.192888 -1.886113 -0.8457473 1.192888 -1.694739 -0.8457474 1.192888 -1.733033 -1.089078 1.192887 -1.854697 -1.089078 1.192887 -1.688086 -0.6548526 1.192887 -1.896093 -0.6548527 1.192889 -1.723886 0.1000488 1.192889 -1.746545 0.1290169 1.192885 -1.704792 -0.1888012 1.192885 -1.816145 -0.1549142 1.192382 -1.705196 -0.3009796 1.192382 -1.753237 0.056315 1.192382 -1.724423 -0.01560848 1.192387 -1.739621 0.1081231 1.192387 -1.736336 0.1088916 1.192382 -1.835108 -0.3358502 1.192382 -1.767316 -0.02409452 1.192387 -1.728844 0.0636962 1.192387 -1.747268 0.09040778 1.192382 -1.713317 -0.2026533 1.192382 -1.80386 -0.1714059 1.192382 -1.705739 -0.3009796 1.192382 -1.753203 0.056315 1.192382 -1.724735 -0.01560848 1.192387 -1.739751 0.1081231 1.192387 -1.736505 0.1088916 1.192382 -1.834091 -0.3358503 1.192382 -1.767113 -0.02409452 1.192387 -1.729103 0.06369626 1.192387 -1.747305 0.09040778 1.192382 -1.713763 -0.2026533 1.192382 -1.803218 -0.1714059 5.066011 -1.729561 -0.3687618 5.066011 -1.764603 -0.1049728 5.066011 -1.743586 -0.1580737 5.066015 -1.754672 -0.06672322 5.066015 -1.752276 -0.06615591 5.066011 -1.824323 -0.3945066 5.066011 -1.774873 -0.1643389 5.066015 -1.74681 -0.09952342 5.066015 -1.760249 -0.07980239 5.066011 -1.735485 -0.296168 5.066011 -1.801529 -0.2730982</float_array>
          <technique_common>
            <accessor source="#Cylinder_005-mesh-positions-array" count="352" stride="3">
              <param name="X" type="float"/>
              <param name="Y" type="float"/>
              <param name="Z" type="float"/>
            </accessor>
          </technique_common>
        </source>
        <source id="Cylinder_005-mesh-normals">
          <float_array id="Cylinder_005-mesh-normals-array" count="1116">0.6900027 0.1257029 0.7128079 -0.5955859 -0.4539943 0.6626965 0.5641553 -0.4515477 0.691255 -1 0 1.49387e-5 -0.6414986 -0.607493 -0.4684355 -0.7113759 -0.6773462 -0.1874739 -1 0 -1.36242e-6 -0.6957279 -0.7036844 -0.1441912 -0.702988 -0.7068115 -0.07890182 -1 0 5.20008e-7 -0.6987632 -0.7147167 -0.03016662 -1 0 1.67511e-5 -1 0 8.60213e-6 -0.6972842 -0.7159502 0.03478544 -1 0 -1.73057e-6 -1 0 0 -0.7120653 -0.6987043 0.06910449 -1 0 -2.97434e-7 -0.7079527 -0.7062599 -1.77725e-6 -1 0 -4.22741e-6 -1 0 7.43486e-6 -0.7079507 -0.706262 6.43267e-6 -0.7079422 -0.7062705 4.64521e-6 -0.7091321 -0.7028319 0.05620509 -1 7.25129e-5 -4.30075e-5 -0.7064552 -0.7037943 0.07479816 -0.6935589 -0.7123134 0.107637 -1 6.72348e-5 -3.46473e-5 -0.72381 0.1142345 0.6804776 0.5947843 0.5166994 0.6158355 -0.6543647 0.5645936 -0.5030319 -0.6907254 0.6897646 -0.2170789 -0.7009546 0.7035813 -0.1167733 -0.7048483 0.7054978 -0.07390427 -0.7039896 0.7087667 -0.0452606 -0.7054632 0.6878162 0.17097 -0.7015982 0.6819016 0.2068098 -0.7210548 0.6646875 0.1956287 -0.6965795 0.7174367 0.007857978 -0.6988399 0.7112302 0.07599121 -0.6993849 0.7019781 0.13449 -0.7104112 0.6838093 0.1664955 -0.7000044 0.6843106 0.2042373 -0.6226387 0.5082865 0.5949505 -0.02974802 8.91752e-4 -0.9995571 -0.002848446 -0.8414558 -0.5403187 -0.01585859 -0.8246393 -0.5654367 0.008973836 -0.9933395 0.1148748 0.00172764 -0.5730971 0.8194858 0.0100978 -0.9984838 0.05411291 0.01428723 0.9719692 -0.2346738 -0.01427608 0.7914802 -0.6110282 8.65962e-4 0.967735 -0.251969 -0.001966953 -0.9756116 -0.2194953 0.01036274 -0.987926 -0.1545804 0.001798272 -0.9860609 -0.1663756 0.02475035 0.9965384 -0.07936596 0.006240189 0.9908394 -0.1349018 0.008989274 0.9963163 -0.08528149 0.01530271 -0.9962906 -0.08468061 0.005279541 -0.9958397 -0.09097015 0.006696403 -0.9993644 -0.03501683 0.01864719 -0.9998261 -8.36954e-7 0.00717312 -0.9999744 -4.98963e-6 0.005012929 -0.9789372 -0.2041005 0.02712744 0.9984616 -0.04836022 0.01025819 0.9985848 -0.05218541 0.02693533 0.9963667 0.08079504 0.0108655 0.9999064 0.008310854 0.01092046 0.996174 0.08670699 0.007173001 -0.9999744 0 0.0186482 -0.9998261 0 0.007172942 -0.9999743 0 0.02065277 0.9919092 -0.1252595 -0.09729862 0.879968 0.4649617 0.0225017 0.9894106 0.1433892 0.009820878 0.9880359 0.1539115 0.01795488 -0.9991551 0.03697037 0.004824817 -0.9237424 0.3829842 0.00692296 -0.9991796 0.03990465 -0.2069173 0.9376337 0.2793354 0.006072521 0.9743667 0.2248837 0.01198756 0.9656672 0.2595057 0.02839267 0.9995675 0.007660686 0.01571398 0.9825394 0.1853902 0.01864862 -0.9998261 0 0.0178923 -0.9993134 -0.03244596 0.01603585 -0.9966714 0.07993179 0.01422137 -0.999893 0.00346893 -0.1173068 0.964823 0.2352779 -0.002151846 0.9764629 0.2156748 0.01359546 -0.9971302 0.07447522 0.01172477 -0.9996231 -0.02482646 -0.005586326 0.9687852 0.2478392 -0.005134224 0.9837293 0.1795837 -0.007212579 0.6779267 0.7350941 -0.006760954 0.975619 0.2193673 0.01096445 -0.9981313 0.06011462 0.003367483 0.8106494 -0.5855223 -0.929995 -9.0502e-6 0.3675722 -0.9464285 4.53962e-5 -0.3229136 -0.6322692 -1.22008e-4 -0.7747489 -0.03353554 -0.7957758 -0.6046623 0.6883885 -0.7174947 0.1064078 -0.01714622 0.9569156 -0.28986 -0.03724133 0.7538791 -0.6559571 -0.01008301 -0.9811156 -0.1931599 -0.007543921 0.9949923 -0.09966719 -0.006157517 -0.9943232 -0.1062238 -0.003335714 -0.9999945 0 -0.01353037 -0.9668412 -0.2550198 -0.006217122 0.99812 -0.06097543 -0.004370629 0.9948594 0.1011728 -0.003335714 -0.9999945 0 -0.01027375 0.9875181 -0.1571708 -0.004917442 0.983718 0.1796515 -0.003846228 -0.9989119 0.04647976 0.6957844 0.6895807 0.2009044 -0.005040347 0.9999366 0.01007401 0.1894794 0.8670951 0.4606993 -0.003335714 -0.9999945 0 -0.004251122 -0.9991636 -0.04067105 0.3178993 -0.8620527 0.3947216 0.7115983 0.6681423 0.2172875 0.7021846 -0.7085989 0.06945937 0.7036843 0.6920881 0.1607558 0.6914312 0.6943324 0.1995635 0.7049801 -0.7071581 0.05413395 -0.9459884 4.53751e-5 -0.3242006 -0.005921363 0.2019734 0.9793732 9.9243e-4 -0.5522689 0.8336656 -0.005974352 0.2194255 0.975611 -0.05590718 -6.37022e-5 -0.998436 -0.9537618 -3.48634e-5 -0.300564 -0.9415133 -2.50025e-6 -0.3369761 -0.997756 4.75648e-5 -0.06695497 -0.9402582 -4.02771e-5 0.3404624 -0.9312564 4.46685e-5 0.3643648 -0.007818639 0.6931301 0.7207702 -0.9703494 -4.65436e-5 0.2417063 -0.9981406 4.78767e-5 0.06095355 -1 0 2.63183e-6 -1 1.08488e-4 -8.5116e-5 -1 -1.87745e-4 8.6635e-5 -1 -1.87754e-4 8.66162e-5 -1 -1.87749e-4 8.66259e-5 -1 0 8.38909e-7 -1 0 -1.37642e-6 -1 0 1.54318e-6 -0.985587 4.72745e-5 -0.1691697 0.9999966 0 0.002639114 0.749922 0.05721914 -0.6590471 0.02947181 -0.09890049 -0.9946609 1 -4.53916e-5 3.29169e-5 1 -8.94367e-6 6.3942e-5 -0.9374457 0.2224172 -0.2678177 -0.7329226 0.003653526 0.6803022 -0.9662012 -8.27956e-4 -0.257788 0.1015524 -0.9623835 0.252002 0.07463294 -0.9179826 0.3895354 -0.8858108 0 0.4640466 -0.8813876 -0.3886103 -0.2685855 0.5607292 0.565688 -0.6046321 -0.9007611 0.4268497 0.08017939 -1 0 -2.55979e-5 -1 0 1.21222e-5 0.9999998 0 7.8574e-4 -1 0 -5.02615e-5 0.9999998 0 6.23075e-4 -0.8964847 -0.4416068 0.03603494 0.9999795 0 -0.006402552 1 0 -1.38609e-4 -1 0 4.48594e-5 -1 -9.20252e-5 6.83275e-5 -1 -9.20299e-5 6.83166e-5 -1 -9.20228e-5 6.83323e-5 -1 1.91213e-4 -7.03308e-5 -1 0 4.15531e-6 -1 0 -6.8177e-6 -1 0 -2.99726e-6 -0.8909758 -0.4525474 0.03692054 -0.8887408 0.4505384 0.08458703 -0.5538082 0.5608664 -0.6154067 -0.5857043 -0.6600018 -0.4704765 -0.6900036 -0.1257016 0.7128072 0.5955844 0.4539841 0.6627048 -0.5641564 0.4515473 0.6912544 1 0 1.32454e-5 0.6414961 0.6074948 -0.4684368 0.7113779 0.6773459 -0.1874677 1 0 -9.92526e-7 0.6957283 0.703684 -0.1441911 0.7029882 0.7068117 -0.07889854 1 0 4.549e-6 0.6987653 0.7147144 -0.03017312 1 0 1.64945e-5 1 0 7.75601e-6 0.6972864 0.7159478 0.03479403 1 0 -8.75262e-7 1 0 0 0.7120655 0.6987041 0.06910407 1 0 -2.97438e-7 0.7079507 0.7062619 -5.59627e-6 1 0 2.46174e-6 1 0 7.1659e-6 0.7079507 0.706262 4.53056e-6 0.7079399 0.7062727 1.41292e-5 0.7091323 0.7028317 0.05620533 1 -7.25132e-5 -3.89093e-5 0.7064552 0.7037943 0.07479828 0.693559 0.7123132 0.1076371 1 -6.72361e-5 -3.71445e-5 0.7238091 -0.1142423 0.6804772 -0.5947862 -0.5166985 0.6158345 0.6543664 -0.5645976 -0.5030251 0.6907278 -0.6897611 -0.2170822 0.7009526 -0.7035824 -0.1167789 0.7048479 -0.7054978 -0.07390767 0.7039892 -0.7087671 -0.0452609 0.7054626 -0.6878165 0.1709708 0.7015967 -0.6819022 0.2068127 0.721058 -0.6646849 0.195626 0.6965784 -0.7174378 0.007858693 0.6988429 -0.711227 0.07599163 0.6993824 -0.7019815 0.1344857 0.7104089 -0.683813 0.1664901 0.7000046 -0.6843076 0.2042465 0.6226378 -0.5082891 0.594949 0.02974706 -8.91734e-4 -0.9995571 0.002851068 0.841462 -0.5403089 0.01585817 0.8246317 -0.5654477 -0.008973777 0.9933395 0.1148749 -0.001727581 0.573103 0.8194816 -0.0100975 0.9984814 0.05415749 -0.01429003 -0.9719692 -0.234674 0.01427495 -0.7914748 -0.6110352 -8.66981e-4 -0.967736 -0.2519647 0.00196743 0.9756115 -0.2194957 -0.01036173 0.9879265 -0.1545764 -0.001798033 0.9860611 -0.1663739 -0.02475017 -0.9965383 -0.07936549 -0.006240427 -0.99084 -0.1348966 -0.008990049 -0.996316 -0.08528631 -0.01530361 0.9962903 -0.08468431 -0.005280375 0.9958394 -0.09097373 -0.006695806 0.9993645 -0.03501158 -0.01864516 0.9998263 0 -0.00717175 0.9999744 0 -0.005013108 0.978936 -0.2041058 -0.02712893 -0.9984614 -0.04836106 -0.01025944 -0.9985845 -0.05219048 -0.02693665 -0.9963671 0.08079093 -0.01086622 -0.9999064 0.008310496 -0.01092052 -0.996174 0.08670693 -0.007171809 0.9999744 0 -0.01864558 0.9998261 0 -0.007171809 0.9999744 0 -0.02065402 -0.9919091 -0.1252588 0.09729856 -0.8799682 0.4649614 -0.0225014 -0.9894106 0.1433892 -0.009820818 -0.9880359 0.1539115 -0.01795399 0.9991549 0.03697562 -0.004824697 0.9237423 0.3829842 -0.006921589 0.9991796 0.03990393 0.2069172 -0.9376338 0.2793353 -0.00607264 -0.9743667 0.2248837 -0.0119878 -0.9656556 0.259549 -0.02839559 -0.9995675 0.007655203 -0.01571375 -0.9825393 0.1853904 -0.01864522 0.9998261 0 -0.01789337 0.9993132 -0.03245043 -0.01603639 0.9966709 0.07993817 -0.0142219 0.999893 0.003469288 0.1173069 -0.9648229 0.2352782 0.002151787 -0.9764629 0.2156749 -0.01359516 0.9971302 0.07447516 -0.01172417 0.9996231 -0.02482664 0.005586624 -0.9687801 0.2478586 0.005134224 -0.9837293 0.1795837 0.007212638 -0.6779273 0.7350936 0.006760418 -0.9756184 0.2193697 -0.01096397 0.9981313 0.06011468 -0.003367483 -0.810649 -0.5855228 0.9299957 9.05021e-6 0.3675705 0.9464282 -4.53962e-5 -0.3229145 0.632268 1.0966e-4 -0.7747498 0.03353536 0.7957768 -0.6046609 -0.6883888 0.7174943 0.1064084 0.01714658 -0.9569152 -0.289861 0.01008325 0.9811161 -0.1931571 0.007543444 -0.9949919 -0.09967023 0.006157755 0.9943235 -0.106221 0.003335893 0.9999945 -7.34589e-6 0.01353049 0.9668414 -0.2550193 0.006216824 -0.99812 -0.06097513 0.00437051 -0.9948593 0.101173 0.003335654 0.9999945 8.35568e-6 0.01027381 -0.9875176 -0.1571733 0.004917263 -0.9837167 0.1796587 0.003846168 0.9989114 0.04648798 -0.6957832 -0.6895824 0.2009029 0.005039751 -0.9999366 0.0100739 -0.1894813 -0.8670958 0.4606971 0.003335654 0.9999945 0 0.00425142 0.9991636 -0.04067111 -0.3179019 0.8620534 0.3947181 -0.7116028 -0.6681388 0.2172834 -0.7021824 0.7086011 0.069458 -0.703684 -0.6920886 0.1607551 -0.6914316 -0.694332 0.1995636 -0.7049376 0.7071996 0.05414545 0.03724181 -0.7538796 -0.6559563 0.9459885 -4.53751e-5 -0.3242001 0.005921065 -0.2019612 0.9793757 -9.92806e-4 0.5522682 0.833666 0.005973696 -0.2194288 0.9756103 0.05590766 7.97438e-5 -0.998436 0.9537444 3.48627e-5 -0.3006191 0.941513 2.5084e-6 -0.336977 0.997756 -4.75648e-5 -0.06695497 0.9402579 4.02621e-5 0.3404631 0.9312562 -4.46685e-5 0.3643652 0.007817566 -0.6931305 0.7207697 0.9703496 4.65436e-5 0.2417058 0.9981438 -4.78768e-5 0.06090128 1 0 -2.63186e-6 1 -1.08487e-4 -8.33416e-5 1 -1.16953e-4 -5.39561e-5 1 0 8.38904e-7 1 0 -1.37642e-6 1 0 -8.55672e-7 0.9855857 -4.72744e-5 -0.169177 -0.9999966 0 0.002638638 -0.7754116 0.0648157 -0.6281209 -0.02762502 0.09611129 -0.9949872 -1 4.53912e-5 3.29167e-5 -1 8.93924e-6 6.39389e-5 0.9374148 -0.222237 -0.2680749 0.09880834 -0.06032288 0.9932765 0.9648155 8.36952e-4 -0.2629268 -0.04026108 0.9289786 -0.3679373 0.2872737 0.5161254 0.8069006 -0.05652707 -1.79427e-4 0.9984011 0.8821051 0.3880625 -0.2670171 -0.5596449 -0.5646908 -0.6065657 0.9007683 -0.4268481 0.08010751 1 0 -2.55979e-5 1 0 1.19959e-4 -0.9999997 0 7.98483e-4 1 0 -5.02692e-5 -0.9999998 0 6.23075e-4 0.8964847 0.4416069 0.03603494 -0.9999763 0 -0.006896734 -1 0 -1.38833e-4 1 0 2.24285e-5 1 9.2025e-5 6.83278e-5 1 9.20293e-5 6.83173e-5 1 9.20236e-5 6.83311e-5 1 -1.91215e-4 -7.03318e-5 1 0 -4.15527e-6 0.8909757 0.4525477 0.03691935 0.8887418 -0.4505361 0.08458888 0.5538089 -0.5608698 -0.6154031 0.5857049 0.6600016 -0.4704761 -0.006573975 -0.001516938 -0.9999772 -0.9999997 0 -8.01282e-4 -0.9999999 -3.8876e-4 -2.54038e-4 0.9999891 0 0.004672825 0.006577908 0.001535654 -0.9999772 0.9999997 0 -8.01282e-4 0.9999999 3.88773e-4 -2.54048e-4 -0.9999891 0 0.004672825</float_array>
          <technique_common>
            <accessor source="#Cylinder_005-mesh-normals-array" count="372" stride="3">
              <param name="X" type="float"/>
              <param name="Y" type="float"/>
              <param name="Z" type="float"/>
            </accessor>
          </technique_common>
        </source>
        <source id="Cylinder_005-mesh-map">
          <float_array id="Cylinder_005-mesh-map-array" count="3588">0.1404489 0.780141 0.0276277 0.7608025 0.1404498 0.7805171 0.02658212 0.2389522 0.02650099 0.1984524 0.02658212 0.2389522 0.02678847 0.3415119 0.02666407 0.2794529 0.02678847 0.3415119 0.02686893 0.3817403 0.02678847 0.3415119 0.02686893 0.3817403 0.02666407 0.2794529 0.02658212 0.2389522 0.02666407 0.2794529 0.02711081 0.5024268 0.02718192 0.537943 0.02720147 0.5477315 0.02731239 0.6030706 0.02734315 0.6184002 0.02742487 0.6592099 0.02686893 0.3817403 0.02694958 0.4219688 0.02694958 0.4219688 0.02703016 0.4621993 0.02694958 0.4219688 0.02703016 0.4621993 0.02711081 0.5024268 0.02703016 0.4621993 0.02711081 0.5024268 0.02742487 0.6592099 0.02751439 0.7038956 0.02754724 0.7203342 0.02720147 0.5477315 0.02725315 0.5734573 0.02731239 0.6030706 0.02754724 0.7203342 0.02758616 0.7401447 0.0275985 0.7462499 0.0275985 0.7462499 0.0276277 0.7608025 0.02762693 0.7604519 0.1404489 0.7797622 0.02762693 0.7604519 0.1404489 0.780141 0.02650099 0.1984524 0.02658212 0.2389522 0.02658212 0.2389522 0.02666407 0.2794529 0.02678847 0.3415119 0.02678847 0.3415119 0.02678847 0.3415119 0.02686893 0.3817403 0.02686893 0.3817403 0.02658212 0.2389522 0.02666407 0.2794529 0.02666407 0.2794529 0.0272212 0.5575189 0.02711081 0.5024268 0.02720147 0.5477315 0.0273717 0.6326836 0.02742487 0.6592099 0.0275067 0.7000176 0.02686893 0.3817403 0.02694958 0.4219688 0.02694958 0.4219688 0.02703016 0.4621993 0.02694958 0.4219688 0.02703016 0.4621993 0.02711081 0.5024268 0.02703016 0.4621993 0.02711081 0.5024268 0.0275067 0.7000176 0.02754724 0.7203342 0.02758038 0.7367711 0.0272212 0.5575189 0.02731239 0.6030706 0.0273717 0.6326836 0.02758038 0.7367711 0.0275985 0.7462499 0.02761059 0.752355 0.02761059 0.752355 0.02762693 0.7604519 0.02762609 0.7601004 0.8219954 0.01046115 0.8848573 0.02343624 0.8220255 0.02540504 0.8865695 0.8783058 0.823798 0.9103093 0.8237329 0.8778019 0.8849853 0.08734983 0.8220255 0.02540767 0.8221532 0.08913612 0.8221532 0.08913612 0.8851131 0.1512653 0.822281 0.1528658 0.8853092 0.2492026 0.822281 0.1528658 0.822476 0.2505215 0.822281 0.1528658 0.8853092 0.2492026 0.822476 0.2505215 0.8226031 0.313825 0.8855637 0.3761786 0.8227301 0.3771281 0.8220255 0.02540504 0.8849853 0.08734983 0.8221532 0.08913612 0.8854365 0.3126912 0.822476 0.2505215 0.8226031 0.313825 0.8856908 0.439666 0.8227301 0.3771281 0.822857 0.4404316 0.822857 0.4404316 0.8858178 0.5031536 0.8229842 0.5037341 0.8851131 0.1512653 0.8221532 0.08913612 0.822281 0.1528658 0.8231579 0.5904247 0.8858178 0.5031536 0.8229842 0.5037341 0.8859302 0.559201 0.823208 0.6155065 0.823096 0.5596197 0.823607 0.8146574 0.8862302 0.7087152 0.8233945 0.7087026 0.8855637 0.3761786 0.8226031 0.313825 0.8227301 0.3771281 0.8233945 0.7087026 0.8859925 0.590095 0.8231579 0.5904247 0.8227301 0.3771281 0.8856908 0.439666 0.822857 0.4404316 0.822476 0.2505215 0.8854365 0.3126912 0.8226031 0.313825 0.8229842 0.5037341 0.8856908 0.439666 0.822857 0.4404316 0.8229842 0.5037341 0.8859302 0.559201 0.823096 0.5596197 0.886043 0.6152487 0.8233498 0.6862275 0.823208 0.6155065 0.8237228 0.8724928 0.8864429 0.8149788 0.823607 0.8146574 0.8861851 0.686176 0.8236193 0.8207613 0.8233498 0.6862275 0.8237714 0.8970138 0.8865591 0.8729833 0.8237228 0.8724928 0.8237958 0.9092047 0.8866083 0.897575 0.8237714 0.8970138 0.8864554 0.821102 0.8237329 0.8778019 0.8236193 0.8207613 0.8848573 0.02343624 0.8219954 0.01046115 0.8220255 0.02540767 0.8237329 0.8778019 0.8236193 0.8207613 0.8236193 0.8207613 0.8233945 0.7087026 0.823607 0.8146574 0.823607 0.8146574 0.02648186 0.1889548 0.1392382 0.1754651 0.02650099 0.1984524 0.1404051 0.7582928 0.0276277 0.7608025 0.02758616 0.7401447 0.02650099 0.1984524 0.1393256 0.2190397 0.1392382 0.1754651 0.02658212 0.2389522 0.1394128 0.2626158 0.02666407 0.2794529 0.1395466 0.3293879 0.02666407 0.2794529 0.02678847 0.3415119 0.02666407 0.2794529 0.1395466 0.3293879 0.02678847 0.3415119 0.02686893 0.3817403 0.1397199 0.4159545 0.02694958 0.4219688 0.02650099 0.1984524 0.1393256 0.2190397 0.02658212 0.2389522 0.1396331 0.3726707 0.02678847 0.3415119 0.02686893 0.3817403 0.1398067 0.4592404 0.02694958 0.4219688 0.02703016 0.4621993 0.02703016 0.4621993 0.1398935 0.5025231 0.02711081 0.5024268 0.1394128 0.2626158 0.02658212 0.2389522 0.02666407 0.2794529 0.0272212 0.5575189 0.1398935 0.5025231 0.02711081 0.5024268 0.13997 0.5407339 0.02725315 0.5734573 0.02718192 0.537943 0.0275067 0.7000176 0.1401741 0.6426684 0.0273717 0.6326836 0.1397199 0.4159545 0.02686893 0.3817403 0.02694958 0.4219688 0.0273717 0.6326836 0.1400122 0.561798 0.0272212 0.5575189 0.02694958 0.4219688 0.1398067 0.4592404 0.02703016 0.4621993 0.02678847 0.3415119 0.1396331 0.3726707 0.02686893 0.3817403 0.1398935 0.5025231 0.02703016 0.4621993 0.02711081 0.5024268 0.1398935 0.5025231 0.02718192 0.537943 0.02711081 0.5024268 0.1400465 0.5789462 0.02734315 0.6184002 0.02725315 0.5734573 0.02758038 0.7367711 0.1403194 0.7151169 0.0275067 0.7000176 0.1401433 0.6273017 0.02751439 0.7038956 0.02734315 0.6184002 0.02761059 0.752355 0.1403986 0.7546613 0.02758038 0.7367711 0.02762609 0.7601004 0.1404315 0.7714282 0.02761059 0.752355 0.1403277 0.7192907 0.02758616 0.7401447 0.02751439 0.7038956 0.1392382 0.1754651 0.02648186 0.1889548 0.02650099 0.1984524 0.8231579 0.5904247 0.8233945 0.7087026 0.8233945 0.7087026 0.8237966 0.9097556 0.886635 0.9109091 0.886634 0.9103539 0.1392176 0.165246 0.8220255 0.02540504 0.1392382 0.1754651 0.1393256 0.2190397 0.822281 0.1528658 0.1394128 0.2626158 0.1392382 0.1754651 0.8221532 0.08913612 0.1393256 0.2190397 0.8237228 0.8724928 0.8237714 0.8970138 0.8237714 0.8970138 0.1396331 0.3726707 0.8227301 0.3771281 0.1397199 0.4159545 0.822281 0.1528658 0.1393256 0.2190397 0.1394128 0.2626158 0.823607 0.8146574 0.8237228 0.8724928 0.8237228 0.8724928 0.1394128 0.2626158 0.822476 0.2505215 0.1395466 0.3293879 0.8229842 0.5037341 0.1398067 0.4592404 0.1398935 0.5025231 0.823208 0.6155065 0.8231579 0.5904247 0.8231579 0.5904247 0.1397199 0.4159545 0.822857 0.4404316 0.1398067 0.4592404 0.823798 0.9103093 0.8237329 0.8778019 0.8237329 0.8778019 0.822476 0.2505215 0.1394128 0.2626158 0.1395466 0.3293879 0.8236193 0.8207613 0.8233498 0.6862275 0.8233498 0.6862275 0.8237958 0.9092047 0.886634 0.9103539 0.8866327 0.9098005 0.823096 0.5596197 0.1400465 0.5789462 0.13997 0.5407339 0.1398067 0.4592404 0.8229842 0.5037341 0.1398935 0.5025231 0.8233498 0.6862275 0.823208 0.6155065 0.823208 0.6155065 0.8227301 0.3771281 0.1396331 0.3726707 0.1397199 0.4159545 0.8237966 0.9097556 0.823798 0.9103093 0.823798 0.9103093 0.8237329 0.8778019 0.823798 0.9103093 0.8237966 0.9097556 0.8237329 0.8778019 0.8237966 0.9097556 0.8237714 0.8970138 0.8237329 0.8778019 0.8237714 0.8970138 0.8237228 0.8724928 0.8236193 0.8207613 0.8237329 0.8778019 0.8237228 0.8724928 0.8236193 0.8207613 0.8237228 0.8724928 0.823607 0.8146574 0.8236193 0.8207613 0.823607 0.8146574 0.8233498 0.6862275 0.823607 0.8146574 0.8233945 0.7087026 0.8233498 0.6862275 0.8233945 0.7087026 0.8231579 0.5904247 0.8233498 0.6862275 0.8231579 0.5904247 0.823208 0.6155065 0.8233498 0.6862275 0.8229842 0.5037341 0.13997 0.5407339 0.1398935 0.5025231 0.8237714 0.8970138 0.8237966 0.9097556 0.8237966 0.9097556 0.8221532 0.08913612 0.1392382 0.1754651 0.1393256 0.2190397 0.1395466 0.3293879 0.8226031 0.313825 0.1396331 0.3726707 0.8226031 0.313825 0.1395466 0.3293879 0.1396331 0.3726707 0.8220255 0.02540767 0.1392176 0.165246 0.1392382 0.1754651 0.822857 0.4404316 0.1397199 0.4159545 0.1398067 0.4592404 0.1404489 0.780141 0.1404498 0.7805171 0.1404051 0.7582928 0.1404489 0.7797622 0.1404489 0.780141 0.1404051 0.7582928 0.1404489 0.7797622 0.1404051 0.7582928 0.1404315 0.7714282 0.1404051 0.7582928 0.1403986 0.7546613 0.1404315 0.7714282 0.1404051 0.7582928 0.1403277 0.7192907 0.1403986 0.7546613 0.1403277 0.7192907 0.1403194 0.7151169 0.1403986 0.7546613 0.1403277 0.7192907 0.1401433 0.6273017 0.1403194 0.7151169 0.1401433 0.6273017 0.1401741 0.6426684 0.1403194 0.7151169 0.1401433 0.6273017 0.1400122 0.561798 0.1401741 0.6426684 0.1401433 0.6273017 0.1400465 0.5789462 0.1400122 0.561798 0.8231579 0.5904247 0.1400465 0.5789462 0.823208 0.6155065 0.1400122 0.561798 0.8229842 0.5037341 0.1398935 0.5025231 0.782352 0.5265905 0.7823529 0.5270999 0.782293 0.4971266 0.7823285 0.5148414 0.782352 0.5265905 0.782293 0.4971266 0.7822843 0.4922308 0.7823285 0.5148414 0.782293 0.4971266 0.7821884 0.4445275 0.7822843 0.4922308 0.782293 0.4971266 0.7821884 0.4445275 0.7821773 0.4389016 0.7822843 0.4922308 0.7821884 0.4445275 0.7819402 0.320474 0.7821773 0.4389016 0.7819402 0.320474 0.7819817 0.3411988 0.7821773 0.4389016 0.7819402 0.320474 0.7817631 0.2321344 0.7819817 0.3411988 0.7819402 0.320474 0.7818093 0.255261 0.7817631 0.2321344 0.7819402 0.320474 0.7818093 0.255261 0.7818093 0.255261 0.7819817 0.3411988 0.7817631 0.2321344 0.7819817 0.3411988 0.782293 0.4971266 0.7821884 0.4445275 0.7821884 0.4445275 0.7821773 0.4389016 0.7819817 0.3411988 0.7821773 0.4389016 0.7822843 0.4922308 0.7823285 0.5148414 0.7823285 0.5148414 0.7823529 0.5270999 0.782293 0.4971266 0.782293 0.4971266 0.7822843 0.4922308 0.7821773 0.4389016 0.7822843 0.4922308 0.7818093 0.255261 0.7817631 0.2321344 0.7817631 0.2321344 0.7821884 0.4445275 0.7819402 0.320474 0.7819402 0.320474 0.782352 0.5265905 0.7823529 0.5270999 0.7823529 0.5270999 0.7823285 0.5148414 0.782352 0.5265918 0.782352 0.5265905 0.09528344 0.3940198 0.09532773 0.4161501 0.09532696 0.4157751 0.09528344 0.3940198 0.09532696 0.4157751 0.09530955 0.4070991 0.09528344 0.3940198 0.09530955 0.4070991 0.09527748 0.3904058 0.09520679 0.3551886 0.09528344 0.3940198 0.09527748 0.3904058 0.09520679 0.3551886 0.09527748 0.3904058 0.09519857 0.3510329 0.09520679 0.3551886 0.09519857 0.3510329 0.09502345 0.2636002 0.09519857 0.3510329 0.09505409 0.2788995 0.09502345 0.2636002 0.09505409 0.2788995 0.09489268 0.1983784 0.09502345 0.2636002 0.09489268 0.1983784 0.09492695 0.2154539 0.09502345 0.2636002 0.7818093 0.255261 0.09502345 0.2636002 0.09492695 0.2154539 0.7817631 0.2321344 0.09505409 0.2788995 0.7819817 0.3411988 0.7817631 0.2321344 0.09492695 0.2154539 0.09489268 0.1983784 0.8188487 0.8291314 0.9315893 0.8081024 0.8188496 0.8295075 0.9305437 0.286252 0.9304623 0.2457522 0.9305437 0.286252 0.9307487 0.3888097 0.9306245 0.3267529 0.9307487 0.3888116 0.9308292 0.4290402 0.9307487 0.3888116 0.9308292 0.4290402 0.9306245 0.3267529 0.9305437 0.286252 0.9306245 0.3267529 0.9310711 0.5497266 0.9311422 0.5852429 0.9311618 0.5950314 0.9312725 0.6503706 0.9313032 0.6656998 0.9313856 0.7065097 0.9308292 0.4290402 0.93091 0.4692687 0.93091 0.4692687 0.9309903 0.5094993 0.93091 0.4692687 0.9309903 0.5094993 0.9310711 0.5497266 0.9309903 0.5094993 0.9310711 0.5497266 0.9313856 0.7065097 0.9314745 0.7511953 0.9315078 0.7676337 0.9311618 0.5950314 0.9312133 0.6207571 0.9312725 0.6503706 0.9315078 0.7676337 0.9315483 0.7874446 0.9315603 0.7935497 0.9315603 0.7935497 0.9315893 0.8081024 0.9315891 0.8077518 0.8188479 0.8287526 0.9315891 0.8077518 0.8188487 0.8291314 0.9304623 0.2457522 0.9305437 0.286252 0.9305437 0.286252 0.9306245 0.3267529 0.9307487 0.3888097 0.9307487 0.3888097 0.9307487 0.3888097 0.9308292 0.4290402 0.9308292 0.4290402 0.9305437 0.286252 0.9306245 0.3267529 0.9306245 0.3267529 0.9311817 0.6048185 0.9310711 0.5497266 0.9311618 0.5950314 0.9313322 0.6799831 0.9313856 0.7065097 0.9314669 0.7473173 0.9308292 0.4290402 0.93091 0.4692687 0.93091 0.4692687 0.9309903 0.5094993 0.93091 0.4692687 0.9309903 0.5094993 0.9310711 0.5497266 0.9309903 0.5094993 0.9310711 0.5497266 0.9314669 0.7473173 0.9315078 0.7676337 0.9315407 0.784071 0.9311817 0.6048185 0.9312725 0.6503706 0.9313322 0.6799831 0.9315407 0.784071 0.9315603 0.7935497 0.9315728 0.7996549 0.9315728 0.7996549 0.9315891 0.8077518 0.9315884 0.8074002 0.1342391 0.06968981 0.07143139 0.08360683 0.1342689 0.08463382 0.07314443 0.9384765 0.1360425 0.9695382 0.1359773 0.9370308 0.07155936 0.1475203 0.1342689 0.0846365 0.1343965 0.1483649 0.1343971 0.1483649 0.07168698 0.2114359 0.1345243 0.2120946 0.07188397 0.3093732 0.1345243 0.2120946 0.1347202 0.3097504 0.1345243 0.2120946 0.07188397 0.3093732 0.1347202 0.309748 0.1348466 0.3730538 0.07213795 0.4363493 0.1349737 0.4363569 0.1342689 0.08463382 0.07155936 0.1475203 0.1343971 0.1483649 0.07201075 0.3728618 0.1347202 0.3097504 0.1348466 0.3730538 0.07226526 0.4998366 0.1349737 0.4363569 0.1351003 0.4996603 0.1351003 0.4996603 0.07239258 0.5633243 0.1352272 0.562963 0.07168698 0.2114359 0.1343965 0.1483649 0.1345243 0.2120946 0.1354008 0.6496534 0.07239258 0.5633243 0.1352272 0.562963 0.07250475 0.6193714 0.1354513 0.6747351 0.1353393 0.6188484 0.1358502 0.8738861 0.07280397 0.7688856 0.1356379 0.7679315 0.07213795 0.4363493 0.1348466 0.3730538 0.1349737 0.4363569 0.1356379 0.7679315 0.07256621 0.6502655 0.1354008 0.6496534 0.1349737 0.4363569 0.07226526 0.4998366 0.1351003 0.4996603 0.1347202 0.309748 0.07201075 0.3728618 0.1348466 0.3730538 0.1352272 0.562963 0.07226526 0.4998366 0.1351003 0.4996603 0.1352272 0.562963 0.07250475 0.6193714 0.1353393 0.6188484 0.07261675 0.6754193 0.1355926 0.7454563 0.1354513 0.6747351 0.1359661 0.9317214 0.07301676 0.8751494 0.1358502 0.8738861 0.07275873 0.7463466 0.1358621 0.8799901 0.1355926 0.7454563 0.1360157 0.9562425 0.07313311 0.9331538 0.1359661 0.9317214 0.1360397 0.9684332 0.07318305 0.9577457 0.1360157 0.9562425 0.07302922 0.8812723 0.1359773 0.9370308 0.1358621 0.8799901 0.07143139 0.08360683 0.1342391 0.06968981 0.1342689 0.0846365 0.1359773 0.9370308 0.1358621 0.8799901 0.1358621 0.8799901 0.1356379 0.7679315 0.1358502 0.8738861 0.1358502 0.8738861 0.9304437 0.2362532 0.8176375 0.2244554 0.9304623 0.2457522 0.8188052 0.8072806 0.9315893 0.8081024 0.9315483 0.7874446 0.8177247 0.2680301 0.9304623 0.2457522 0.9305437 0.286252 0.9305437 0.286252 0.8178116 0.311606 0.9306245 0.3267529 0.8179453 0.3783782 0.9306245 0.3267529 0.9307487 0.3888097 0.9306245 0.3267529 0.8179453 0.3783782 0.9307487 0.3888116 0.9308292 0.4290402 0.8181193 0.4649449 0.93091 0.4692687 0.9304623 0.2457522 0.8177247 0.2680301 0.9305437 0.286252 0.8180321 0.4216609 0.9307487 0.3888097 0.9308292 0.4290402 0.8182056 0.5082305 0.93091 0.4692687 0.9309903 0.5094993 0.9309903 0.5094993 0.8182919 0.5515131 0.9310711 0.5497266 0.8178116 0.311606 0.9305437 0.286252 0.9306245 0.3267529 0.9311817 0.6048185 0.8182919 0.5515131 0.9310711 0.5497266 0.8183686 0.5897241 0.9312133 0.6207571 0.9311422 0.5852429 0.9314669 0.7473173 0.8185727 0.6916587 0.9313322 0.6799831 0.8181193 0.4649449 0.9308292 0.4290402 0.93091 0.4692687 0.9313322 0.6799831 0.8184108 0.6107882 0.9311817 0.6048185 0.93091 0.4692687 0.8182056 0.5082291 0.9309903 0.5094993 0.9307487 0.3888116 0.8180321 0.4216609 0.9308292 0.4290402 0.8182919 0.5515131 0.9309903 0.5094993 0.9310711 0.5497266 0.8182919 0.5515131 0.9311422 0.5852429 0.9310711 0.5497266 0.8184449 0.6279363 0.9313032 0.6656998 0.9312133 0.6207571 0.9315407 0.784071 0.8187175 0.7641069 0.9314669 0.7473173 0.8185423 0.6762918 0.9314745 0.7511953 0.9313032 0.6656998 0.9315728 0.7996549 0.8187968 0.8036517 0.9315407 0.784071 0.9315884 0.8074002 0.8188316 0.8204187 0.9315728 0.7996549 0.8187264 0.768281 0.9315483 0.7874446 0.9314745 0.7511953 0.8176375 0.2244554 0.9304437 0.2362532 0.9304623 0.2457522 0.1354008 0.6496534 0.1356379 0.7679315 0.1356379 0.7679315 0.1360412 0.9689846 0.07320976 0.9710797 0.07320863 0.9705244 0.8176169 0.2142363 0.1342689 0.08463382 0.8176375 0.2244554 0.8177247 0.2680301 0.1345243 0.2120946 0.8178116 0.311606 0.8176375 0.2244554 0.1343971 0.1483649 0.8177247 0.2680301 0.1359661 0.9317214 0.1360157 0.9562425 0.1360157 0.9562425 0.8180321 0.4216609 0.1349737 0.4363569 0.8181193 0.4649449 0.1345243 0.2120946 0.8177247 0.2680301 0.8178116 0.311606 0.1358502 0.8738861 0.1359661 0.9317214 0.1359661 0.9317214 0.8178116 0.311606 0.1347202 0.309748 0.8179453 0.3783782 0.1352272 0.562963 0.8182056 0.5082305 0.8182919 0.5515131 0.1354513 0.6747351 0.1354008 0.6496534 0.1354008 0.6496534 0.8181193 0.4649449 0.1351003 0.4996603 0.8182056 0.5082291 0.1360425 0.9695382 0.1359773 0.9370308 0.1359773 0.9370308 0.1347202 0.3097504 0.8178116 0.311606 0.8179453 0.3783782 0.1358621 0.8799901 0.1355926 0.7454563 0.1355926 0.7454563 0.1360397 0.9684332 0.07320863 0.9705244 0.07320737 0.9699708 0.1353393 0.6188484 0.8184449 0.6279363 0.8183686 0.5897241 0.8182056 0.5082291 0.1352272 0.562963 0.8182919 0.5515131 0.1355926 0.7454563 0.1354513 0.6747351 0.1354513 0.6747351 0.1349737 0.4363569 0.8180321 0.4216609 0.8181193 0.4649449 0.1360412 0.9689846 0.1360425 0.9695382 0.1360425 0.9695382 0.1359773 0.9370308 0.1360425 0.9695382 0.1360412 0.9689846 0.1359773 0.9370308 0.1360412 0.9689846 0.1360157 0.9562425 0.1359773 0.9370308 0.1360157 0.9562425 0.1359661 0.9317214 0.1358621 0.8799901 0.1359773 0.9370308 0.1359661 0.9317214 0.1358621 0.8799901 0.1359661 0.9317214 0.1358502 0.8738861 0.1358621 0.8799901 0.1358502 0.8738861 0.1355926 0.7454563 0.1358502 0.8738861 0.1356379 0.7679315 0.1355926 0.7454563 0.1356379 0.7679315 0.1354008 0.6496534 0.1355926 0.7454563 0.1354008 0.6496534 0.1354513 0.6747351 0.1355926 0.7454563 0.1352272 0.562963 0.8183686 0.5897241 0.8182919 0.5515131 0.1360157 0.9562425 0.1360412 0.9689846 0.1360412 0.9689846 0.1343965 0.1483649 0.8176375 0.2244554 0.8177247 0.2680301 0.8179453 0.3783782 0.1348466 0.3730538 0.8180321 0.4216609 0.1348466 0.3730538 0.8179453 0.3783782 0.8180321 0.4216609 0.1342689 0.0846365 0.8176169 0.2142363 0.8176375 0.2244554 0.1351003 0.4996603 0.8181193 0.4649449 0.8182056 0.5082305 0.8188487 0.8291314 0.8188496 0.8295075 0.8188052 0.8072806 0.8188479 0.8287526 0.8188487 0.8291314 0.8188052 0.8072806 0.8188479 0.8287526 0.8188052 0.8072806 0.8188316 0.8204187 0.8188052 0.8072806 0.8187968 0.8036517 0.8188316 0.8204187 0.8188052 0.8072806 0.8187264 0.768281 0.8187968 0.8036517 0.8187264 0.768281 0.8187175 0.7641069 0.8187968 0.8036517 0.8187264 0.768281 0.8185423 0.6762918 0.8187175 0.7641069 0.8185423 0.6762918 0.8185727 0.6916587 0.8187175 0.7641069 0.8185423 0.6762918 0.8184108 0.6107882 0.8185727 0.6916587 0.8185423 0.6762918 0.8184449 0.6279363 0.8184108 0.6107882 0.1354008 0.6496534 0.8184449 0.6279363 0.1354513 0.6747351 0.8184108 0.6107882 0.1352272 0.562963 0.8182919 0.5515131 0.1368148 0.641125 0.136816 0.6416399 0.1367551 0.611344 0.1367912 0.6292495 0.1368148 0.641125 0.1367551 0.611344 0.1367446 0.6063956 0.1367912 0.6292495 0.1367551 0.611344 0.1366482 0.5581784 0.1367446 0.6063956 0.1367551 0.611344 0.1366482 0.5581784 0.1366366 0.5524922 0.1367446 0.6063956 0.1366482 0.5581784 0.1363968 0.4327893 0.1366366 0.5524922 0.1363968 0.4327893 0.1364387 0.4537371 0.1366366 0.5524922 0.1363968 0.4327893 0.136218 0.3434986 0.1364387 0.4537371 0.1363968 0.4327893 0.1362647 0.3668741 0.136218 0.3434986 0.1363968 0.4327893 0.1362647 0.3668741 0.1362647 0.3668741 0.1364387 0.4537371 0.136218 0.3434986 0.1364387 0.4537371 0.1367551 0.611344 0.1366482 0.5581784 0.1366482 0.5581784 0.1366366 0.5524922 0.1364387 0.4537371 0.1366366 0.5524922 0.1367446 0.6063956 0.1367912 0.6292495 0.1367912 0.6292495 0.136816 0.6416399 0.1367551 0.611344 0.1367551 0.611344 0.1367446 0.6063956 0.1366366 0.5524922 0.1367446 0.6063956 0.1362647 0.3668741 0.136218 0.3434986 0.136218 0.3434986 0.1366482 0.5581784 0.1363968 0.4327893 0.1363968 0.4327893 0.1368148 0.641125 0.136816 0.6416399 0.136816 0.6416399 0.1367912 0.6292495 0.1368148 0.641125 0.1368148 0.641125 0.8307236 0.4967216 0.8307683 0.5190905 0.8307673 0.5187113 0.8307236 0.4967216 0.8307673 0.5187113 0.8307499 0.5099423 0.8307236 0.4967216 0.8307499 0.5099423 0.8307151 0.493069 0.8306439 0.4574727 0.8307236 0.4967216 0.8307151 0.493069 0.8306439 0.4574727 0.8307151 0.493069 0.8306356 0.4532724 0.8306439 0.4574727 0.8306356 0.4532724 0.8304584 0.3648977 0.8306356 0.4532724 0.8304895 0.3803622 0.8304584 0.3648977 0.8304895 0.3803622 0.8303266 0.298974 0.8304584 0.3648977 0.8303266 0.298974 0.830361 0.3162322 0.8304584 0.3648977 0.1362647 0.3668741 0.8304584 0.3648977 0.830361 0.3162322 0.136218 0.3434986 0.8304895 0.3803622 0.1364387 0.4537371 0.136218 0.3434986 0.830361 0.3162322 0.8303266 0.298974 0.1404489 0.780141 0.02762693 0.7604519 0.0276277 0.7608025 0.02658212 0.2389522 0.02648186 0.1889548 0.02650099 0.1984524 0.02678847 0.3415119 0.02666407 0.2794529 0.02666407 0.2794529 0.02686893 0.3817403 0.02678847 0.3415119 0.02678847 0.3415119 0.02666407 0.2794529 0.02658212 0.2389522 0.02658212 0.2389522 0.02711081 0.5024268 0.02711081 0.5024268 0.02718192 0.537943 0.02731239 0.6030706 0.02725315 0.5734573 0.02734315 0.6184002 0.02686893 0.3817403 0.02686893 0.3817403 0.02694958 0.4219688 0.02703016 0.4621993 0.02694958 0.4219688 0.02694958 0.4219688 0.02711081 0.5024268 0.02703016 0.4621993 0.02703016 0.4621993 0.02742487 0.6592099 0.02734315 0.6184002 0.02751439 0.7038956 0.02720147 0.5477315 0.02718192 0.537943 0.02725315 0.5734573 0.02754724 0.7203342 0.02751439 0.7038956 0.02758616 0.7401447 0.0275985 0.7462499 0.02758616 0.7401447 0.0276277 0.7608025 0.1404489 0.7797622 0.02762609 0.7601004 0.02762693 0.7604519 0.02650099 0.1984524 0.02648186 0.1889548 0.02658212 0.2389522 0.02666407 0.2794529 0.02666407 0.2794529 0.02678847 0.3415119 0.02678847 0.3415119 0.02678847 0.3415119 0.02686893 0.3817403 0.02658212 0.2389522 0.02658212 0.2389522 0.02666407 0.2794529 0.0272212 0.5575189 0.02711081 0.5024268 0.02711081 0.5024268 0.0273717 0.6326836 0.02731239 0.6030706 0.02742487 0.6592099 0.02686893 0.3817403 0.02686893 0.3817403 0.02694958 0.4219688 0.02703016 0.4621993 0.02694958 0.4219688 0.02694958 0.4219688 0.02711081 0.5024268 0.02703016 0.4621993 0.02703016 0.4621993 0.0275067 0.7000176 0.02742487 0.6592099 0.02754724 0.7203342 0.0272212 0.5575189 0.02720147 0.5477315 0.02731239 0.6030706 0.02758038 0.7367711 0.02754724 0.7203342 0.0275985 0.7462499 0.02761059 0.752355 0.0275985 0.7462499 0.02762693 0.7604519 0.8219954 0.01046115 0.8848273 0.008444905 0.8848573 0.02343624 0.8865695 0.8783058 0.886635 0.9109091 0.823798 0.9103093 0.8849853 0.08734983 0.8848573 0.02343624 0.8220255 0.02540767 0.8221532 0.08913612 0.8849853 0.08734983 0.8851131 0.1512653 0.8853092 0.2492026 0.8851131 0.1512653 0.822281 0.1528658 0.822281 0.1528658 0.8851131 0.1512653 0.8853092 0.2492026 0.8226031 0.313825 0.8854365 0.3126912 0.8855637 0.3761786 0.8220255 0.02540504 0.8848573 0.02343624 0.8849853 0.08734983 0.8854365 0.3126912 0.8853092 0.2492026 0.822476 0.2505215 0.8856908 0.439666 0.8855637 0.3761786 0.8227301 0.3771281 0.822857 0.4404316 0.8856908 0.439666 0.8858178 0.5031536 0.8851131 0.1512653 0.8849853 0.08734983 0.8221532 0.08913612 0.8231579 0.5904247 0.8859925 0.590095 0.8858178 0.5031536 0.8859302 0.559201 0.886043 0.6152487 0.823208 0.6155065 0.823607 0.8146574 0.8864429 0.8149788 0.8862302 0.7087152 0.8855637 0.3761786 0.8854365 0.3126912 0.8226031 0.313825 0.8233945 0.7087026 0.8862302 0.7087152 0.8859925 0.590095 0.8227301 0.3771281 0.8855637 0.3761786 0.8856908 0.439666 0.822476 0.2505215 0.8853092 0.2492026 0.8854365 0.3126912 0.8229842 0.5037341 0.8858178 0.5031536 0.8856908 0.439666 0.8229842 0.5037341 0.8858178 0.5031536 0.8859302 0.559201 0.886043 0.6152487 0.8861851 0.686176 0.8233498 0.6862275 0.8237228 0.8724928 0.8865591 0.8729833 0.8864429 0.8149788 0.8861851 0.686176 0.8864554 0.821102 0.8236193 0.8207613 0.8237714 0.8970138 0.8866083 0.897575 0.8865591 0.8729833 0.8237958 0.9092047 0.8866327 0.9098005 0.8866083 0.897575 0.8864554 0.821102 0.8865695 0.8783058 0.8237329 0.8778019 0.8848573 0.02343624 0.8848273 0.008444905 0.8219954 0.01046115 0.8237329 0.8778019 0.8237329 0.8778019 0.8236193 0.8207613 0.8233945 0.7087026 0.8233945 0.7087026 0.823607 0.8146574 0.02648186 0.1889548 0.1392176 0.165246 0.1392382 0.1754651 0.1404051 0.7582928 0.1404498 0.7805171 0.0276277 0.7608025 0.02650099 0.1984524 0.02658212 0.2389522 0.1393256 0.2190397 0.02658212 0.2389522 0.1393256 0.2190397 0.1394128 0.2626158 0.1395466 0.3293879 0.1394128 0.2626158 0.02666407 0.2794529 0.02666407 0.2794529 0.1394128 0.2626158 0.1395466 0.3293879 0.02686893 0.3817403 0.1396331 0.3726707 0.1397199 0.4159545 0.02650099 0.1984524 0.1392382 0.1754651 0.1393256 0.2190397 0.1396331 0.3726707 0.1395466 0.3293879 0.02678847 0.3415119 0.1398067 0.4592404 0.1397199 0.4159545 0.02694958 0.4219688 0.02703016 0.4621993 0.1398067 0.4592404 0.1398935 0.5025231 0.1394128 0.2626158 0.1393256 0.2190397 0.02658212 0.2389522 0.0272212 0.5575189 0.1400122 0.561798 0.1398935 0.5025231 0.13997 0.5407339 0.1400465 0.5789462 0.02725315 0.5734573 0.0275067 0.7000176 0.1403194 0.7151169 0.1401741 0.6426684 0.1397199 0.4159545 0.1396331 0.3726707 0.02686893 0.3817403 0.0273717 0.6326836 0.1401741 0.6426684 0.1400122 0.561798 0.02694958 0.4219688 0.1397199 0.4159545 0.1398067 0.4592404 0.02678847 0.3415119 0.1395466 0.3293879 0.1396331 0.3726707 0.1398935 0.5025231 0.1398067 0.4592404 0.02703016 0.4621993 0.1398935 0.5025231 0.13997 0.5407339 0.02718192 0.537943 0.1400465 0.5789462 0.1401433 0.6273017 0.02734315 0.6184002 0.02758038 0.7367711 0.1403986 0.7546613 0.1403194 0.7151169 0.1401433 0.6273017 0.1403277 0.7192907 0.02751439 0.7038956 0.02761059 0.752355 0.1404315 0.7714282 0.1403986 0.7546613 0.02762609 0.7601004 0.1404489 0.7797622 0.1404315 0.7714282 0.1403277 0.7192907 0.1404051 0.7582928 0.02758616 0.7401447 0.1392382 0.1754651 0.1392176 0.165246 0.02648186 0.1889548 0.8231579 0.5904247 0.8231579 0.5904247 0.8233945 0.7087026 0.8237966 0.9097556 0.823798 0.9103093 0.886635 0.9109091 0.1392176 0.165246 0.8219954 0.01046115 0.8220255 0.02540504 0.1393256 0.2190397 0.8221532 0.08913612 0.822281 0.1528658 0.1392382 0.1754651 0.8220255 0.02540504 0.8221532 0.08913612 0.8237228 0.8724928 0.8237228 0.8724928 0.8237714 0.8970138 0.1396331 0.3726707 0.8226031 0.313825 0.8227301 0.3771281 0.822281 0.1528658 0.8221532 0.08913612 0.1393256 0.2190397 0.823607 0.8146574 0.823607 0.8146574 0.8237228 0.8724928 0.1394128 0.2626158 0.822281 0.1528658 0.822476 0.2505215 0.8229842 0.5037341 0.822857 0.4404316 0.1398067 0.4592404 0.823208 0.6155065 0.823208 0.6155065 0.8231579 0.5904247 0.1397199 0.4159545 0.8227301 0.3771281 0.822857 0.4404316 0.823798 0.9103093 0.823798 0.9103093 0.8237329 0.8778019 0.822476 0.2505215 0.822281 0.1528658 0.1394128 0.2626158 0.8236193 0.8207613 0.8236193 0.8207613 0.8233498 0.6862275 0.8237958 0.9092047 0.8237966 0.9097556 0.886634 0.9103539 0.823096 0.5596197 0.823208 0.6155065 0.1400465 0.5789462 0.1398067 0.4592404 0.822857 0.4404316 0.8229842 0.5037341 0.8233498 0.6862275 0.8233498 0.6862275 0.823208 0.6155065 0.8227301 0.3771281 0.8226031 0.313825 0.1396331 0.3726707 0.8237966 0.9097556 0.8237966 0.9097556 0.823798 0.9103093 0.8229842 0.5037341 0.823096 0.5596197 0.13997 0.5407339 0.8237714 0.8970138 0.8237714 0.8970138 0.8237966 0.9097556 0.8221532 0.08913612 0.8220255 0.02540767 0.1392382 0.1754651 0.1395466 0.3293879 0.822476 0.2505215 0.8226031 0.313825 0.8226031 0.313825 0.822476 0.2505215 0.1395466 0.3293879 0.8220255 0.02540767 0.8219954 0.01046115 0.1392176 0.165246 0.822857 0.4404316 0.8227301 0.3771281 0.1397199 0.4159545 0.8231579 0.5904247 0.1400122 0.561798 0.1400465 0.5789462 0.1400122 0.561798 0.8231579 0.5904247 0.8229842 0.5037341 0.7819402 0.320474 0.7819402 0.320474 0.7818093 0.255261 0.7819817 0.3411988 0.7817631 0.2321344 0.7817631 0.2321344 0.782293 0.4971266 0.782293 0.4971266 0.7821884 0.4445275 0.7821773 0.4389016 0.7819817 0.3411988 0.7819817 0.3411988 0.7822843 0.4922308 0.7822843 0.4922308 0.7823285 0.5148414 0.7823529 0.5270999 0.7823529 0.5270999 0.782293 0.4971266 0.7822843 0.4922308 0.7821773 0.4389016 0.7821773 0.4389016 0.7818093 0.255261 0.7818093 0.255261 0.7817631 0.2321344 0.7821884 0.4445275 0.7821884 0.4445275 0.7819402 0.320474 0.782352 0.5265905 0.782352 0.5265918 0.7823529 0.5270999 0.7823285 0.5148414 0.7823285 0.5148414 0.782352 0.5265918 0.7818093 0.255261 0.7819402 0.320474 0.09502345 0.2636002 0.7817631 0.2321344 0.09489268 0.1983784 0.09505409 0.2788995 0.7817631 0.2321344 0.7818093 0.255261 0.09492695 0.2154539 0.8188487 0.8291314 0.9315891 0.8077518 0.9315893 0.8081024 0.9305437 0.286252 0.9304437 0.2362532 0.9304623 0.2457522 0.9307487 0.3888097 0.9306245 0.3267529 0.9306245 0.3267529 0.9308292 0.4290402 0.9307487 0.3888097 0.9307487 0.3888116 0.9306245 0.3267529 0.9305437 0.286252 0.9305437 0.286252 0.9310711 0.5497266 0.9310711 0.5497266 0.9311422 0.5852429 0.9312725 0.6503706 0.9312133 0.6207571 0.9313032 0.6656998 0.9308292 0.4290402 0.9308292 0.4290402 0.93091 0.4692687 0.9309903 0.5094993 0.93091 0.4692687 0.93091 0.4692687 0.9310711 0.5497266 0.9309903 0.5094993 0.9309903 0.5094993 0.9313856 0.7065097 0.9313032 0.6656998 0.9314745 0.7511953 0.9311618 0.5950314 0.9311422 0.5852429 0.9312133 0.6207571 0.9315078 0.7676337 0.9314745 0.7511953 0.9315483 0.7874446 0.9315603 0.7935497 0.9315483 0.7874446 0.9315893 0.8081024 0.8188479 0.8287526 0.9315884 0.8074002 0.9315891 0.8077518 0.9304623 0.2457522 0.9304437 0.2362532 0.9305437 0.286252 0.9306245 0.3267529 0.9306245 0.3267529 0.9307487 0.3888097 0.9307487 0.3888097 0.9307487 0.3888097 0.9308292 0.4290402 0.9305437 0.286252 0.9305437 0.286252 0.9306245 0.3267529 0.9311817 0.6048185 0.9310711 0.5497266 0.9310711 0.5497266 0.9313322 0.6799831 0.9312725 0.6503706 0.9313856 0.7065097 0.9308292 0.4290402 0.9308292 0.4290402 0.93091 0.4692687 0.9309903 0.5094993 0.93091 0.4692687 0.93091 0.4692687 0.9310711 0.5497266 0.9309903 0.5094993 0.9309903 0.5094993 0.9314669 0.7473173 0.9313856 0.7065097 0.9315078 0.7676337 0.9311817 0.6048185 0.9311618 0.5950314 0.9312725 0.6503706 0.9315407 0.784071 0.9315078 0.7676337 0.9315603 0.7935497 0.9315728 0.7996549 0.9315603 0.7935497 0.9315891 0.8077518 0.1342391 0.06968981 0.07140135 0.06861549 0.07143139 0.08360683 0.07314443 0.9384765 0.07320976 0.9710797 0.1360425 0.9695382 0.07155936 0.1475203 0.07143139 0.08360683 0.1342689 0.0846365 0.1343971 0.1483649 0.07155936 0.1475203 0.07168698 0.2114359 0.07188397 0.3093732 0.07168698 0.2114359 0.1345243 0.2120946 0.1345243 0.2120946 0.07168698 0.2114359 0.07188397 0.3093732 0.1348466 0.3730538 0.07201075 0.3728618 0.07213795 0.4363493 0.1342689 0.08463382 0.07143139 0.08360683 0.07155936 0.1475203 0.07201075 0.3728618 0.07188397 0.3093732 0.1347202 0.3097504 0.07226526 0.4998366 0.07213795 0.4363493 0.1349737 0.4363569 0.1351003 0.4996603 0.07226526 0.4998366 0.07239258 0.5633243 0.07168698 0.2114359 0.07155936 0.1475203 0.1343965 0.1483649 0.1354008 0.6496534 0.07256621 0.6502655 0.07239258 0.5633243 0.07250475 0.6193714 0.07261675 0.6754193 0.1354513 0.6747351 0.1358502 0.8738861 0.07301676 0.8751494 0.07280397 0.7688856 0.07213795 0.4363493 0.07201075 0.3728618 0.1348466 0.3730538 0.1356379 0.7679315 0.07280397 0.7688856 0.07256621 0.6502655 0.1349737 0.4363569 0.07213795 0.4363493 0.07226526 0.4998366 0.1347202 0.309748 0.07188397 0.3093732 0.07201075 0.3728618 0.1352272 0.562963 0.07239258 0.5633243 0.07226526 0.4998366 0.1352272 0.562963 0.07239258 0.5633243 0.07250475 0.6193714 0.07261675 0.6754193 0.07275873 0.7463466 0.1355926 0.7454563 0.1359661 0.9317214 0.07313311 0.9331538 0.07301676 0.8751494 0.07275873 0.7463466 0.07302922 0.8812723 0.1358621 0.8799901 0.1360157 0.9562425 0.07318305 0.9577457 0.07313311 0.9331538 0.1360397 0.9684332 0.07320737 0.9699708 0.07318305 0.9577457 0.07302922 0.8812723 0.07314443 0.9384765 0.1359773 0.9370308 0.07143139 0.08360683 0.07140135 0.06861549 0.1342391 0.06968981 0.1359773 0.9370308 0.1359773 0.9370308 0.1358621 0.8799901 0.1356379 0.7679315 0.1356379 0.7679315 0.1358502 0.8738861 0.9304437 0.2362532 0.8176169 0.2142363 0.8176375 0.2244554 0.8188052 0.8072806 0.8188496 0.8295075 0.9315893 0.8081024 0.8177247 0.2680301 0.8176375 0.2244554 0.9304623 0.2457522 0.9305437 0.286252 0.8177247 0.2680301 0.8178116 0.311606 0.8179453 0.3783782 0.8178116 0.311606 0.9306245 0.3267529 0.9306245 0.3267529 0.8178116 0.311606 0.8179453 0.3783782 0.9308292 0.4290402 0.8180321 0.4216609 0.8181193 0.4649449 0.9304623 0.2457522 0.8176375 0.2244554 0.8177247 0.2680301 0.8180321 0.4216609 0.8179453 0.3783782 0.9307487 0.3888097 0.8182056 0.5082305 0.8181193 0.4649449 0.93091 0.4692687 0.9309903 0.5094993 0.8182056 0.5082291 0.8182919 0.5515131 0.8178116 0.311606 0.8177247 0.2680301 0.9305437 0.286252 0.9311817 0.6048185 0.8184108 0.6107882 0.8182919 0.5515131 0.8183686 0.5897241 0.8184449 0.6279363 0.9312133 0.6207571 0.9314669 0.7473173 0.8187175 0.7641069 0.8185727 0.6916587 0.8181193 0.4649449 0.8180321 0.4216609 0.9308292 0.4290402 0.9313322 0.6799831 0.8185727 0.6916587 0.8184108 0.6107882 0.93091 0.4692687 0.8181193 0.4649449 0.8182056 0.5082291 0.9307487 0.3888116 0.8179453 0.3783782 0.8180321 0.4216609 0.8182919 0.5515131 0.8182056 0.5082305 0.9309903 0.5094993 0.8182919 0.5515131 0.8183686 0.5897241 0.9311422 0.5852429 0.8184449 0.6279363 0.8185423 0.6762918 0.9313032 0.6656998 0.9315407 0.784071 0.8187968 0.8036517 0.8187175 0.7641069 0.8185423 0.6762918 0.8187264 0.768281 0.9314745 0.7511953 0.9315728 0.7996549 0.8188316 0.8204187 0.8187968 0.8036517 0.9315884 0.8074002 0.8188479 0.8287526 0.8188316 0.8204187 0.8187264 0.768281 0.8188052 0.8072806 0.9315483 0.7874446 0.8176375 0.2244554 0.8176169 0.2142363 0.9304437 0.2362532 0.1354008 0.6496534 0.1354008 0.6496534 0.1356379 0.7679315 0.1360412 0.9689846 0.1360425 0.9695382 0.07320976 0.9710797 0.8176169 0.2142363 0.1342391 0.06968981 0.1342689 0.08463382 0.8177247 0.2680301 0.1343971 0.1483649 0.1345243 0.2120946 0.8176375 0.2244554 0.1342689 0.08463382 0.1343971 0.1483649 0.1359661 0.9317214 0.1359661 0.9317214 0.1360157 0.9562425 0.8180321 0.4216609 0.1348466 0.3730538 0.1349737 0.4363569 0.1345243 0.2120946 0.1343965 0.1483649 0.8177247 0.2680301 0.1358502 0.8738861 0.1358502 0.8738861 0.1359661 0.9317214 0.8178116 0.311606 0.1345243 0.2120946 0.1347202 0.309748 0.1352272 0.562963 0.1351003 0.4996603 0.8182056 0.5082305 0.1354513 0.6747351 0.1354513 0.6747351 0.1354008 0.6496534 0.8181193 0.4649449 0.1349737 0.4363569 0.1351003 0.4996603 0.1360425 0.9695382 0.1360425 0.9695382 0.1359773 0.9370308 0.1347202 0.3097504 0.1345243 0.2120946 0.8178116 0.311606 0.1358621 0.8799901 0.1358621 0.8799901 0.1355926 0.7454563 0.1360397 0.9684332 0.1360412 0.9689846 0.07320863 0.9705244 0.1353393 0.6188484 0.1354513 0.6747351 0.8184449 0.6279363 0.8182056 0.5082291 0.1351003 0.4996603 0.1352272 0.562963 0.1355926 0.7454563 0.1355926 0.7454563 0.1354513 0.6747351 0.1349737 0.4363569 0.1348466 0.3730538 0.8180321 0.4216609 0.1360412 0.9689846 0.1360412 0.9689846 0.1360425 0.9695382 0.1352272 0.562963 0.1353393 0.6188484 0.8183686 0.5897241 0.1360157 0.9562425 0.1360157 0.9562425 0.1360412 0.9689846 0.1343965 0.1483649 0.1342689 0.0846365 0.8176375 0.2244554 0.8179453 0.3783782 0.1347202 0.309748 0.1348466 0.3730538 0.1348466 0.3730538 0.1347202 0.3097504 0.8179453 0.3783782 0.1342689 0.0846365 0.1342391 0.06968981 0.8176169 0.2142363 0.1351003 0.4996603 0.1349737 0.4363569 0.8181193 0.4649449 0.1354008 0.6496534 0.8184108 0.6107882 0.8184449 0.6279363 0.8184108 0.6107882 0.1354008 0.6496534 0.1352272 0.562963 0.1363968 0.4327893 0.1363968 0.4327893 0.1362647 0.3668741 0.1364387 0.4537371 0.136218 0.3434986 0.136218 0.3434986 0.1367551 0.611344 0.1367551 0.611344 0.1366482 0.5581784 0.1366366 0.5524922 0.1364387 0.4537371 0.1364387 0.4537371 0.1367446 0.6063956 0.1367446 0.6063956 0.1367912 0.6292495 0.136816 0.6416399 0.136816 0.6416399 0.1367551 0.611344 0.1367446 0.6063956 0.1366366 0.5524922 0.1366366 0.5524922 0.1362647 0.3668741 0.1362647 0.3668741 0.136218 0.3434986 0.1366482 0.5581784 0.1366482 0.5581784 0.1363968 0.4327893 0.1368148 0.641125 0.1368148 0.641125 0.136816 0.6416399 0.1367912 0.6292495 0.1367912 0.6292495 0.1368148 0.641125 0.1362647 0.3668741 0.1363968 0.4327893 0.8304584 0.3648977 0.136218 0.3434986 0.8303266 0.298974 0.8304895 0.3803622 0.136218 0.3434986 0.1362647 0.3668741 0.830361 0.3162322</float_array>
          <technique_common>
            <accessor source="#Cylinder_005-mesh-map-array" count="1794" stride="2">
              <param name="S" type="float"/>
              <param name="T" type="float"/>
            </accessor>
          </technique_common>
        </source>
        <vertices id="Cylinder_005-mesh-vertices">
          <input semantic="POSITION" source="#Cylinder_005-mesh-positions"/>
        </vertices>
        <triangles count="598">
          <input semantic="VERTEX" source="#Cylinder_005-mesh-vertices" offset="0"/>
          <input semantic="NORMAL" source="#Cylinder_005-mesh-normals" offset="1"/>
          <input semantic="TEXCOORD" source="#Cylinder_005-mesh-map" offset="2" set="0"/>
          <p>101 0 0 1 1 1 100 2 2 34 3 3 2 4 4 10 5 5 31 6 6 5 7 7 12 8 8 38 9 9 12 8 10 22 10 11 30 11 12 10 5 13 5 7 14 36 12 15 9 13 16 39 14 17 32 15 18 6 16 19 37 17 20 38 9 21 20 18 22 33 19 23 35 20 24 20 18 25 18 21 26 36 12 27 18 21 28 14 22 29 37 17 30 24 23 31 40 24 32 39 14 33 17 25 34 32 15 35 40 24 36 27 26 37 41 27 38 41 27 39 1 1 40 29 28 41 73 29 42 29 28 43 101 0 44 0 30 45 34 3 46 11 31 47 4 32 48 31 6 49 13 33 50 13 33 51 38 9 52 23 34 53 11 31 54 30 11 55 4 32 56 8 35 57 36 12 58 39 14 59 16 36 60 37 17 61 7 37 62 23 34 63 33 19 64 21 38 65 19 39 66 33 19 67 35 20 68 15 40 69 35 20 70 36 12 71 7 37 72 40 24 73 25 41 74 8 35 75 32 15 76 16 36 77 25 41 78 41 27 79 26 42 80 26 42 81 29 28 82 3 43 83 113 44 84 42 45 85 105 46 86 69 47 87 111 48 88 114 49 89 54 50 90 112 51 91 136 52 92 135 53 93 46 54 94 103 55 95 49 56 96 102 57 97 133 58 98 103 55 99 48 59 100 134 60 101 126 61 102 53 62 103 137 63 104 105 46 105 55 64 106 135 53 107 63 65 108 133 58 109 125 66 110 57 67 111 138 68 112 108 69 113 109 70 114 58 71 115 107 72 116 47 73 117 136 52 118 102 57 119 122 74 120 59 75 121 106 76 122 65 77 123 132 78 124 121 79 125 127 80 126 51 81 127 131 82 128 52 83 129 125 66 130 138 68 131 131 82 132 64 84 133 122 74 134 137 63 135 56 85 136 109 70 137 134 60 138 62 86 139 126 61 140 106 76 141 57 67 142 108 69 143 107 72 144 65 77 145 121 79 146 50 87 147 128 88 148 132 78 149 119 89 150 61 90 151 127 80 152 60 91 153 120 92 154 128 88 155 115 93 156 67 94 157 119 89 158 104 95 159 68 96 160 115 93 161 66 97 162 114 49 163 120 92 164 43 98 165 113 44 166 112 51 167 114 49 168 118 99 169 120 92 170 131 82 171 130 100 172 127 80 173 28 101 174 72 102 175 2 4 176 97 103 177 1 1 178 27 26 179 0 30 180 82 104 181 99 105 182 10 5 183 74 106 184 5 7 185 77 107 186 4 32 187 13 33 188 5 7 189 76 108 190 12 8 191 22 10 192 81 109 193 20 18 194 2 4 195 83 110 196 10 5 197 91 111 198 13 33 199 23 34 200 85 112 201 21 38 202 19 39 203 18 21 204 86 113 205 14 22 206 75 114 207 11 31 208 4 32 209 8 35 210 87 115 211 15 40 212 93 116 213 17 25 214 9 13 215 7 37 216 79 117 217 16 36 218 80 118 219 23 34 220 21 38 221 16 36 222 92 119 223 8 35 224 20 18 225 84 120 226 18 21 227 12 8 228 90 121 229 22 10 230 87 115 231 19 39 232 15 40 233 86 113 234 9 13 235 14 22 236 78 122 237 6 16 238 17 25 239 25 41 240 89 123 241 7 37 242 88 124 243 24 23 244 6 16 245 26 42 246 95 125 247 25 41 248 3 43 249 96 126 250 26 42 251 94 127 252 27 26 253 24 23 254 99 105 255 28 101 256 0 30 257 122 74 258 142 128 259 131 82 260 110 129 261 45 130 262 71 131 263 98 132 264 105 46 265 72 102 266 83 110 267 103 55 268 74 106 269 72 102 270 135 53 271 83 110 272 119 89 273 140 133 274 115 93 275 90 121 276 137 63 277 81 109 278 102 57 279 82 104 280 75 114 281 127 80 282 117 134 283 119 89 284 74 106 285 134 60 286 76 108 287 106 76 288 85 112 289 87 115 290 132 78 291 129 135 292 122 74 293 81 109 294 109 70 295 84 120 296 111 48 297 139 136 298 114 49 299 133 58 300 75 114 301 77 107 302 120 92 303 141 137 304 128 88 305 104 95 306 71 131 307 44 138 308 121 79 309 78 122 310 93 116 311 84 120 312 107 72 313 86 113 314 128 88 315 116 139 316 132 78 317 138 68 318 91 111 319 80 118 320 110 129 321 124 140 322 111 48 323 139 15 324 124 15 325 123 15 326 139 141 327 123 141 328 140 141 329 139 142 330 140 142 331 117 142 332 118 143 333 139 144 334 117 145 335 118 146 336 117 146 337 130 146 338 118 147 339 130 147 340 141 147 341 130 148 342 142 148 343 141 148 344 142 15 345 129 15 346 141 15 347 129 15 348 116 15 349 141 15 350 107 72 351 93 116 352 86 113 353 115 93 354 123 149 355 110 129 356 136 52 357 99 105 358 82 104 359 76 108 360 126 61 361 90 121 362 125 66 363 77 107 364 91 111 365 112 51 366 98 132 367 99 105 368 108 69 369 80 118 370 85 112 371 101 0 372 100 2 373 97 103 374 73 29 375 101 0 376 97 103 377 73 29 378 97 103 379 96 126 380 97 103 381 95 125 382 96 126 383 97 103 384 94 127 385 95 125 386 94 127 387 89 123 388 95 125 389 94 127 390 88 124 391 89 123 392 88 124 393 79 117 394 89 123 395 88 124 396 92 119 397 79 117 398 88 124 399 78 122 400 92 119 401 122 74 402 78 122 403 132 78 404 92 119 405 106 76 406 87 115 407 146 150 408 147 151 409 150 152 410 151 153 411 146 150 412 150 152 413 144 154 414 151 153 415 150 152 416 145 155 417 144 154 418 150 152 419 145 155 420 149 156 421 144 154 422 145 155 423 152 157 424 149 156 425 152 157 426 153 158 427 149 156 428 152 157 429 148 159 430 153 158 431 152 157 432 143 160 433 148 159 434 152 157 435 154 161 436 143 160 437 153 158 438 159 162 439 164 163 440 150 152 441 156 164 442 145 155 443 149 156 444 164 163 445 160 165 446 144 166 447 162 166 448 151 166 449 147 151 450 161 167 451 150 152 452 144 154 453 160 165 454 155 168 455 143 160 456 159 162 457 148 159 458 145 155 459 163 169 460 152 157 461 146 150 462 158 170 463 147 151 464 151 171 465 157 171 466 146 171 467 172 172 468 169 172 469 168 172 470 172 15 471 168 15 472 173 15 473 172 173 474 173 174 475 166 175 476 167 176 477 172 176 478 166 176 479 167 177 480 166 177 481 171 177 482 167 178 483 171 179 484 174 180 485 171 179 486 175 181 487 174 180 488 175 181 489 170 182 490 174 180 491 170 182 492 165 183 493 174 180 494 154 161 495 174 180 496 165 183 497 159 162 498 175 181 499 164 163 500 159 162 501 165 183 502 170 182 503 277 184 504 177 185 505 276 186 506 210 187 507 178 188 508 186 189 509 207 190 510 181 191 511 188 192 512 214 193 513 188 192 514 198 194 515 206 195 516 186 189 517 181 191 518 212 196 519 185 197 520 215 198 521 208 199 522 182 200 523 213 201 524 214 193 525 196 202 526 209 203 527 211 204 528 196 202 529 194 205 530 212 196 531 194 205 532 190 206 533 213 201 534 200 207 535 216 208 536 215 198 537 193 209 538 208 199 539 216 208 540 203 210 541 217 211 542 217 211 543 177 185 544 205 212 545 249 213 546 205 212 547 277 184 548 176 214 549 210 187 550 187 215 551 180 216 552 207 190 553 189 217 554 189 217 555 214 193 556 199 218 557 187 215 558 206 195 559 180 216 560 184 219 561 212 196 562 215 198 563 192 220 564 213 201 565 183 221 566 199 218 567 209 203 568 197 222 569 195 223 570 209 203 571 211 204 572 191 224 573 211 204 574 212 196 575 183 221 576 216 208 577 201 225 578 184 219 579 208 199 580 192 220 581 201 225 582 217 211 583 202 226 584 202 226 585 205 212 586 179 227 587 289 228 588 218 229 589 281 230 590 245 231 591 287 232 592 290 233 593 230 234 594 288 235 595 312 236 596 311 237 597 222 238 598 279 239 599 225 240 600 278 241 601 309 242 602 279 239 603 224 243 604 310 244 605 302 245 606 229 246 607 313 247 608 281 230 609 231 248 610 311 237 611 239 249 612 309 242 613 301 250 614 233 251 615 314 252 616 284 253 617 285 254 618 234 255 619 283 256 620 223 257 621 312 236 622 278 241 623 298 258 624 235 259 625 282 260 626 241 261 627 308 262 628 297 263 629 303 264 630 227 265 631 307 266 632 228 267 633 301 250 634 314 252 635 307 266 636 240 268 637 298 258 638 313 247 639 232 269 640 285 254 641 310 244 642 238 270 643 302 245 644 282 260 645 233 251 646 284 253 647 283 256 648 241 261 649 297 263 650 226 271 651 304 272 652 308 262 653 295 273 654 237 274 655 303 264 656 236 275 657 296 276 658 304 272 659 291 277 660 243 278 661 295 273 662 280 279 663 244 280 664 291 277 665 242 281 666 290 233 667 296 276 668 219 282 669 289 228 670 288 235 671 290 233 672 294 283 673 296 276 674 307 266 675 306 284 676 303 264 677 204 285 678 248 286 679 178 188 680 273 287 681 177 185 682 203 210 683 258 288 684 176 214 685 187 215 686 186 189 687 250 289 688 181 191 689 253 290 690 180 216 691 189 217 692 181 191 693 252 291 694 188 192 695 198 194 696 257 292 697 196 202 698 178 188 699 259 293 700 186 189 701 267 294 702 189 217 703 199 218 704 261 295 705 197 222 706 195 223 707 194 205 708 262 296 709 190 206 710 251 297 711 187 215 712 180 216 713 184 219 714 263 298 715 191 224 716 269 299 717 193 209 718 185 197 719 183 221 720 255 300 721 192 220 722 256 301 723 199 218 724 197 222 725 192 220 726 268 302 727 184 219 728 196 202 729 260 303 730 194 205 731 188 192 732 266 304 733 198 194 734 263 298 735 195 223 736 191 224 737 262 296 738 185 197 739 190 206 740 254 305 741 182 200 742 193 209 743 201 225 744 265 306 745 183 221 746 264 307 747 200 207 748 182 200 749 202 226 750 271 308 751 201 225 752 179 227 753 272 309 754 202 226 755 270 310 756 203 210 757 200 207 758 275 311 759 204 285 760 176 214 761 298 258 762 318 312 763 307 266 764 286 313 765 221 314 766 247 315 767 274 316 768 281 230 769 248 286 770 259 293 771 279 239 772 250 289 773 248 286 774 311 237 775 259 293 776 295 273 777 316 317 778 291 277 779 266 304 780 313 247 781 257 292 782 278 241 783 258 288 784 251 297 785 303 264 786 293 318 787 295 273 788 250 289 789 310 244 790 252 291 791 282 260 792 261 295 793 263 298 794 308 262 795 305 319 796 298 258 797 257 292 798 285 254 799 260 303 800 287 232 801 315 320 802 290 233 803 309 242 804 251 297 805 253 290 806 296 276 807 317 321 808 304 272 809 280 279 810 247 315 811 220 322 812 297 263 813 254 305 814 269 299 815 260 303 816 283 256 817 262 296 818 304 272 819 292 323 820 308 262 821 314 252 822 267 294 823 256 301 824 286 313 825 300 324 826 287 232 827 315 199 828 300 199 829 299 199 830 315 325 831 299 325 832 316 325 833 315 326 834 316 326 835 293 326 836 294 327 837 315 327 838 293 327 839 294 328 840 293 328 841 306 328 842 294 329 843 306 329 844 317 329 845 306 199 846 318 199 847 317 199 848 318 199 849 305 199 850 317 199 851 305 330 852 292 330 853 317 330 854 283 256 855 269 299 856 262 296 857 291 277 858 299 331 859 286 313 860 312 236 861 275 311 862 258 288 863 252 291 864 302 245 865 266 304 866 301 250 867 253 290 868 267 294 869 288 235 870 274 316 871 275 311 872 284 253 873 256 301 874 261 295 875 277 184 876 276 186 877 273 287 878 249 213 879 277 184 880 273 287 881 249 213 882 273 287 883 272 309 884 273 287 885 271 308 886 272 309 887 273 287 888 270 310 889 271 308 890 270 310 891 265 306 892 271 308 893 270 310 894 264 307 895 265 306 896 264 307 897 255 300 898 265 306 899 264 307 900 268 302 901 255 300 902 264 307 903 254 305 904 268 302 905 298 258 906 254 305 907 308 262 908 268 302 909 282 260 910 263 298 911 322 332 912 323 333 913 326 334 914 327 335 915 322 332 916 326 334 917 320 336 918 327 335 919 326 334 920 321 337 921 320 336 922 326 334 923 321 337 924 325 338 925 320 336 926 321 337 927 328 339 928 325 338 929 328 339 930 329 340 931 325 338 932 328 339 933 324 341 934 329 340 935 328 339 936 319 342 937 324 341 938 328 339 939 330 343 940 319 342 941 329 340 942 335 344 943 340 345 944 326 334 945 332 346 946 321 337 947 325 338 948 340 345 949 336 347 950 320 348 951 338 348 952 327 348 953 323 333 954 337 349 955 326 334 956 320 336 957 336 347 958 331 350 959 319 342 960 335 344 961 324 341 962 321 337 963 339 351 964 328 339 965 322 332 966 334 352 967 323 333 968 327 353 969 333 353 970 322 353 971 348 354 972 345 354 973 344 354 974 348 199 975 344 199 976 349 199 977 348 355 978 349 356 979 342 357 980 343 358 981 348 358 982 342 358 983 343 359 984 342 359 985 347 359 986 343 199 987 347 199 988 350 360 989 347 199 990 351 361 991 350 360 992 351 361 993 346 362 994 350 360 995 346 362 996 341 363 997 350 360 998 330 343 999 350 360 1000 341 363 1001 335 344 1002 351 361 1003 340 345 1004 335 344 1005 341 363 1006 346 362 1007 101 0 1008 29 28 1009 1 1 1010 34 3 1011 28 101 1012 2 4 1013 31 6 1014 30 11 1015 5 7 1016 38 9 1017 31 6 1018 12 8 1019 30 11 1020 34 3 1021 10 5 1022 36 12 1023 14 22 1024 9 13 1025 32 15 1026 17 25 1027 6 16 1028 38 9 1029 22 10 1030 20 18 1031 35 20 1032 33 19 1033 20 18 1034 36 12 1035 35 20 1036 18 21 1037 37 17 1038 6 16 1039 24 23 1040 39 14 1041 9 13 1042 17 25 1043 40 24 1044 24 23 1045 27 26 1046 41 27 1047 27 26 1048 1 1 1049 73 29 1050 3 43 1051 29 28 1052 0 30 1053 28 101 1054 34 3 1055 4 32 1056 30 11 1057 31 6 1058 13 33 1059 31 6 1060 38 9 1061 11 31 1062 34 3 1063 30 11 1064 8 35 1065 15 40 1066 36 12 1067 16 36 1068 32 15 1069 37 17 1070 23 34 1071 38 9 1072 33 19 1073 19 39 1074 21 38 1075 33 19 1076 15 40 1077 19 39 1078 35 20 1079 7 37 1080 37 17 1081 40 24 1082 8 35 1083 39 14 1084 32 15 1085 25 41 1086 40 24 1087 41 27 1088 26 42 1089 41 27 1090 29 28 1091 113 44 1092 70 364 1093 42 45 1094 69 47 1095 45 130 1096 111 48 1097 54 50 1098 43 98 1099 112 51 1100 135 53 1101 55 64 1102 46 54 1103 49 56 1104 47 73 1105 102 57 1106 103 55 1107 46 54 1108 48 59 1109 126 61 1110 62 86 1111 53 62 1112 105 46 1113 42 45 1114 55 64 1115 63 65 1116 49 56 1117 133 58 1118 57 67 1119 52 83 1120 138 68 1121 109 70 1122 56 85 1123 58 71 1124 47 73 1125 54 50 1126 136 52 1127 122 74 1128 64 84 1129 59 75 1130 65 77 1131 50 87 1132 132 78 1133 127 80 1134 61 90 1135 51 81 1136 52 83 1137 63 65 1138 125 66 1139 131 82 1140 51 81 1141 64 84 1142 137 63 1143 53 62 1144 56 85 1145 134 60 1146 48 59 1147 62 86 1148 106 76 1149 59 75 1150 57 67 1151 107 72 1152 58 71 1153 65 77 1154 50 87 1155 60 91 1156 128 88 1157 119 89 1158 67 94 1159 61 90 1160 60 91 1161 66 97 1162 120 92 1163 115 93 1164 68 96 1165 67 94 1166 104 95 1167 44 138 1168 68 96 1169 66 97 1170 69 47 1171 114 49 1172 43 98 1173 70 364 1174 113 44 1175 114 49 1176 139 136 1177 118 99 1178 131 82 1179 142 128 1180 130 100 1181 28 101 1182 98 132 1183 72 102 1184 97 103 1185 100 2 1186 1 1 1187 0 30 1188 11 31 1189 82 104 1190 10 5 1191 83 110 1192 74 106 1193 77 107 1194 75 114 1195 4 32 1196 5 7 1197 74 106 1198 76 108 1199 22 10 1200 90 121 1201 81 109 1202 2 4 1203 72 102 1204 83 110 1205 91 111 1206 77 107 1207 13 33 1208 85 112 1209 80 118 1210 21 38 1211 18 21 1212 84 120 1213 86 113 1214 75 114 1215 82 104 1216 11 31 1217 8 35 1218 92 119 1219 87 115 1220 93 116 1221 78 122 1222 17 25 1223 7 37 1224 89 123 1225 79 117 1226 80 118 1227 91 111 1228 23 34 1229 16 36 1230 79 117 1231 92 119 1232 20 18 1233 81 109 1234 84 120 1235 12 8 1236 76 108 1237 90 121 1238 87 115 1239 85 112 1240 19 39 1241 86 113 1242 93 116 1243 9 13 1244 78 122 1245 88 124 1246 6 16 1247 25 41 1248 95 125 1249 89 123 1250 88 124 1251 94 127 1252 24 23 1253 26 42 1254 96 126 1255 95 125 1256 3 43 1257 73 29 1258 96 126 1259 94 127 1260 97 103 1261 27 26 1262 99 105 1263 98 132 1264 28 101 1265 122 74 1266 129 135 1267 142 128 1268 110 129 1269 111 48 1270 45 130 1271 98 132 1272 113 44 1273 105 46 1274 83 110 1275 135 53 1276 103 55 1277 72 102 1278 105 46 1279 135 53 1280 119 89 1281 117 134 1282 140 133 1283 90 121 1284 126 61 1285 137 63 1286 102 57 1287 136 52 1288 82 104 1289 127 80 1290 130 100 1291 117 134 1292 74 106 1293 103 55 1294 134 60 1295 106 76 1296 108 69 1297 85 112 1298 132 78 1299 116 139 1300 129 135 1301 81 109 1302 137 63 1303 109 70 1304 111 48 1305 124 140 1306 139 136 1307 133 58 1308 102 57 1309 75 114 1310 120 92 1311 118 99 1312 141 137 1313 104 95 1314 110 129 1315 71 131 1316 121 79 1317 132 78 1318 78 122 1319 84 120 1320 109 70 1321 107 72 1322 128 88 1323 141 137 1324 116 139 1325 138 68 1326 125 66 1327 91 111 1328 110 129 1329 123 149 1330 124 140 1331 107 72 1332 121 79 1333 93 116 1334 115 93 1335 140 133 1336 123 149 1337 136 52 1338 112 51 1339 99 105 1340 76 108 1341 134 60 1342 126 61 1343 125 66 1344 133 58 1345 77 107 1346 112 51 1347 113 44 1348 98 132 1349 108 69 1350 138 68 1351 80 118 1352 122 74 1353 92 119 1354 78 122 1355 92 119 1356 122 74 1357 106 76 1358 152 157 1359 163 169 1360 154 161 1361 153 158 1362 148 159 1363 159 162 1364 150 152 1365 161 167 1366 156 164 1367 149 156 1368 153 158 1369 164 163 1370 144 365 1371 155 366 1372 162 365 1373 147 151 1374 158 170 1375 161 167 1376 144 154 1377 149 156 1378 160 165 1379 143 160 1380 154 161 1381 159 162 1382 145 155 1383 156 164 1384 163 169 1385 146 150 1386 157 367 1387 158 170 1388 151 199 1389 162 199 1390 157 199 1391 154 161 1392 163 169 1393 174 180 1394 159 162 1395 170 182 1396 175 181 1397 159 162 1398 154 161 1399 165 183 1400 277 184 1401 205 212 1402 177 185 1403 210 187 1404 204 285 1405 178 188 1406 207 190 1407 206 195 1408 181 191 1409 214 193 1410 207 190 1411 188 192 1412 206 195 1413 210 187 1414 186 189 1415 212 196 1416 190 206 1417 185 197 1418 208 199 1419 193 209 1420 182 200 1421 214 193 1422 198 194 1423 196 202 1424 211 204 1425 209 203 1426 196 202 1427 212 196 1428 211 204 1429 194 205 1430 213 201 1431 182 200 1432 200 207 1433 215 198 1434 185 197 1435 193 209 1436 216 208 1437 200 207 1438 203 210 1439 217 211 1440 203 210 1441 177 185 1442 249 213 1443 179 227 1444 205 212 1445 176 214 1446 204 285 1447 210 187 1448 180 216 1449 206 195 1450 207 190 1451 189 217 1452 207 190 1453 214 193 1454 187 215 1455 210 187 1456 206 195 1457 184 219 1458 191 224 1459 212 196 1460 192 220 1461 208 199 1462 213 201 1463 199 218 1464 214 193 1465 209 203 1466 195 223 1467 197 222 1468 209 203 1469 191 224 1470 195 223 1471 211 204 1472 183 221 1473 213 201 1474 216 208 1475 184 219 1476 215 198 1477 208 199 1478 201 225 1479 216 208 1480 217 211 1481 202 226 1482 217 211 1483 205 212 1484 289 228 1485 246 368 1486 218 229 1487 245 231 1488 221 314 1489 287 232 1490 230 234 1491 219 282 1492 288 235 1493 311 237 1494 231 248 1495 222 238 1496 225 240 1497 223 257 1498 278 241 1499 279 239 1500 222 238 1501 224 243 1502 302 245 1503 238 270 1504 229 246 1505 281 230 1506 218 229 1507 231 248 1508 239 249 1509 225 240 1510 309 242 1511 233 251 1512 228 267 1513 314 252 1514 285 254 1515 232 269 1516 234 255 1517 223 257 1518 230 234 1519 312 236 1520 298 258 1521 240 268 1522 235 259 1523 241 261 1524 226 271 1525 308 262 1526 303 264 1527 237 274 1528 227 265 1529 228 267 1530 239 249 1531 301 250 1532 307 266 1533 227 265 1534 240 268 1535 313 247 1536 229 246 1537 232 269 1538 310 244 1539 224 243 1540 238 270 1541 282 260 1542 235 259 1543 233 251 1544 283 256 1545 234 255 1546 241 261 1547 226 271 1548 236 275 1549 304 272 1550 295 273 1551 243 278 1552 237 274 1553 236 275 1554 242 281 1555 296 276 1556 291 277 1557 244 280 1558 243 278 1559 280 279 1560 220 322 1561 244 280 1562 242 281 1563 245 231 1564 290 233 1565 219 282 1566 246 368 1567 289 228 1568 290 233 1569 315 320 1570 294 283 1571 307 266 1572 318 312 1573 306 284 1574 204 285 1575 274 316 1576 248 286 1577 273 287 1578 276 186 1579 177 185 1580 258 288 1581 275 311 1582 176 214 1583 186 189 1584 259 293 1585 250 289 1586 253 290 1587 251 297 1588 180 216 1589 181 191 1590 250 289 1591 252 291 1592 198 194 1593 266 304 1594 257 292 1595 178 188 1596 248 286 1597 259 293 1598 267 294 1599 253 290 1600 189 217 1601 261 295 1602 256 301 1603 197 222 1604 194 205 1605 260 303 1606 262 296 1607 251 297 1608 258 288 1609 187 215 1610 184 219 1611 268 302 1612 263 298 1613 269 299 1614 254 305 1615 193 209 1616 183 221 1617 265 306 1618 255 300 1619 256 301 1620 267 294 1621 199 218 1622 192 220 1623 255 300 1624 268 302 1625 196 202 1626 257 292 1627 260 303 1628 188 192 1629 252 291 1630 266 304 1631 263 298 1632 261 295 1633 195 223 1634 262 296 1635 269 299 1636 185 197 1637 254 305 1638 264 307 1639 182 200 1640 201 225 1641 271 308 1642 265 306 1643 264 307 1644 270 310 1645 200 207 1646 202 226 1647 272 309 1648 271 308 1649 179 227 1650 249 213 1651 272 309 1652 270 310 1653 273 287 1654 203 210 1655 275 311 1656 274 316 1657 204 285 1658 298 258 1659 305 319 1660 318 312 1661 286 313 1662 287 232 1663 221 314 1664 274 316 1665 289 228 1666 281 230 1667 259 293 1668 311 237 1669 279 239 1670 248 286 1671 281 230 1672 311 237 1673 295 273 1674 293 318 1675 316 317 1676 266 304 1677 302 245 1678 313 247 1679 278 241 1680 312 236 1681 258 288 1682 303 264 1683 306 284 1684 293 318 1685 250 289 1686 279 239 1687 310 244 1688 282 260 1689 284 253 1690 261 295 1691 308 262 1692 292 323 1693 305 319 1694 257 292 1695 313 247 1696 285 254 1697 287 232 1698 300 324 1699 315 320 1700 309 242 1701 278 241 1702 251 297 1703 296 276 1704 294 283 1705 317 321 1706 280 279 1707 286 313 1708 247 315 1709 297 263 1710 308 262 1711 254 305 1712 260 303 1713 285 254 1714 283 256 1715 304 272 1716 317 321 1717 292 323 1718 314 252 1719 301 250 1720 267 294 1721 286 313 1722 299 331 1723 300 324 1724 283 256 1725 297 263 1726 269 299 1727 291 277 1728 316 317 1729 299 331 1730 312 236 1731 288 235 1732 275 311 1733 252 291 1734 310 244 1735 302 245 1736 301 250 1737 309 242 1738 253 290 1739 288 235 1740 289 228 1741 274 316 1742 284 253 1743 314 252 1744 256 301 1745 298 258 1746 268 302 1747 254 305 1748 268 302 1749 298 258 1750 282 260 1751 328 339 1752 339 351 1753 330 343 1754 329 340 1755 324 341 1756 335 344 1757 326 334 1758 337 349 1759 332 346 1760 325 338 1761 329 340 1762 340 345 1763 320 369 1764 331 370 1765 338 369 1766 323 333 1767 334 352 1768 337 349 1769 320 336 1770 325 338 1771 336 347 1772 319 342 1773 330 343 1774 335 344 1775 321 337 1776 332 346 1777 339 351 1778 322 332 1779 333 371 1780 334 352 1781 327 15 1782 338 15 1783 333 15 1784 330 343 1785 339 351 1786 350 360 1787 335 344 1788 346 362 1789 351 361 1790 335 344 1791 330 343 1792 341 363 1793</p>
        </triangles>
      </mesh>
    </geometry>
    <geometry id="Cube_001-mesh" name="Cube.001">
      <mesh>
        <source id="Cube_001-mesh-positions">
          <float_array id="Cube_001-mesh-positions-array" count="180">6.474792 18.13382 -2.004833 6.474792 18.25836 -1.958595 6.474817 18.0441 -1.982984 6.474817 18.04277 -1.977713 6.474792 18.27305 -2.027426 6.474817 18.12104 -1.965689 6.474817 18.07478 -1.995254 6.474792 18.58225 -1.940773 6.474792 18.52814 -2.08607 24.71699 18.41311 -2.02335 24.71699 18.50506 -1.989212 24.71701 18.34687 -2.007219 24.71701 18.34589 -2.003327 24.71699 18.51591 -2.04003 24.71701 18.40367 -1.99445 24.71701 18.36952 -2.016278 24.71699 18.74418 -1.976055 24.71699 18.70424 -2.083326 -4.755846 18.13382 -2.135882 -4.755846 18.25836 -2.182121 -4.75587 18.0441 -2.157732 -4.75587 18.04277 -2.163003 -4.755846 18.27305 -2.11329 -4.75587 18.12104 -2.175027 -4.75587 18.07478 -2.145461 -4.755846 18.58225 -2.199942 -4.755846 18.52814 -2.054646 -22.99805 18.41311 -2.117366 -22.99805 18.50506 -2.151503 -22.99806 18.34687 -2.133497 -22.99806 18.34589 -2.137389 -22.99805 18.51591 -2.100686 -22.99806 18.40367 -2.146266 -22.99806 18.36952 -2.124438 -22.99805 18.74418 -2.164661 -22.99805 18.70424 -2.057389 0.5597675 1.691522 -1.720071 1 1.691522 -1.720071 1 -0.5949612 -1.720071 0.5597675 -0.5949612 -1.720071 0.5597674 0.9468135 1.182307 1 0.9468135 1.182307 1 -1.207253 1.182307 0.5597674 -1.207253 1.182307 3.237033 1.544354 -2.228091 3.050983 1.544354 -2.365699 3.050983 -0.4477931 -2.365699 3.237033 -0.4477931 -2.228091 9.064192 0.6790351 -3.165258 8.878143 0.6790351 -3.302867 8.878143 -1.237777 -3.302867 9.064192 -1.237777 -3.165258 -1.212129 1.544354 -2.365699 -1.398178 1.544354 -2.228091 -1.398178 -0.4477931 -2.228091 -1.212129 -0.4477931 -2.365699 -7.039287 0.6790351 -3.302866 -7.225337 0.6790351 -3.165257 -7.225337 -1.237777 -3.165257 -7.039287 -1.237777 -3.302866</float_array>
          <technique_common>
            <accessor source="#Cube_001-mesh-positions-array" count="60" stride="3">
              <param name="X" type="float"/>
              <param name="Y" type="float"/>
              <param name="Z" type="float"/>
            </accessor>
          </technique_common>
        </source>
        <source id="Cube_001-mesh-normals">
          <float_array id="Cube_001-mesh-normals-array" count="192">0.004929661 -0.3713365 -0.9284853 0.002373754 -0.05158728 0.9986658 0.002309441 -0.2240493 -0.9745752 0.001449823 -0.1601518 -0.9870914 0.003911018 -0.1518585 0.9883945 0.0014503 -0.1601755 -0.9870875 0.002418756 -0.05493801 0.9984869 0.01576644 -0.9695131 -0.2445322 -0.0049299 -0.3713581 0.9284768 -0.002373754 -0.05158078 -0.9986661 -0.002309381 -0.2240493 0.9745752 -0.001449942 -0.1601588 0.9870902 -0.003911018 -0.1518515 -0.9883956 -0.0014503 -0.1601725 0.987088 -0.002418756 -0.0549432 -0.9984866 -0.01576644 -0.9695131 0.2445322 0 0.9686231 0.2485347 1 0 0 0 -0.9784638 -0.2064188 -1 0 0 0 0 -1 0 0 1 0.1194868 0.9796046 -0.1615487 -0.1587871 0 -0.9873129 -0.1094536 -0.9829142 0.1479852 0.1587869 0 0.9873129 -0.5946506 0 0.8039843 0.5946514 0 -0.8039838 -0.1194877 0.9796044 -0.1615492 -0.1587868 0 0.987313 0.1094529 -0.9829147 0.1479827 0.158787 0 -0.9873129 0.5946525 0 0.8039828 -0.5946554 0 -0.8039807 0.004930078 -0.3713479 -0.9284808 0.002373754 -0.05159127 0.9986655 0.002309381 -0.2240527 -0.9745743 0.001449942 -0.1601549 -0.9870909 0.003910779 -0.1518403 0.9883973 0.001450181 -0.1601631 -0.9870896 0.002418875 -0.05494284 0.9984866 0.01576942 -0.9695878 -0.2442355 -0.004930078 -0.3713626 0.9284749 -0.002373754 -0.05159127 -0.9986655 -0.002309381 -0.2240567 0.9745734 -0.001450002 -0.1601416 0.987093 -0.003910839 -0.1518352 -0.9883981 -0.00145024 -0.1601592 0.9870902 -0.002418875 -0.05493903 -0.9984869 -0.01576882 -0.9695882 0.2442335 0 0.9686231 0.2485347 1 0 0 0 -0.9784638 -0.2064188 -1 0 0 0.1194877 0.9796041 -0.1615507 -0.1587871 0 -0.9873129 -0.109453 -0.9829149 0.1479815 0.158787 0 0.9873129 0.5946554 0 -0.8039807 -0.1194866 0.9796045 -0.1615488 -0.1587868 0 0.987313 0.1094535 -0.9829145 0.1479833 0.158787 0 -0.9873129 -0.5946514 0 -0.8039838</float_array>
          <technique_common>
            <accessor source="#Cube_001-mesh-normals-array" count="64" stride="3">
              <param name="X" type="float"/>
              <param name="Y" type="float"/>
              <param name="Z" type="float"/>
            </accessor>
          </technique_common>
        </source>
        <source id="Cube_001-mesh-map">
          <float_array id="Cube_001-mesh-map-array" count="408">0 0 0 0 0 0 0 0 0 0 0 0 0 0 0 0 0 0 0 0 0 0 0 0 0 0 0 0 0 0 0 0 0 0 0 0 0 0 0 0 0 0 0 0 0 0 0 0 0 0 0 0 0 0 0 0 0 0 0 0 0 0 0 0 0 0 0 0 0 0 0 0 0 0 0 0 0 0 0 0 0 0 0 0 0 0 0 0 0 0 0 0 0 0 0 0 0.9884672 0.6889746 0.0156731 0.9683684 0.9884672 0.6889746 0.9884672 0.6889746 -0.01594614 0.2419238 0.0156731 0.9683684 0.9586789 0.004601359 -0.01594614 0.2419238 0.9586789 0.004601359 0.9884672 0.6889746 -0.01594614 0.2419238 0.9586789 0.004601359 0.0156731 0.9683684 -0.01594614 0.2419238 0.0156731 0.9683684 0.9586789 0.004601359 0.9884672 0.6889746 0.9586789 0.004601359 0.311992 0.8031397 0.9197623 0.9654132 0.3715373 0.7789482 0.311992 0.8031397 0.5317128 0.1810194 0.8602169 0.9896046 -0.004088938 0.02513265 0.5912582 0.1568282 0.5317128 0.1810194 0.3715373 0.7789482 0.5912582 0.1568282 0.05545634 9.41485e-4 0.8602169 0.9896046 0.5912582 0.1568282 0.9197623 0.9654132 -0.004088938 0.02513265 0.3715373 0.7789482 0.05545634 9.41485e-4 0.3050459 0.7964748 0.9128189 0.9587473 0.8532709 0.9829397 0.3645938 0.772282 0.5843147 0.1501618 0.9128189 0.9587473 -0.01103496 0.01846778 0.5843147 0.1501618 0.04851311 -0.00572443 0.3050459 0.7964748 0.5247668 0.1743544 -0.01103496 0.01846778 0.9128189 0.9587473 0.5247668 0.1743544 0.8532709 0.9829397 0.04851311 -0.00572443 0.3050459 0.7964748 -0.01103496 0.01846778 0 0 0 0 0 0 0 0 0 0 0 0 0 0 0 0 0 0 0 0 0 0 0 0 0 0 0 0 0 0 0 0 0 0 0 0 0 0 0 0 0 0 0 0 0 0 0 0 0 0 0 0 0 0 0 0 0 0 0 0 0 0 0 0 0 0 0 0 0 0 0 0 0 0 0 0 0 0 0 0 0 0 0 0 0 0 0 0 0 0 0 0 0 0 0 0 0.9884672 0.6889746 0.0156731 0.9683684 0.0156731 0.9683684 0.9884672 0.6889746 0.9586789 0.004601359 -0.01594614 0.2419238 0.9586789 0.004601359 -0.01594614 0.2419238 -0.01594614 0.2419238 0.9884672 0.6889746 0.0156731 0.9683684 -0.01594614 0.2419238 0.0156731 0.9683684 -0.01594614 0.2419238 -0.01594614 0.2419238 0.9586789 0.004601359 0.9884672 0.6889746 0.9884672 0.6889746 0.311992 0.8031397 0.8602169 0.9896046 0.9197623 0.9654132 0.311992 0.8031397 -0.004088938 0.02513265 0.5317128 0.1810194 -0.004088938 0.02513265 0.05545634 9.41485e-4 0.5912582 0.1568282 0.3715373 0.7789482 0.9197623 0.9654132 0.5912582 0.1568282 0.8602169 0.9896046 0.5317128 0.1810194 0.5912582 0.1568282 -0.004088938 0.02513265 0.311992 0.8031397 0.3715373 0.7789482 0.3050459 0.7964748 0.3645938 0.772282 0.9128189 0.9587473 0.3645938 0.772282 0.04851311 -0.00572443 0.5843147 0.1501618 -0.01103496 0.01846778 0.5247668 0.1743544 0.5843147 0.1501618 0.3050459 0.7964748 0.8532709 0.9829397 0.5247668 0.1743544 0.9128189 0.9587473 0.5843147 0.1501618 0.5247668 0.1743544 0.04851311 -0.00572443 0.3645938 0.772282 0.3050459 0.7964748</float_array>
          <technique_common>
            <accessor source="#Cube_001-mesh-map-array" count="204" stride="2">
              <param name="S" type="float"/>
              <param name="T" type="float"/>
            </accessor>
          </technique_common>
        </source>
        <vertices id="Cube_001-mesh-vertices">
          <input semantic="POSITION" source="#Cube_001-mesh-positions"/>
        </vertices>
        <triangles count="68">
          <input semantic="VERTEX" source="#Cube_001-mesh-vertices" offset="0"/>
          <input semantic="NORMAL" source="#Cube_001-mesh-normals" offset="1"/>
          <input semantic="TEXCOORD" source="#Cube_001-mesh-map" offset="2" set="0"/>
          <p>6 0 0 11 0 1 2 0 2 1 1 3 14 1 4 10 1 5 8 2 6 13 2 7 4 2 8 0 3 9 15 3 10 6 3 11 5 4 12 12 4 13 14 4 14 4 5 15 9 5 16 0 5 17 7 6 18 10 6 19 16 6 20 2 7 21 12 7 22 3 7 23 24 8 24 29 8 25 20 8 26 19 9 27 32 9 28 28 9 29 26 10 30 31 10 31 22 10 32 18 11 33 33 11 34 24 11 35 23 12 36 30 12 37 32 12 38 22 13 39 27 13 40 18 13 41 25 14 42 28 14 43 34 14 44 20 15 45 30 15 46 21 15 47 41 16 48 36 16 49 40 16 50 41 17 51 38 17 52 37 17 53 43 18 54 38 18 55 42 18 56 40 19 57 39 19 58 43 19 59 37 20 60 39 20 61 36 20 62 42 21 63 40 21 64 43 21 65 49 22 66 44 22 67 48 22 68 49 23 69 46 23 70 45 23 71 50 24 72 47 24 73 46 24 74 48 25 75 47 25 76 51 25 77 45 26 78 47 26 79 44 26 80 50 27 81 48 27 82 51 27 83 56 28 84 53 28 85 52 28 86 57 29 87 54 29 88 53 29 89 59 30 90 54 30 91 58 30 92 56 31 93 55 31 94 59 31 95 53 32 96 55 32 97 52 32 98 58 33 99 56 33 100 59 33 101 6 34 102 15 34 103 11 34 104 1 35 105 5 35 106 14 35 107 8 36 108 17 36 109 13 36 110 0 37 111 9 37 112 15 37 113 5 38 114 3 38 115 12 38 116 4 39 117 13 39 118 9 39 119 7 40 120 1 40 121 10 40 122 2 41 123 11 41 124 12 41 125 24 42 126 33 42 127 29 42 128 19 43 129 23 43 130 32 43 131 26 44 132 35 44 133 31 44 134 18 45 135 27 45 136 33 45 137 23 46 138 21 46 139 30 46 140 22 47 141 31 47 142 27 47 143 25 48 144 19 48 145 28 48 146 20 49 147 29 49 148 30 49 149 41 50 150 37 50 151 36 50 152 41 51 153 42 51 154 38 51 155 43 52 156 39 52 157 38 52 158 40 53 159 36 53 160 39 53 161 37 20 162 38 20 163 39 20 164 42 21 165 41 21 166 40 21 167 49 54 168 45 54 169 44 54 170 49 55 171 50 55 172 46 55 173 50 56 174 51 56 175 47 56 176 48 57 177 44 57 178 47 57 179 45 26 180 46 26 181 47 26 182 50 58 183 49 58 184 48 58 185 56 59 186 57 59 187 53 59 188 57 60 189 58 60 190 54 60 191 59 61 192 55 61 193 54 61 194 56 62 195 52 62 196 55 62 197 53 32 198 54 32 199 55 32 200 58 63 201 57 63 202 56 63 203</p>
        </triangles>
      </mesh>
    </geometry>
    <geometry id="Cylinder_002-mesh" name="Cylinder.002">
      <mesh>
        <source id="Cylinder_002-mesh-positions">
          <float_array id="Cylinder_002-mesh-positions-array" count="480">0.4617708 -1.917058 11.16292 0.452898 -2.007145 11.16292 0.4266206 -2.093771 11.16292 0.3839482 -2.173605 11.16292 0.326521 -2.24358 11.16292 0.2565457 -2.301007 11.16292 0.1767114 -2.34368 11.16292 0.09008628 -2.369957 11.16292 -8.71814e-7 -2.37883 11.16292 -0.090088 -2.369957 11.16292 -0.1767132 -2.34368 11.16292 -0.2565475 -2.301007 11.16292 -0.3265228 -2.24358 11.16292 -0.38395 -2.173605 11.16292 -0.4266223 -2.09377 11.16292 -0.4528998 -2.007145 11.16292 -0.4617725 -1.917058 11.16292 -0.4528997 -1.826971 11.16292 -0.4266222 -1.740346 11.16292 -0.3839498 -1.660511 11.16292 -0.3265226 -1.590536 11.16292 -0.2565472 -1.533109 11.16292 -0.1767129 -1.490437 11.16292 -0.09008765 -1.464159 11.16292 -4.60791e-7 -1.455287 11.16292 0.09008675 -1.464159 11.16292 0.1767119 -1.490437 11.16292 0.2565462 -1.533109 11.16292 0.3265214 -1.590537 11.16292 0.3839486 -1.660512 11.16292 0.4266208 -1.740347 11.16292 0.4528981 -1.826972 11.16292 0.4936141 -1.917058 11.16292 0.4841295 -2.013358 11.16292 0.45604 -2.105957 11.16292 0.410425 -2.191296 11.16292 0.3490377 -2.266097 11.16292 0.2742369 -2.327484 11.16292 0.1888973 -2.373099 11.16292 0.09629863 -2.401189 11.16292 -8.79913e-7 -2.410673 11.16292 -0.09630036 -2.401189 11.16292 -0.1888992 -2.373099 11.16292 -0.2742387 -2.327484 11.16292 -0.3490394 -2.266097 11.16292 -0.4104268 -2.191296 11.16292 -0.4560418 -2.105957 11.16292 -0.4841313 -2.013358 11.16292 -0.4936159 -1.917058 11.16292 -0.4841312 -1.820759 11.16292 -0.4560416 -1.72816 11.16292 -0.4104266 -1.64282 11.16292 -0.3490393 -1.568019 11.16292 -0.2742384 -1.506632 11.16292 -0.1888989 -1.461017 11.16292 -0.0963 -1.432928 11.16292 -4.40546e-7 -1.423443 11.16292 0.09629911 -1.432928 11.16292 0.1888979 -1.461018 11.16292 0.2742375 -1.506633 11.16292 0.3490381 -1.56802 11.16292 0.4104254 -1.642821 11.16292 0.4560403 -1.728161 11.16292 0.4841296 -1.82076 11.16292 0.4936141 -1.917058 11.37216 0.4841294 -2.013358 11.37216 0.4560399 -2.105957 11.37216 0.410425 -2.191296 11.37216 0.3490376 -2.266097 11.37216 0.2742369 -2.327484 11.37216 0.1888973 -2.373099 11.37216 0.09629857 -2.401189 11.37216 -9.08026e-7 -2.410673 11.37216 -0.09630036 -2.401189 11.37216 -0.1888992 -2.373099 11.37216 -0.2742387 -2.327484 11.37216 -0.3490394 -2.266097 11.37216 -0.4104269 -2.191296 11.37216 -0.4560418 -2.105957 11.37216 -0.4841313 -2.013358 11.37216 -0.4936159 -1.917058 11.37216 -0.4841313 -1.820759 11.37216 -0.4560417 -1.72816 11.37216 -0.4104267 -1.64282 11.37216 -0.3490393 -1.568019 11.37216 -0.2742385 -1.506632 11.37216 -0.1888989 -1.461017 11.37216 -0.0963 -1.432928 11.37216 -4.68659e-7 -1.423443 11.37216 0.09629905 -1.432928 11.37216 0.1888978 -1.461018 11.37216 0.2742374 -1.506633 11.37216 0.3490381 -1.56802 11.37216 0.4104254 -1.642821 11.37216 0.4560402 -1.728161 11.37216 0.4841296 -1.82076 11.37216 0.217316 -1.917058 11.37216 0.2131403 -1.959455 11.37216 0.2007738 -2.000222 11.37216 0.1806915 -2.037793 11.37216 0.1536654 -2.070724 11.37216 0.1207339 -2.097751 11.37216 0.08316272 -2.117833 11.37216 0.04239553 -2.1302 11.37216 -8.3453e-7 -2.134375 11.37216 -0.0423972 -2.1302 11.37216 -0.08316439 -2.117833 11.37216 -0.1207356 -2.097751 11.37216 -0.153667 -2.070724 11.37216 -0.1806932 -2.037793 11.37216 -0.2007755 -2.000222 11.37216 -0.213142 -1.959455 11.37216 -0.2173177 -1.917058 11.37216 -0.213142 -1.874662 11.37216 -0.2007754 -1.833895 11.37216 -0.1806931 -1.796323 11.37216 -0.153667 -1.763392 11.37216 -0.1207355 -1.736366 11.37216 -0.08316427 -1.716284 11.37216 -0.04239708 -1.703917 11.37216 -6.41096e-7 -1.699741 11.37216 0.04239577 -1.703917 11.37216 0.0831629 -1.716284 11.37216 0.1207342 -1.736366 11.37216 0.1536656 -1.763392 11.37216 0.1806917 -1.796324 11.37216 0.2007739 -1.833895 11.37216 0.2131404 -1.874662 11.37216 0.2173163 -1.917058 8.922851 0.2131407 -1.959454 8.922851 0.2007741 -2.000221 8.922851 0.1806918 -2.037793 8.922851 0.1536657 -2.070724 8.922851 0.1207343 -2.09775 8.922851 0.08316302 -2.117832 8.922851 0.04239583 -2.130199 8.922851 -5.05444e-7 -2.134375 8.922851 -0.0423969 -2.130199 8.922851 -0.08316403 -2.117832 8.922851 -0.1207353 -2.09775 8.922851 -0.1536667 -2.070724 8.922851 -0.1806929 -2.037793 8.922851 -0.2007752 -2.000221 8.922851 -0.2131417 -1.959454 8.922851 -0.2173174 -1.917058 8.922851 -0.2131417 -1.874661 8.922851 -0.2007751 -1.833894 8.922851 -0.1806928 -1.796323 8.922851 -0.1536667 -1.763391 8.922851 -0.1207352 -1.736365 8.922851 -0.08316391 -1.716283 8.922851 -0.04239672 -1.703917 8.922851 -3.1201e-7 -1.699741 8.922851 0.04239606 -1.703917 8.922851 0.08316326 -1.716283 8.922851 0.1207345 -1.736366 8.922851 0.1536659 -1.763392 8.922851 0.180692 -1.796323 8.922851 0.2007743 -1.833894 8.922851 0.2131407 -1.874662 8.922851</float_array>
          <technique_common>
            <accessor source="#Cylinder_002-mesh-positions-array" count="160" stride="3">
              <param name="X" type="float"/>
              <param name="Y" type="float"/>
              <param name="Z" type="float"/>
            </accessor>
          </technique_common>
        </source>
        <source id="Cylinder_002-mesh-normals">
          <float_array id="Cylinder_002-mesh-normals-array" count="687">0 9.32123e-6 -1 0 0 -1 0 9.01363e-7 -1 0 3.21139e-7 -1 0 -1.40187e-6 -1 0 -2.6087e-6 -1 0 -2.55531e-7 -1 0 -2.01571e-7 -1 0 -1.39777e-7 -1 0 -1.46505e-6 -1 0 2.31134e-6 -1 0 -1.51927e-6 -1 0 1.31382e-6 -1 0 -3.60521e-7 -1 0 -2.21851e-6 -1 0 1.27503e-6 -1 0 3.17871e-6 -1 0 -2.06832e-6 -1 0 1.93168e-6 -1 0 6.41802e-6 -1 0 -4.38512e-6 -1 0 -9.32118e-6 -1 0.4713993 -0.88192 0 0 3.88749e-5 -1 0 4.85943e-6 -1 0 5.19449e-6 -1 0 3.88743e-5 -1 0 -2.07772e-5 -1 0 6.30322e-5 -1 0 -1.94373e-5 -1 0 1.0389e-5 -1 0 -3.88742e-5 -1 0 -4.85931e-6 -1 0 -2.07775e-5 -1 0 -3.88756e-5 -1 0 8.66245e-6 -1 0 3.88745e-5 -1 0 -2.07775e-5 -1 0 -4.48032e-6 1 0.8819199 -0.4713994 0 0.9951847 0.09801703 0 0.7730116 0.634392 0 0.290287 0.9569396 1.83989e-7 -0.2902818 0.9569413 0 -0.7730116 0.634392 0 -0.9951848 0.09801751 -7.35966e-7 -0.8819192 -0.4714006 0 -0.471397 -0.8819212 0 0.0980066 -0.9951857 0 0.6343885 -0.7730144 0 0.9569407 -0.2902836 0 0.9569415 0.2902809 0 0.6343885 0.7730144 0 0.09802156 0.9951843 0 -0.471397 0.8819212 0 -0.8819214 0.4713965 -3.6798e-7 -0.9951848 -0.09801578 0 -0.7730116 -0.634392 -5.5197e-7 -0.2902898 -0.9569388 0 0.2902898 -0.9569388 0 0.7730116 -0.634392 3.6798e-7 0.9951847 -0.09801769 7.35957e-7 0.8819221 0.4713953 7.35958e-7 0.4713956 0.8819219 2.75984e-7 -0.09801864 0.9951847 0 -0.6343905 0.7730129 -1.83991e-7 -0.95694 0.2902858 -3.6798e-7 -0.9569404 -0.2902847 0 -0.6343931 -0.7730107 0 -0.0980066 -0.9951857 0 0.6344109 0.772996 0 0 1.01766e-5 1 0 2.54416e-6 1 0 1.79215e-5 1 0 0 1 0 -1.01766e-5 1 0 2.03534e-5 1 0 5.7244e-6 1 0 5.08832e-6 1 0 8.96066e-6 1 0 -5.0883e-6 1 0 1.01766e-5 1 0 1.79212e-5 1 0 -5.72426e-6 1 0 1.01766e-5 1 0 4.48031e-6 1 0 4.07067e-5 1 0 4.03138e-6 1 0 -5.0883e-6 1 0 -3.58423e-5 1 0 2.28975e-5 1 0 -3.05294e-5 1 0 0 1 0 -3.29803e-6 1 0 3.9508e-6 1 0 -4.56669e-6 1 0 8.92223e-6 1 0.09800499 0.995186 3.99564e-7 -0.4713902 0.8819248 2.82782e-7 -0.8819192 0.4714008 0 -0.9951849 -0.09801638 0 -0.7730205 -0.6343811 -3.68741e-7 -0.290302 -0.9569351 -4.61736e-7 0.2902932 -0.9569377 0 0.7730057 -0.634399 -1.54326e-7 0.9951847 -0.09801787 0 0.8819192 0.4714006 2.96219e-7 0.471397 0.8819212 4.04022e-7 -0.09800499 0.9951859 0 -0.6343987 0.7730061 1.9847e-7 -0.9569411 0.2902823 0 -0.9569404 -0.2902848 -1.24957e-7 -0.6343888 -0.7730142 0 -0.09803199 -0.9951834 0 0.4713895 -0.8819251 -3.15873e-7 0.8819254 -0.4713892 0 0.9951849 0.09801608 1.24954e-7 0.7730044 0.6344008 0 0.2902849 0.9569404 4.14545e-7 -0.2903016 0.9569353 3.30674e-7 -0.7730098 0.6343942 0 -0.9951848 0.09801667 0 -0.88192 -0.471399 -3.22973e-7 -0.4713963 -0.8819215 0 0.09802287 -0.9951843 0 0.6343878 -0.7730151 -2.61747e-7 0.9569404 -0.2902846 0 0.9569404 0.2902846 2.23842e-7 0.471397 -0.8819212 0 0 -5.1944e-5 -1 0 3.88744e-5 -1 0 -5.1945e-6 -1 0 -4.85936e-6 -1 0 2.07774e-5 -1 0 2.07781e-5 -1 0 -8.66244e-6 -1 0 -2.07775e-5 -1 0 3.88743e-5 -1 0 -1.0389e-5 -1 0 1.0389e-5 -1 0 -2.07776e-5 -1 0 1.9437e-5 -1 0 -6.30323e-5 -1 0 -5.08831e-6 1 0.8819195 -0.4714002 3.67983e-7 0.9951848 0.09801679 0 0.7730128 0.6343905 0 0.2902931 0.9569378 0 -0.290279 0.9569422 0 -0.7730116 0.634392 -3.6798e-7 -0.9951848 0.09801709 0 -0.881921 -0.4713972 -7.35965e-7 -0.4714017 -0.8819187 0 0.09800702 -0.9951858 0 0.6343905 -0.7730129 1.83991e-7 0.9569412 -0.2902822 7.35957e-7 0.956941 0.2902828 3.6798e-7 0.6343931 0.7730107 3.67983e-7 0.09801828 0.9951847 0 -0.4713994 0.8819199 -1.83991e-7 -0.8819218 0.4713957 -3.67979e-7 -0.9951849 -0.09801626 0 -0.7730116 -0.634392 0 -0.2902866 -0.9569398 0 0.2902898 -0.9569388 0 0.7730116 -0.634392 0 0.9951848 -0.09801578 0 0.8819218 0.4713957 0 0.4713994 0.8819199 2.75986e-7 -0.0980212 0.9951844 0 -0.6343931 0.7730107 0 -0.956941 0.2902828 -7.35959e-7 -0.9569407 -0.2902836 0 -0.6343885 -0.7730144 0 -0.09800696 -0.9951857 0 0.6343837 0.7730183 3.74874e-7 0 -8.96061e-6 1 0 -3.37104e-5 1 0 -1.79212e-5 1 0 -1.01766e-5 1 0 -5.08831e-6 1 0 -4.48032e-6 1 0 1.01764e-5 1 0 -5.08833e-6 1 0 -2.28974e-5 1 0 -1.01767e-5 1 0 4.92924e-6 1 0 8.9606e-6 1 0 1.01764e-5 1 0 2.03533e-5 1 0 4.4803e-6 1 0 -2.03531e-5 1 0 -1.01767e-5 1 0 -1.78088e-5 1 0 -1.79212e-5 1 0 -5.0883e-6 1 0 1.78091e-5 1 0 8.96066e-6 1 0.09803211 0.9951834 0 -0.4713966 0.8819214 2.67764e-7 -0.8819236 0.4713926 0 -0.9951849 -0.09801626 -1.24958e-7 -0.7730057 -0.6343992 0 -0.2902687 -0.9569452 0 0.2902769 -0.9569427 -3.77102e-7 0.7730166 -0.6343858 0 0.9951848 -0.09801661 1.24956e-7 0.8819235 0.4713928 0 0.4713898 0.8819251 4.10573e-7 -0.09803223 0.9951834 3.73475e-7 -0.6343947 0.7730094 0 -0.9569397 0.2902869 0 -0.9569434 -0.2902749 -2.49909e-7 -0.6343892 -0.7730138 0 -0.09802299 -0.9951842 0 0.4713895 -0.8819252 -3.25781e-7 0.8819195 -0.4714002 0 0.9951847 0.0980184 1.42809e-7 0.7730086 0.6343956 0 0.2903023 0.9569351 4.09454e-7 -0.2902854 0.9569402 3.36937e-7 -0.7730057 0.6343992 0 -0.995185 0.09801536 -1.24957e-7 -0.8819195 -0.4714002 -3.12393e-7 -0.4714044 -0.8819171 -4.5966e-7 0.09803217 -0.9951834 0 0.6343932 -0.7730105 -2.23136e-7 0.9569389 -0.2902895 0 0.956941 0.2902824 2.32062e-7</float_array>
          <technique_common>
            <accessor source="#Cylinder_002-mesh-normals-array" count="229" stride="3">
              <param name="X" type="float"/>
              <param name="Y" type="float"/>
              <param name="Z" type="float"/>
            </accessor>
          </technique_common>
        </source>
        <source id="Cylinder_002-mesh-map">
          <float_array id="Cylinder_002-mesh-map-array" count="1896">0.6199417 0.7729424 0.6244072 0.7276027 0.6199416 0.6822626 0.6199416 0.6822626 0.6067165 0.8165403 0.6199417 0.7729424 0.6199416 0.6822626 0.6067164 0.6386647 0.6067165 0.8165403 0.6067164 0.6386647 0.58524 0.85672 0.6067165 0.8165403 0.6067164 0.6386647 0.5852398 0.5984849 0.58524 0.85672 0.5852398 0.5984849 0.5563374 0.8919381 0.58524 0.85672 0.5852398 0.5984849 0.5563373 0.5632669 0.5563374 0.8919381 0.5563373 0.5632669 0.5211195 0.9208406 0.5563374 0.8919381 0.5563373 0.5632669 0.5211192 0.5343644 0.5211195 0.9208406 0.5211192 0.5343644 0.4809396 0.9423173 0.5211195 0.9208406 0.5211192 0.5343644 0.4809393 0.5128877 0.4809396 0.9423173 0.4809393 0.5128877 0.4373419 0.9555423 0.4809396 0.9423173 0.4809393 0.5128877 0.4373416 0.4996626 0.4373419 0.9555423 0.4373416 0.4996626 0.3920019 0.9600083 0.4373419 0.9555423 0.4373416 0.4996626 0.3920016 0.4951972 0.3920019 0.9600083 0.3920016 0.4951972 0.3466618 0.9555423 0.3920019 0.9600083 0.3920016 0.4951972 0.3466616 0.4996626 0.3466618 0.9555423 0.3466616 0.4996626 0.303064 0.9423173 0.3466618 0.9555423 0.3466616 0.4996626 0.3030639 0.5128877 0.303064 0.9423173 0.3030639 0.5128877 0.2628842 0.9208406 0.303064 0.9423173 0.3030639 0.5128877 0.262884 0.5343644 0.2628842 0.9208406 0.262884 0.5343644 0.2276661 0.8919381 0.2628842 0.9208406 0.262884 0.5343644 0.2276661 0.5632669 0.2276661 0.8919381 0.2276661 0.5632669 0.1987636 0.8567206 0.2276661 0.8919381 0.2276661 0.5632669 0.1987636 0.5984849 0.1987636 0.8567206 0.1987636 0.5984849 0.177287 0.8165403 0.1987636 0.8567206 0.1987636 0.5984849 0.177287 0.6386647 0.177287 0.8165403 0.177287 0.6386647 0.1640617 0.772943 0.177287 0.8165403 0.177287 0.6386647 0.1640617 0.6822626 0.1640617 0.772943 0.1640617 0.6822626 0.1595961 0.7276027 0.1640617 0.772943 0.0698201 0.6357871 0.03468942 0.5552113 0.03468936 0.6357871 0.05734682 0.6357871 0.0698201 0.6357871 0.03468936 0.6357871 0.2498178 0.6357871 0.1747074 0.6357871 0.1883326 0.6357871 0.3859158 0.6357871 0.4600806 0.6357871 0.3859158 0.6357871 0.6373894 0.6357871 0.597123 0.6357871 0.5834979 0.6357871 0.7144826 0.6357871 0.7587744 0.6357871 0.737141 0.6357871 0.7144826 0.6357871 0.7587744 0.6357871 0.73472 0.6357871 0.6373894 0.6357871 0.597123 0.6357871 0.6547309 0.6357871 0.3859158 0.6357871 0.4600818 0.6357871 0.4552979 0.6357871 0.1883326 0.6357871 0.2404326 0.6357871 0.2498178 0.6357871 0.05734682 0.6357871 0.0698201 0.6357871 0.0902118 0.6357871 0.03710925 0.6357871 0.00575155 0.6357871 0.03027641 0.6357871 0.0902118 0.6357871 0.1170984 0.6357871 0.0698201 0.6357871 0.2498178 0.6357871 0.3117499 0.6357871 0.2404326 0.6357871 0.4552967 0.6357871 0.5313978 0.6357871 0.4600806 0.6357871 0.6373894 0.6357871 0.7020103 0.6357871 0.6547309 0.6357871 0.73472 0.6357871 0.7660789 0.6357871 0.7587744 0.6357871 0.7144826 0.6357871 0.7020103 0.6357871 0.737141 0.6357871 0.5834979 0.6357871 0.5313978 0.6357871 0.597123 0.6357871 0.3165338 0.6357871 0.3859158 0.6357871 0.3859158 0.6357871 0.1344398 0.6357871 0.1747074 0.6357871 0.1883326 0.6357871 0.03710925 0.6357871 0.03469055 0.6357871 0.05734682 0.6357871 0.03710925 0.6357871 0.03468936 0.6357871 0.01305592 0.6357871 0.1344398 0.6357871 0.1747074 0.6357871 0.1170984 0.6357871 0.3165338 0.6357871 0.3859158 0.6357871 0.3117499 0.6357871 0.5834979 0.6357871 0.5313978 0.6357871 0.5220127 0.6357871 0.6816187 0.6357871 0.737141 0.6357871 0.7020103 0.6357871 0.73472 0.6357871 0.7660789 0.6357871 0.7415551 0.6357871 0.6816187 0.6357871 0.6547309 0.6357871 0.7020103 0.6357871 0.4552979 0.6357871 0.5313978 0.6357871 0.5220127 0.6357871 0.2498178 0.6357871 0.3117499 0.6357871 0.3165338 0.6357871 0.0902118 0.6357871 0.1170984 0.6357871 0.1344398 0.6357871 0.03710925 0.6357871 0.00575155 0.6357871 0.01305592 0.6357871 0.3920016 0.4791704 0.370664 0.6203306 0.3435349 0.4839439 0.1747074 0.6357871 0.2404326 0.5552113 0.1747074 0.5552113 0.4600806 0.6357871 0.3859158 0.5552113 0.3859158 0.6357871 0.6547309 0.6357871 0.597123 0.5552113 0.597123 0.6357871 0.7587744 0.6357871 0.737141 0.5552113 0.737141 0.6357871 0.737141 0.6357871 0.7587744 0.5552113 0.7587744 0.6357871 0.597123 0.6357871 0.6547309 0.5552113 0.6547309 0.6357871 0.3859158 0.6357871 0.4600818 0.5552113 0.4600818 0.6357871 0.2404326 0.6357871 0.1747074 0.5552113 0.2404326 0.5552113 0.03469055 0.6357871 0.0698201 0.5552113 0.0698201 0.6357871 0.00575155 0.6357871 0.01305598 0.5552113 0.00575155 0.5552113 0.0698201 0.6357871 0.1170984 0.5552113 0.0698201 0.5552113 0.2404326 0.6357871 0.3117499 0.5552113 0.2404326 0.5552113 0.5313978 0.6357871 0.4600806 0.5552113 0.4600806 0.6357871 0.7020103 0.6357871 0.6547309 0.5552113 0.6547309 0.6357871 0.7660789 0.6357871 0.7587744 0.5552113 0.7587744 0.6357871 0.7020103 0.6357871 0.737141 0.5552113 0.737141 0.6357871 0.5313978 0.6357871 0.597123 0.5552113 0.597123 0.6357871 0.3117499 0.6357871 0.3859158 0.5552113 0.3859158 0.6357871 0.1747074 0.6357871 0.1170984 0.5552113 0.1747074 0.5552113 0.01305592 0.6357871 0.03469055 0.5552113 0.03469055 0.6357871 0.01305592 0.6357871 0.03468942 0.5552113 0.01305598 0.5552113 0.1170984 0.6357871 0.1747074 0.5552113 0.1170984 0.5552113 0.3117499 0.6357871 0.3859158 0.5552113 0.3117499 0.5552113 0.597123 0.6357871 0.5313978 0.5552113 0.5313978 0.6357871 0.737141 0.6357871 0.7020103 0.5552113 0.7020103 0.6357871 0.7587744 0.6357871 0.7660789 0.5552113 0.7660789 0.6357871 0.6547309 0.6357871 0.7020103 0.5552113 0.7020103 0.6357871 0.4600818 0.6357871 0.5313978 0.5552113 0.5313978 0.6357871 0.2404326 0.6357871 0.3117499 0.5552113 0.3117499 0.6357871 0.0698201 0.6357871 0.1170984 0.5552113 0.1170984 0.6357871 0.01305592 0.6357871 0.00575155 0.5552113 0.01305598 0.5552113 0.7359634 0.59692 0.1617704 0.5646442 0.7359634 0.5646442 0.4870724 0.4980814 0.4527664 0.6366617 0.4338572 0.6265546 0.5985653 0.589581 0.4930497 0.6857472 0.4829425 0.666838 0.6356602 0.7760687 0.5013753 0.7276027 0.6404336 0.7276027 0.5985655 0.865624 0.4693406 0.8049413 0.4829427 0.788367 0.4870728 0.9571241 0.4133396 0.8348749 0.4338572 0.8286503 0.296931 0.9571241 0.3706641 0.8348749 0.3435351 0.9712611 0.2163337 0.9032705 0.3010609 0.7883675 0.3146629 0.8049413 0.1483432 0.7760694 0.2826281 0.7276027 0.2847297 0.7489404 0.185438 0.589581 0.2909536 0.6857472 0.1624804 0.6325318 0.2969307 0.4980814 0.331237 0.6366617 0.2539802 0.5210387 0.3920016 0.4791704 0.4133394 0.6203306 0.3920016 0.6182289 0.5676696 0.5519345 0.4527664 0.6366617 0.5300231 0.5210387 0.6356602 0.6791362 0.4930497 0.6857472 0.6215229 0.6325318 0.6215232 0.8226732 0.4992738 0.7489404 0.6356602 0.7760687 0.5300234 0.9341664 0.4693406 0.8049413 0.5676698 0.9032705 0.4404686 0.9712611 0.3920018 0.8369761 0.4133396 0.8348749 0.296931 0.9571241 0.331237 0.8185433 0.3501463 0.828651 0.1624805 0.8226738 0.3010609 0.7883675 0.185438 0.865624 0.1435697 0.7276027 0.2847297 0.7062652 0.2826281 0.7276027 0.2163337 0.5519345 0.3010607 0.666838 0.185438 0.589581 0.2969307 0.4980814 0.370664 0.6203306 0.3501462 0.6265546 0.4870724 0.4980814 0.4133394 0.6203306 0.4404684 0.4839439 0.5985653 0.589581 0.4693406 0.6502637 0.5676696 0.5519345 0.6404336 0.7276027 0.4992738 0.7062652 0.6356602 0.6791362 0.6215232 0.8226732 0.4829427 0.788367 0.4930498 0.7694578 0.4870728 0.9571241 0.4527665 0.8185433 0.5300234 0.9341664 0.3435351 0.9712611 0.3920018 0.8369761 0.3920019 0.9760344 0.2539803 0.9341664 0.3146629 0.8049413 0.331237 0.8185433 0.1483432 0.7760694 0.2909536 0.7694582 0.1624805 0.8226738 0.1483432 0.6791362 0.2909536 0.6857472 0.2847297 0.7062652 0.2163337 0.5519345 0.331237 0.6366617 0.3146629 0.6502637 0.353263 0.8763923 0.3859158 0.8763923 0.4185675 0.8763923 0.353263 0.8763923 0.4185675 0.8763923 0.4499642 0.8763923 0.353263 0.8763923 0.4499642 0.8763923 0.3218662 0.8763923 0.4499642 0.8763923 0.4788997 0.8763923 0.3218662 0.8763923 0.4788997 0.8763923 0.2929296 0.8763923 0.3218662 0.8763923 0.4788997 0.8763923 0.5042624 0.8763923 0.2929296 0.8763923 0.5042624 0.8763923 0.2675669 0.8763923 0.2929296 0.8763923 0.5042624 0.8763923 0.525077 0.8763923 0.2675669 0.8763923 0.525077 0.8763923 0.2467522 0.8763923 0.2675669 0.8763923 0.525077 0.8763923 0.5405437 0.8763923 0.2467522 0.8763923 0.5405437 0.8763923 0.2312856 0.8763923 0.2467522 0.8763923 0.5405437 0.8763923 0.5500687 0.8763923 0.2312856 0.8763923 0.5500687 0.8763923 0.2217616 0.8763923 0.2312856 0.8763923 0.5500687 0.8763923 0.5532849 0.8763923 0.2217616 0.8763923 0.5532849 0.8763923 0.2185454 0.8763923 0.2217616 0.8763923 0.5532849 0.8763923 0.5500687 0.8763923 0.2185454 0.8763923 0.5500687 0.8763923 0.2217616 0.8763923 0.2185454 0.8763923 0.5500687 0.8763923 0.5405449 0.8763923 0.2217616 0.8763923 0.5405449 0.8763923 0.2312856 0.8763923 0.2217616 0.8763923 0.5405449 0.8763923 0.525077 0.8763923 0.2312856 0.8763923 0.525077 0.8763923 0.2467522 0.8763923 0.2312856 0.8763923 0.525077 0.8763923 0.5042635 0.8763923 0.2467522 0.8763923 0.5042635 0.8763923 0.2675669 0.8763923 0.2467522 0.8763923 0.5042635 0.8763923 0.4789008 0.8763923 0.2675669 0.8763923 0.4789008 0.8763923 0.2929296 0.8763923 0.2675669 0.8763923 0.4789008 0.8763923 0.4499654 0.8763923 0.2929296 0.8763923 0.4499654 0.8763923 0.3218662 0.8763923 0.2929296 0.8763923 0.4499654 0.8763923 0.4185675 0.8763923 0.3218662 0.8763923 0.4185675 0.8763923 0.353263 0.8763923 0.3218662 0.8763923 0.4185675 0.8763923 0.3859158 0.8763923 0.353263 0.8763923 0.7359634 0.7152503 0.1617704 0.6736981 0.7359634 0.6736981 0.7359634 0.8335804 0.1617704 0.7967574 0.7359634 0.7967574 0.7359634 0.912026 0.1617704 0.8923437 0.7359634 0.8923437 0.7359634 0.9241462 0.1617704 0.928239 0.7359634 0.928239 0.7359634 0.8658562 0.1617704 0.8923437 0.7359634 0.8923437 0.7359634 0.7568023 0.1617704 0.7967574 0.7359634 0.7967574 0.7359634 0.6337431 0.1617704 0.6736984 0.7359634 0.6736984 0.7359634 0.5381568 0.1617704 0.5646442 0.7359634 0.5646442 0.7359634 0.5022613 0.1617704 0.5063537 0.7359634 0.5063537 0.7359634 0.5381568 0.1617704 0.518474 0.7359634 0.518474 0.7359634 0.6337431 0.1617704 0.59692 0.7359634 0.59692 0.7359634 0.756802 0.1617704 0.7152503 0.7359634 0.7152503 0.7359634 0.8658556 0.1617704 0.8335804 0.7359634 0.8335804 0.7359634 0.9241462 0.1617704 0.912026 0.7359634 0.912026 0.7359634 0.912026 0.1617704 0.9241462 0.7359634 0.9241462 0.7359634 0.8335804 0.1617704 0.8658562 0.7359634 0.8658562 0.7359634 0.7152503 0.1617704 0.7568023 0.7359634 0.7568023 0.7359634 0.59692 0.1617704 0.6337431 0.7359634 0.6337431 0.7359634 0.518474 0.1617704 0.5381568 0.7359634 0.5381568 0.7359634 0.5063537 0.1617704 0.5022613 0.7359634 0.5022613 0.7359634 0.5646442 0.1617704 0.5381568 0.7359634 0.5381568 0.7359634 0.6736981 0.1617704 0.6337431 0.7359634 0.6337431 0.7359634 0.7967574 0.1617704 0.756802 0.7359634 0.756802 0.7359634 0.8923437 0.1617704 0.8658556 0.7359634 0.8658556 0.7359634 0.928239 0.1617704 0.9241462 0.7359634 0.9241462 0.7359634 0.8923437 0.1617704 0.912026 0.7359634 0.912026 0.7359634 0.7967574 0.1617704 0.8335804 0.7359634 0.8335804 0.7359634 0.6736984 0.1617704 0.7152503 0.7359634 0.7152503 0.7359634 0.5646442 0.1617704 0.59692 0.7359634 0.59692 0.7359634 0.5063537 0.1617704 0.518474 0.7359634 0.518474 0.7359634 0.518474 0.1617704 0.5063537 0.7359634 0.5063537 0.0698201 0.6357871 0.0698201 0.5552113 0.03468942 0.5552113 0.05734682 0.6357871 0.0902118 0.6357871 0.0698201 0.6357871 0.2498178 0.6357871 0.2404326 0.6357871 0.1747074 0.6357871 0.3859158 0.6357871 0.4552967 0.6357871 0.4600806 0.6357871 0.6373894 0.6357871 0.6547309 0.6357871 0.597123 0.6357871 0.7144826 0.6357871 0.73472 0.6357871 0.7587744 0.6357871 0.7144826 0.6357871 0.737141 0.6357871 0.7587744 0.6357871 0.6373894 0.6357871 0.5834979 0.6357871 0.597123 0.6357871 0.3859158 0.6357871 0.3859158 0.6357871 0.4600818 0.6357871 0.1883326 0.6357871 0.1747074 0.6357871 0.2404326 0.6357871 0.05734682 0.6357871 0.03469055 0.6357871 0.0698201 0.6357871 0.03710925 0.6357871 0.01305592 0.6357871 0.00575155 0.6357871 0.0902118 0.6357871 0.1344398 0.6357871 0.1170984 0.6357871 0.2498178 0.6357871 0.3165338 0.6357871 0.3117499 0.6357871 0.4552967 0.6357871 0.5220127 0.6357871 0.5313978 0.6357871 0.6373894 0.6357871 0.6816187 0.6357871 0.7020103 0.6357871 0.73472 0.6357871 0.7415551 0.6357871 0.7660789 0.6357871 0.7144826 0.6357871 0.6816187 0.6357871 0.7020103 0.6357871 0.5834979 0.6357871 0.5220127 0.6357871 0.5313978 0.6357871 0.3165338 0.6357871 0.3117499 0.6357871 0.3859158 0.6357871 0.1344398 0.6357871 0.1170984 0.6357871 0.1747074 0.6357871 0.03710925 0.6357871 0.01305592 0.6357871 0.03469055 0.6357871 0.03710925 0.6357871 0.05734682 0.6357871 0.03468936 0.6357871 0.1344398 0.6357871 0.1883326 0.6357871 0.1747074 0.6357871 0.3165338 0.6357871 0.3859158 0.6357871 0.3859158 0.6357871 0.5834979 0.6357871 0.597123 0.6357871 0.5313978 0.6357871 0.6816187 0.6357871 0.7144826 0.6357871 0.737141 0.6357871 0.73472 0.6357871 0.7587744 0.6357871 0.7660789 0.6357871 0.6816187 0.6357871 0.6373894 0.6357871 0.6547309 0.6357871 0.4552979 0.6357871 0.4600818 0.6357871 0.5313978 0.6357871 0.2498178 0.6357871 0.2404326 0.6357871 0.3117499 0.6357871 0.0902118 0.6357871 0.0698201 0.6357871 0.1170984 0.6357871 0.03710925 0.6357871 0.03027641 0.6357871 0.00575155 0.6357871 0.3920016 0.4791704 0.3920016 0.6182289 0.370664 0.6203306 0.1747074 0.6357871 0.2404326 0.6357871 0.2404326 0.5552113 0.4600806 0.6357871 0.4600806 0.5552113 0.3859158 0.5552113 0.6547309 0.6357871 0.6547309 0.5552113 0.597123 0.5552113 0.7587744 0.6357871 0.7587744 0.5552113 0.737141 0.5552113 0.737141 0.6357871 0.737141 0.5552113 0.7587744 0.5552113 0.597123 0.6357871 0.597123 0.5552113 0.6547309 0.5552113 0.3859158 0.6357871 0.3859158 0.5552113 0.4600818 0.5552113 0.2404326 0.6357871 0.1747074 0.6357871 0.1747074 0.5552113 0.03469055 0.6357871 0.03469055 0.5552113 0.0698201 0.5552113 0.00575155 0.6357871 0.01305592 0.6357871 0.01305598 0.5552113 0.0698201 0.6357871 0.1170984 0.6357871 0.1170984 0.5552113 0.2404326 0.6357871 0.3117499 0.6357871 0.3117499 0.5552113 0.5313978 0.6357871 0.5313978 0.5552113 0.4600806 0.5552113 0.7020103 0.6357871 0.7020103 0.5552113 0.6547309 0.5552113 0.7660789 0.6357871 0.7660789 0.5552113 0.7587744 0.5552113 0.7020103 0.6357871 0.7020103 0.5552113 0.737141 0.5552113 0.5313978 0.6357871 0.5313978 0.5552113 0.597123 0.5552113 0.3117499 0.6357871 0.3117499 0.5552113 0.3859158 0.5552113 0.1747074 0.6357871 0.1170984 0.6357871 0.1170984 0.5552113 0.01305592 0.6357871 0.01305598 0.5552113 0.03469055 0.5552113 0.01305592 0.6357871 0.03468936 0.6357871 0.03468942 0.5552113 0.1170984 0.6357871 0.1747074 0.6357871 0.1747074 0.5552113 0.3117499 0.6357871 0.3859158 0.6357871 0.3859158 0.5552113 0.597123 0.6357871 0.597123 0.5552113 0.5313978 0.5552113 0.737141 0.6357871 0.737141 0.5552113 0.7020103 0.5552113 0.7587744 0.6357871 0.7587744 0.5552113 0.7660789 0.5552113 0.6547309 0.6357871 0.6547309 0.5552113 0.7020103 0.5552113 0.4600818 0.6357871 0.4600818 0.5552113 0.5313978 0.5552113 0.2404326 0.6357871 0.2404326 0.5552113 0.3117499 0.5552113 0.0698201 0.6357871 0.0698201 0.5552113 0.1170984 0.5552113 0.01305592 0.6357871 0.00575155 0.6357871 0.00575155 0.5552113 0.7359634 0.59692 0.1617704 0.59692 0.1617704 0.5646442 0.4870724 0.4980814 0.5300231 0.5210387 0.4527664 0.6366617 0.5985653 0.589581 0.6215229 0.6325318 0.4930497 0.6857472 0.6356602 0.7760687 0.4992738 0.7489404 0.5013753 0.7276027 0.5985655 0.865624 0.5676698 0.9032705 0.4693406 0.8049413 0.4870728 0.9571241 0.4404686 0.9712611 0.4133396 0.8348749 0.296931 0.9571241 0.3501463 0.828651 0.3706641 0.8348749 0.2163337 0.9032705 0.185438 0.865624 0.3010609 0.7883675 0.1483432 0.7760694 0.1435697 0.7276027 0.2826281 0.7276027 0.185438 0.589581 0.3010607 0.666838 0.2909536 0.6857472 0.2969307 0.4980814 0.3501462 0.6265546 0.331237 0.6366617 0.3920016 0.4791704 0.4404684 0.4839439 0.4133394 0.6203306 0.5676696 0.5519345 0.4693406 0.6502637 0.4527664 0.6366617 0.6356602 0.6791362 0.4992738 0.7062652 0.4930497 0.6857472 0.6215232 0.8226732 0.4930498 0.7694578 0.4992738 0.7489404 0.5300234 0.9341664 0.4527665 0.8185433 0.4693406 0.8049413 0.4404686 0.9712611 0.3920019 0.9760344 0.3920018 0.8369761 0.296931 0.9571241 0.2539803 0.9341664 0.331237 0.8185433 0.1624805 0.8226738 0.2909536 0.7694582 0.3010609 0.7883675 0.1435697 0.7276027 0.1483432 0.6791362 0.2847297 0.7062652 0.2163337 0.5519345 0.3146629 0.6502637 0.3010607 0.666838 0.2969307 0.4980814 0.3435349 0.4839439 0.370664 0.6203306 0.4870724 0.4980814 0.4338572 0.6265546 0.4133394 0.6203306 0.5985653 0.589581 0.4829425 0.666838 0.4693406 0.6502637 0.6404336 0.7276027 0.5013753 0.7276027 0.4992738 0.7062652 0.6215232 0.8226732 0.5985655 0.865624 0.4829427 0.788367 0.4870728 0.9571241 0.4338572 0.8286503 0.4527665 0.8185433 0.3435351 0.9712611 0.3706641 0.8348749 0.3920018 0.8369761 0.2539803 0.9341664 0.2163337 0.9032705 0.3146629 0.8049413 0.1483432 0.7760694 0.2847297 0.7489404 0.2909536 0.7694582 0.1483432 0.6791362 0.1624804 0.6325318 0.2909536 0.6857472 0.2163337 0.5519345 0.2539802 0.5210387 0.331237 0.6366617 0.7359634 0.7152503 0.1617704 0.7152503 0.1617704 0.6736981 0.7359634 0.8335804 0.1617704 0.8335804 0.1617704 0.7967574 0.7359634 0.912026 0.1617704 0.912026 0.1617704 0.8923437 0.7359634 0.9241462 0.1617704 0.9241462 0.1617704 0.928239 0.7359634 0.8658562 0.1617704 0.8658562 0.1617704 0.8923437 0.7359634 0.7568023 0.1617704 0.7568023 0.1617704 0.7967574 0.7359634 0.6337431 0.1617704 0.6337431 0.1617704 0.6736984 0.7359634 0.5381568 0.1617704 0.5381568 0.1617704 0.5646442 0.7359634 0.5022613 0.1617704 0.5022613 0.1617704 0.5063537 0.7359634 0.5381568 0.1617704 0.5381568 0.1617704 0.518474 0.7359634 0.6337431 0.1617704 0.6337431 0.1617704 0.59692 0.7359634 0.756802 0.1617704 0.756802 0.1617704 0.7152503 0.7359634 0.8658556 0.1617704 0.8658556 0.1617704 0.8335804 0.7359634 0.9241462 0.1617704 0.9241462 0.1617704 0.912026 0.7359634 0.912026 0.1617704 0.912026 0.1617704 0.9241462 0.7359634 0.8335804 0.1617704 0.8335804 0.1617704 0.8658562 0.7359634 0.7152503 0.1617704 0.7152503 0.1617704 0.7568023 0.7359634 0.59692 0.1617704 0.59692 0.1617704 0.6337431 0.7359634 0.518474 0.1617704 0.518474 0.1617704 0.5381568 0.7359634 0.5063537 0.1617704 0.5063537 0.1617704 0.5022613 0.7359634 0.5646442 0.1617704 0.5646442 0.1617704 0.5381568 0.7359634 0.6736981 0.1617704 0.6736981 0.1617704 0.6337431 0.7359634 0.7967574 0.1617704 0.7967574 0.1617704 0.756802 0.7359634 0.8923437 0.1617704 0.8923437 0.1617704 0.8658556 0.7359634 0.928239 0.1617704 0.928239 0.1617704 0.9241462 0.7359634 0.8923437 0.1617704 0.8923437 0.1617704 0.912026 0.7359634 0.7967574 0.1617704 0.7967574 0.1617704 0.8335804 0.7359634 0.6736984 0.1617704 0.6736984 0.1617704 0.7152503 0.7359634 0.5646442 0.1617704 0.5646442 0.1617704 0.59692 0.7359634 0.5063537 0.1617704 0.5063537 0.1617704 0.518474 0.7359634 0.518474 0.1617704 0.518474 0.1617704 0.5063537</float_array>
          <technique_common>
            <accessor source="#Cylinder_002-mesh-map-array" count="948" stride="2">
              <param name="S" type="float"/>
              <param name="T" type="float"/>
            </accessor>
          </technique_common>
        </source>
        <vertices id="Cylinder_002-mesh-vertices">
          <input semantic="POSITION" source="#Cylinder_002-mesh-positions"/>
        </vertices>
        <triangles count="316">
          <input semantic="VERTEX" source="#Cylinder_002-mesh-vertices" offset="0"/>
          <input semantic="NORMAL" source="#Cylinder_002-mesh-normals" offset="1"/>
          <input semantic="TEXCOORD" source="#Cylinder_002-mesh-map" offset="2" set="0"/>
          <p>31 0 0 0 0 1 1 0 2 1 1 3 30 1 4 31 1 5 1 2 6 2 2 7 30 2 8 2 1 9 29 1 10 30 1 11 2 3 12 3 3 13 29 3 14 3 1 15 28 1 16 29 1 17 3 4 18 4 4 19 28 4 20 4 5 21 27 5 22 28 5 23 4 6 24 5 6 25 27 6 26 5 1 27 26 1 28 27 1 29 5 7 30 6 7 31 26 7 32 6 1 33 25 1 34 26 1 35 6 8 36 7 8 37 25 8 38 7 1 39 24 1 40 25 1 41 7 9 42 8 9 43 24 9 44 8 1 45 23 1 46 24 1 47 8 10 48 9 10 49 23 10 50 9 11 51 22 11 52 23 11 53 9 12 54 10 12 55 22 12 56 10 1 57 21 1 58 22 1 59 10 13 60 11 13 61 21 13 62 11 14 63 20 14 64 21 14 65 11 15 66 12 15 67 20 15 68 12 16 69 19 16 70 20 16 71 12 17 72 13 17 73 19 17 74 13 1 75 18 1 76 19 1 77 13 18 78 14 18 79 18 18 80 14 19 81 17 19 82 18 19 83 14 20 84 15 20 85 17 20 86 15 21 87 16 21 88 17 21 89 37 22 90 70 22 91 38 22 92 6 23 93 37 23 94 38 23 95 2 1 96 35 1 97 3 1 98 0 24 99 63 24 100 32 24 101 28 1 102 61 1 103 29 1 104 26 1 105 57 1 106 58 1 107 22 25 108 55 25 109 23 25 110 20 26 111 51 26 112 52 26 113 16 1 114 49 1 115 17 1 116 13 27 117 46 27 118 14 27 119 10 1 120 43 1 121 11 1 122 7 28 123 40 28 124 8 28 125 5 1 126 36 1 127 37 1 128 2 29 129 33 29 130 34 29 131 31 1 132 62 1 133 63 1 134 28 1 135 59 1 136 60 1 137 25 1 138 56 1 139 57 1 140 22 1 141 53 1 142 54 1 143 19 1 144 50 1 145 51 1 146 15 1 147 48 1 148 16 1 149 12 1 150 45 1 151 13 1 152 9 30 153 42 30 154 10 30 155 7 1 156 38 1 157 39 1 158 4 31 159 35 31 160 36 31 161 1 32 162 32 32 163 33 32 164 29 33 165 62 33 166 30 33 167 27 34 168 58 34 169 59 34 170 23 35 171 56 35 172 24 35 173 21 36 174 52 36 175 53 36 176 17 1 177 50 1 178 18 1 179 14 1 180 47 1 181 15 1 182 11 37 183 44 37 184 12 37 185 9 1 186 40 1 187 41 1 188 72 38 189 105 38 190 73 38 191 35 39 192 66 39 193 67 39 194 63 40 195 64 40 196 32 40 197 60 41 198 93 41 199 61 41 200 57 42 201 90 42 202 58 42 203 54 43 204 87 43 205 55 43 206 51 44 207 84 44 208 52 44 209 48 45 210 81 45 211 49 45 212 46 46 213 77 46 214 78 46 215 42 47 216 75 47 217 43 47 218 40 48 219 71 48 220 72 48 221 37 49 222 68 49 223 69 49 224 34 50 225 65 50 226 66 50 227 62 51 228 95 51 229 63 51 230 59 52 231 92 52 232 60 52 233 56 53 234 89 53 235 57 53 236 53 54 237 86 54 238 54 54 239 50 55 240 83 55 241 51 55 242 47 56 243 80 56 244 48 56 245 45 57 246 76 57 247 77 57 248 41 58 249 74 58 250 42 58 251 39 59 252 70 59 253 71 59 254 36 60 255 67 60 256 68 60 257 33 61 258 64 61 259 65 61 260 61 62 261 94 62 262 62 62 263 58 63 264 91 63 265 59 63 266 55 64 267 88 64 268 56 64 269 52 65 270 85 65 271 53 65 272 49 66 273 82 66 274 50 66 275 46 67 276 79 67 277 47 67 278 43 68 279 76 68 280 44 68 281 41 69 282 72 69 283 73 69 284 107 70 285 140 70 286 108 70 287 70 71 288 101 71 289 102 71 290 67 72 291 98 72 292 99 72 293 95 73 294 96 73 295 64 73 296 93 74 297 124 74 298 125 74 299 90 75 300 121 75 301 122 75 302 86 74 303 119 74 304 87 74 305 84 76 306 115 76 307 116 76 308 81 77 309 112 77 310 113 77 311 77 74 312 110 74 313 78 74 314 74 74 315 107 74 316 75 74 317 72 78 318 103 78 319 104 78 320 68 79 321 101 79 322 69 79 323 65 74 324 98 74 325 66 74 326 94 74 327 127 74 328 95 74 329 91 74 330 124 74 331 92 74 332 89 80 333 120 80 334 121 80 335 86 81 336 117 81 337 118 81 338 82 82 339 115 82 340 83 82 341 80 83 342 111 83 343 112 83 344 76 74 345 109 74 346 77 74 347 74 84 348 105 84 349 106 84 350 70 85 351 103 85 352 71 85 353 67 74 354 100 74 355 68 74 356 64 74 357 97 74 358 65 74 359 94 86 360 125 86 361 126 86 362 90 74 363 123 74 364 91 74 365 87 87 366 120 87 367 88 87 368 85 88 369 116 88 370 117 88 371 81 89 372 114 89 373 82 89 374 79 90 375 110 90 376 111 90 377 76 91 378 107 91 379 108 91 380 129 74 381 128 74 382 159 74 383 129 74 384 159 74 385 158 74 386 129 92 387 158 92 388 130 92 389 158 74 390 157 74 391 130 74 392 157 74 393 131 74 394 130 74 395 157 74 396 156 74 397 131 74 398 156 74 399 132 74 400 131 74 401 156 74 402 155 74 403 132 74 404 155 74 405 133 74 406 132 74 407 155 74 408 154 74 409 133 74 410 154 74 411 134 74 412 133 74 413 154 74 414 153 74 415 134 74 416 153 74 417 135 74 418 134 74 419 153 74 420 152 74 421 135 74 422 152 74 423 136 74 424 135 74 425 152 74 426 151 74 427 136 74 428 151 93 429 137 93 430 136 93 431 151 74 432 150 74 433 137 74 434 150 74 435 138 74 436 137 74 437 150 94 438 149 94 439 138 94 440 149 74 441 139 74 442 138 74 443 149 74 444 148 74 445 139 74 446 148 74 447 140 74 448 139 74 449 148 74 450 147 74 451 140 74 452 147 95 453 141 95 454 140 95 455 147 74 456 146 74 457 141 74 458 146 96 459 142 96 460 141 96 461 146 74 462 145 74 463 142 74 464 145 74 465 143 74 466 142 74 467 145 74 468 144 74 469 143 74 470 104 97 471 137 97 472 105 97 473 101 98 474 134 98 475 102 98 476 98 99 477 131 99 478 99 99 479 127 100 480 128 100 481 96 100 482 124 101 483 157 101 484 125 101 485 121 102 486 154 102 487 122 102 488 118 103 489 151 103 490 119 103 491 115 104 492 148 104 493 116 104 494 112 105 495 145 105 496 113 105 497 109 106 498 142 106 499 110 106 500 106 107 501 139 107 502 107 107 503 103 108 504 136 108 505 104 108 506 100 109 507 133 109 508 101 109 509 97 110 510 130 110 511 98 110 512 126 111 513 159 111 514 127 111 515 123 112 516 156 112 517 124 112 518 120 113 519 153 113 520 121 113 521 117 114 522 150 114 523 118 114 524 114 115 525 147 115 526 115 115 527 111 116 528 144 116 529 112 116 530 108 117 531 141 117 532 109 117 533 105 118 534 138 118 535 106 118 536 102 119 537 135 119 538 103 119 539 99 120 540 132 120 541 100 120 542 96 121 543 129 121 544 97 121 545 125 122 546 158 122 547 126 122 548 122 123 549 155 123 550 123 123 551 119 124 552 152 124 553 120 124 554 116 125 555 149 125 556 117 125 557 113 126 558 146 126 559 114 126 560 110 127 561 143 127 562 111 127 563 37 128 564 69 128 565 70 128 566 6 129 567 5 129 568 37 129 569 2 1 570 34 1 571 35 1 572 0 1 573 31 1 574 63 1 575 28 130 576 60 130 577 61 130 578 26 131 579 25 131 580 57 131 581 22 1 582 54 1 583 55 1 584 20 1 585 19 1 586 51 1 587 16 132 588 48 132 589 49 132 590 13 1 591 45 1 592 46 1 593 10 1 594 42 1 595 43 1 596 7 1 597 39 1 598 40 1 599 5 133 600 4 133 601 36 133 602 2 1 603 1 1 604 33 1 605 31 1 606 30 1 607 62 1 608 28 134 609 27 134 610 59 134 611 25 135 612 24 135 613 56 135 614 22 1 615 21 1 616 53 1 617 19 136 618 18 136 619 50 136 620 15 32 621 47 32 622 48 32 623 12 137 624 44 137 625 45 137 626 9 1 627 41 1 628 42 1 629 7 138 630 6 138 631 38 138 632 4 1 633 3 1 634 35 1 635 1 1 636 0 1 637 32 1 638 29 1 639 61 1 640 62 1 641 27 139 642 26 139 643 58 139 644 23 1 645 55 1 646 56 1 647 21 140 648 20 140 649 52 140 650 17 1 651 49 1 652 50 1 653 14 141 654 46 141 655 47 141 656 11 1 657 43 1 658 44 1 659 9 142 660 8 142 661 40 142 662 72 143 663 104 143 664 105 143 665 35 144 666 34 144 667 66 144 668 63 145 669 95 145 670 64 145 671 60 146 672 92 146 673 93 146 674 57 147 675 89 147 676 90 147 677 54 148 678 86 148 679 87 148 680 51 149 681 83 149 682 84 149 683 48 150 684 80 150 685 81 150 686 46 151 687 45 151 688 77 151 689 42 152 690 74 152 691 75 152 692 40 153 693 39 153 694 71 153 695 37 154 696 36 154 697 68 154 698 34 155 699 33 155 700 65 155 701 62 156 702 94 156 703 95 156 704 59 157 705 91 157 706 92 157 707 56 158 708 88 158 709 89 158 710 53 159 711 85 159 712 86 159 713 50 160 714 82 160 715 83 160 716 47 161 717 79 161 718 80 161 719 45 162 720 44 162 721 76 162 722 41 163 723 73 163 724 74 163 725 39 164 726 38 164 727 70 164 728 36 165 729 35 165 730 67 165 731 33 166 732 32 166 733 64 166 734 61 167 735 93 167 736 94 167 737 58 168 738 90 168 739 91 168 740 55 169 741 87 169 742 88 169 743 52 170 744 84 170 745 85 170 746 49 171 747 81 171 748 82 171 749 46 172 750 78 172 751 79 172 752 43 173 753 75 173 754 76 173 755 41 174 756 40 174 757 72 174 758 107 175 759 139 175 760 140 175 761 70 176 762 69 176 763 101 176 764 67 74 765 66 74 766 98 74 767 95 177 768 127 177 769 96 177 770 93 74 771 92 74 772 124 74 773 90 85 774 89 85 775 121 85 776 86 74 777 118 74 778 119 74 779 84 178 780 83 178 781 115 178 782 81 74 783 80 74 784 112 74 785 77 179 786 109 179 787 110 179 788 74 180 789 106 180 790 107 180 791 72 181 792 71 181 793 103 181 794 68 182 795 100 182 796 101 182 797 65 183 798 97 183 799 98 183 800 94 184 801 126 184 802 127 184 803 91 185 804 123 185 805 124 185 806 89 186 807 88 186 808 120 186 809 86 187 810 85 187 811 117 187 812 82 188 813 114 188 814 115 188 815 80 74 816 79 74 817 111 74 818 76 189 819 108 189 820 109 189 821 74 190 822 73 190 823 105 190 824 70 191 825 102 191 826 103 191 827 67 192 828 99 192 829 100 192 830 64 193 831 96 193 832 97 193 833 94 194 834 93 194 835 125 194 836 90 74 837 122 74 838 123 74 839 87 195 840 119 195 841 120 195 842 85 74 843 84 74 844 116 74 845 81 196 846 113 196 847 114 196 848 79 74 849 78 74 850 110 74 851 76 197 852 75 197 853 107 197 854 104 198 855 136 198 856 137 198 857 101 199 858 133 199 859 134 199 860 98 200 861 130 200 862 131 200 863 127 201 864 159 201 865 128 201 866 124 202 867 156 202 868 157 202 869 121 203 870 153 203 871 154 203 872 118 204 873 150 204 874 151 204 875 115 205 876 147 205 877 148 205 878 112 206 879 144 206 880 145 206 881 109 207 882 141 207 883 142 207 884 106 208 885 138 208 886 139 208 887 103 209 888 135 209 889 136 209 890 100 210 891 132 210 892 133 210 893 97 211 894 129 211 895 130 211 896 126 212 897 158 212 898 159 212 899 123 213 900 155 213 901 156 213 902 120 214 903 152 214 904 153 214 905 117 215 906 149 215 907 150 215 908 114 216 909 146 216 910 147 216 911 111 217 912 143 217 913 144 217 914 108 218 915 140 218 916 141 218 917 105 219 918 137 219 919 138 219 920 102 220 921 134 220 922 135 220 923 99 221 924 131 221 925 132 221 926 96 222 927 128 222 928 129 222 929 125 223 930 157 223 931 158 223 932 122 224 933 154 224 934 155 224 935 119 225 936 151 225 937 152 225 938 116 226 939 148 226 940 149 226 941 113 227 942 145 227 943 146 227 944 110 228 945 142 228 946 143 228 947</p>
        </triangles>
      </mesh>
    </geometry>
    <geometry id="Cylinder-mesh" name="Cylinder">
      <mesh>
        <source id="Cylinder-mesh-positions">
          <float_array id="Cylinder-mesh-positions-array" count="1413">9.62115e-7 -2.917057 -7.598872 -9.26887e-7 -2.917059 8.46051 -0.1950893 -2.897842 -7.598872 -0.1950912 -2.897845 8.46051 -0.3826824 -2.840936 -7.598872 -0.3826843 -2.840939 8.46051 -0.5555693 -2.748526 -7.598872 -0.5555712 -2.748529 8.46051 -0.7071059 -2.624163 -7.598872 -0.7071078 -2.624166 8.46051 -0.8314688 -2.472627 -7.598872 -0.8314707 -2.47263 8.46051 -0.9238787 -2.29974 -7.598872 -0.9238806 -2.299743 8.46051 -0.9807844 -2.112147 -7.598872 -0.9807863 -2.112149 8.46051 -0.9999991 -1.917056 -7.598872 -1.000001 -1.917059 8.46051 -0.9807843 -1.721966 -7.598872 -0.9807862 -1.721969 8.46051 -0.9238784 -1.534373 -7.598872 -0.9238803 -1.534375 8.46051 -0.8314684 -1.361486 -7.598872 -0.8314703 -1.361489 8.46051 -0.7071055 -1.209949 -7.598872 -0.7071074 -1.209952 8.46051 -0.5555688 -1.085587 -7.598872 -0.5555707 -1.085589 8.46051 -0.3826818 -0.9931768 -7.598872 -0.3826837 -0.9931795 8.46051 -0.1950886 -0.9362712 -7.598872 -0.1950904 -0.9362739 8.46051 1.85222e-6 -0.9170566 -7.598872 0 -0.9170593 8.46051 1.11778e-6 -2.877704 -8.706956 -0.1874119 -2.859245 -8.706956 -0.3676226 -2.804579 -8.706956 -0.533706 -2.715806 -8.706956 -0.6792793 -2.596337 -8.706956 -0.7987481 -2.450763 -8.706956 -0.8875216 -2.28468 -8.706956 -0.9421879 -2.104469 -8.706956 -0.9606463 -1.917056 -8.706956 -0.9421877 -1.729643 -8.706956 -0.8875213 -1.549432 -8.706956 -0.7987478 -1.383349 -8.706956 -0.6792789 -1.237776 -8.706956 -0.5337055 -1.118307 -8.706956 -0.3676221 -1.029534 -8.706956 -0.1874111 -0.9748674 -8.706956 1.97285e-6 -0.956409 -8.706956 1.06591e-6 -2.814409 -9.308487 -0.1750633 -2.797166 -9.308487 -0.3434002 -2.746102 -9.308487 -0.4985405 -2.663177 -9.308487 -0.634522 -2.55158 -9.308487 -0.7461191 -2.415599 -9.308487 -0.8290433 -2.260459 -9.308487 -0.8801077 -2.092122 -9.308487 -0.89735 -1.917057 -9.308487 -0.8801076 -1.741993 -9.308487 -0.829043 -1.573656 -9.308487 -0.7461188 -1.418516 -9.308487 -0.6345216 -1.282534 -9.308487 -0.4985401 -1.170937 -9.308487 -0.3433997 -1.088013 -9.308487 -0.1750627 -1.036949 -9.308487 1.86465e-6 -1.019706 -9.308487 1.1656e-6 -2.640115 -9.762274 -0.1410604 -2.626222 -9.762274 -0.276701 -2.585076 -9.762274 -0.4017083 -2.518258 -9.762274 -0.511278 -2.428336 -9.762274 -0.6011995 -2.318767 -9.762274 -0.6680173 -2.193759 -9.762274 -0.7091634 -2.058119 -9.762274 -0.7230567 -1.917057 -9.762274 -0.7091633 -1.775995 -9.762274 -0.6680171 -1.640355 -9.762274 -0.6011993 -1.515347 -9.762274 -0.5112777 -1.405778 -9.762274 -0.401708 -1.315856 -9.762274 -0.2767006 -1.249039 -9.762274 -0.1410598 -1.207893 -9.762274 1.80919e-6 -1.193999 -9.762274 1.30596e-6 -2.247594 -10.06832 -0.06448304 -2.241242 -10.06832 -0.1264894 -2.222433 -10.06832 -0.1836348 -2.191888 -10.06832 -0.233723 -2.150782 -10.06832 -0.2748295 -2.100694 -10.06832 -0.3053743 -2.043548 -10.06832 -0.3241837 -1.981542 -10.06832 -0.3305348 -1.917057 -10.06832 -0.3241837 -1.852573 -10.06832 -0.3053742 -1.790567 -10.06832 -0.2748293 -1.733421 -10.06832 -0.2337229 -1.683333 -10.06832 -0.1836346 -1.642227 -10.06832 -0.1264892 -1.611682 -10.06832 -0.0644828 -1.592872 -10.06832 1.60017e-6 -1.586521 -10.06832 1.39279e-6 -1.991919 -10.20551 -0.01460331 -1.990481 -10.20551 -0.028647 -1.986221 -10.20551 -0.04158955 -1.979303 -10.20551 -0.05293393 -1.969993 -10.20551 -0.06224387 -1.958649 -10.20551 -0.06916195 -1.945706 -10.20551 -0.07342201 -1.931662 -10.20551 -0.07486045 -1.917057 -10.20551 -0.07342201 -1.902453 -10.20551 -0.06916195 -1.888409 -10.20551 -0.06224387 -1.875466 -10.20551 -0.05293393 -1.864122 -10.20551 -0.04158955 -1.854812 -10.20551 -0.02864694 -1.847894 -10.20551 -0.01460331 -1.843634 -10.20551 1.45942e-6 -1.842196 -10.20551 1.41678e-6 -1.944257 -10.28993 -0.005304813 -1.943734 -10.28993 -0.01040714 -1.942186 -10.28993 -0.01510947 -1.939673 -10.28993 -0.0192312 -1.93629 -10.28993 -0.02261376 -1.932169 -10.28993 -0.02512723 -1.927466 -10.28993 -0.02667498 -1.922364 -10.28993 -0.02719759 -1.917058 -10.28993 -0.02667498 -1.911751 -10.28993 -0.02512723 -1.906649 -10.28993 -0.02261376 -1.901947 -10.28993 -0.0192312 -1.897825 -10.28993 -0.01510947 -1.894442 -10.28993 -0.01040709 -1.891929 -10.28993 -0.005304813 -1.890381 -10.28993 1.44099e-6 -1.889859 -10.28993 -9.58801e-7 -2.839 8.830069 -0.1798626 -2.821285 8.830069 -0.3528124 -2.768822 8.830069 -0.5122039 -2.683625 8.830069 -0.6519116 -2.56897 8.830069 -0.7665668 -2.429262 8.830069 -0.8517634 -2.269871 8.830069 -0.904227 -2.096921 8.830069 -0.9219418 -1.917059 8.830069 -0.9042269 -1.737197 8.830069 -0.8517631 -1.564247 8.830069 -0.7665665 -1.404856 8.830069 -0.6519113 -1.265148 8.830069 -0.5122033 -1.150493 8.830069 -0.3528118 -1.065297 8.830069 -0.1798619 -1.012833 8.830069 -1.38181e-7 -0.9951187 8.830069 -8.59401e-7 -2.37883 11.07053 -0.090088 -2.369957 11.07053 -0.1767132 -2.34368 11.07053 -0.2565475 -2.301007 11.07053 -0.3265228 -2.24358 11.07053 -0.38395 -2.173605 11.07053 -0.4266223 -2.093771 11.07053 -0.4528998 -2.007145 11.07053 -0.4617725 -1.917058 11.07053 -0.4528997 -1.826971 11.07053 -0.4266222 -1.740346 11.07053 -0.3839498 -1.660511 11.07053 -0.3265226 -1.590536 11.07053 -0.2565472 -1.533109 11.07053 -0.1767129 -1.490437 11.07053 -0.09008765 -1.464159 11.07053 -4.48377e-7 -1.455287 11.07053 -8.71814e-7 -2.37883 11.16292 -0.090088 -2.369957 11.16292 -0.1767132 -2.34368 11.16292 -0.2565475 -2.301007 11.16292 -0.3265228 -2.24358 11.16292 -0.38395 -2.173605 11.16292 -0.4266223 -2.09377 11.16292 -0.4528998 -2.007145 11.16292 -0.4617725 -1.917058 11.16292 -0.4528997 -1.826971 11.16292 -0.4266222 -1.740346 11.16292 -0.3839498 -1.660511 11.16292 -0.3265226 -1.590536 11.16292 -0.2565472 -1.533109 11.16292 -0.1767129 -1.490437 11.16292 -0.09008765 -1.464159 11.16292 -4.60791e-7 -1.455287 11.16292 0 -2.917058 0.2225556 -0.1950902 -2.897843 0.2225556 -0.3826833 -2.840938 0.2225556 -0.5555703 -2.748528 0.2225556 -0.7071068 -2.624165 0.2225556 -0.8314697 -2.472628 0.2225556 -0.9238797 -2.299741 0.2225556 -0.9807854 -2.112148 0.2225556 -1 -1.917057 0.2225556 -0.9807853 -1.721967 0.2225556 -0.9238794 -1.534374 0.2225556 -0.8314694 -1.361487 0.2225556 -0.7071064 -1.209951 0.2225556 -0.5555697 -1.085588 0.2225556 -0.3826827 -0.9931781 0.2225556 -0.1950895 -0.9362725 0.2225556 9.32212e-7 -0.9170579 0.2225556 1.11186e-6 -0.9170576 -1.304705 -0.1950893 -0.9362722 -1.304705 -0.3826825 -0.9931778 -1.304705 -0.5555695 -1.085588 -1.304705 -0.7071062 -1.20995 -1.304705 -0.8314692 -1.361487 -1.304705 -0.9238792 -1.534374 -1.304705 -0.9807851 -1.721967 -1.304705 -0.7071067 -2.624164 -1.304705 -0.5555701 -2.748527 -1.304705 -0.3826831 -2.840937 -1.304705 -0.1950899 -2.897843 -1.304705 -0.9999998 -1.917057 -1.304705 -0.9807852 -2.112148 -1.304705 -0.9238795 -2.299741 -1.304705 -0.8314695 -2.472628 -1.304705 2.21757e-7 -2.917058 -1.304705 1.000001 -1.917057 -7.598872 0.999999 -1.917059 8.46051 0.9807862 -2.112147 -7.598872 0.9807842 -2.11215 8.46051 0.9238804 -2.29974 -7.598872 0.9238785 -2.299743 8.46051 0.8314705 -2.472627 -7.598872 0.8314686 -2.47263 8.46051 0.7071077 -2.624163 -7.598872 0.7071058 -2.624166 8.46051 0.5555711 -2.748526 -7.598872 0.5555692 -2.748529 8.46051 0.3826843 -2.840936 -7.598872 0.3826824 -2.840939 8.46051 0.1950912 -2.897842 -7.598872 0.1950893 -2.897845 8.46051 9.62115e-7 -2.917057 -7.598872 -9.26887e-7 -2.917059 8.46051 1.85222e-6 -0.9170566 -7.598872 0 -0.9170593 8.46051 0.1950922 -0.9362716 -7.598872 0.1950903 -0.9362742 8.46051 0.3826854 -0.9931775 -7.598872 0.3826835 -0.9931802 8.46051 0.5555722 -1.085588 -7.598872 0.5555703 -1.08559 8.46051 0.7071086 -1.209951 -7.598872 0.7071067 -1.209953 8.46051 0.8314713 -1.361487 -7.598872 0.8314694 -1.36149 8.46051 0.923881 -1.534374 -7.598872 0.9238791 -1.534377 8.46051 0.9807865 -1.721968 -7.598872 0.9807845 -1.721971 8.46051 0.9606485 -1.917056 -8.706956 0.9421898 -2.104469 -8.706956 0.8875235 -2.28468 -8.706956 0.7987502 -2.450763 -8.706956 0.6792813 -2.596337 -8.706956 0.5337081 -2.715806 -8.706956 0.3676249 -2.804579 -8.706956 0.1874141 -2.859245 -8.706956 1.11778e-6 -2.877704 -8.706956 1.97285e-6 -0.956409 -8.706956 0.187415 -0.9748678 -8.706956 0.3676259 -1.029534 -8.706956 0.5337091 -1.118308 -8.706956 0.6792822 -1.237777 -8.706956 0.7987509 -1.38335 -8.706956 0.8875241 -1.549434 -8.706956 0.9421901 -1.729645 -8.706956 0.897352 -1.917057 -9.308487 0.8801096 -2.092122 -9.308487 0.8290452 -2.260459 -9.308487 0.7461211 -2.415599 -9.308487 0.6345239 -2.55158 -9.308487 0.4985424 -2.663177 -9.308487 0.3434023 -2.746102 -9.308487 0.1750655 -2.797166 -9.308487 1.06591e-6 -2.814409 -9.308487 1.86465e-6 -1.019706 -9.308487 0.1750664 -1.036949 -9.308487 0.3434033 -1.088014 -9.308487 0.4985433 -1.170938 -9.308487 0.6345248 -1.282535 -9.308487 0.7461217 -1.418517 -9.308487 0.8290457 -1.573657 -9.308487 0.8801099 -1.741994 -9.308487 0.723059 -1.917057 -9.762274 0.7091656 -2.058119 -9.762274 0.6680194 -2.193759 -9.762274 0.6012017 -2.318767 -9.762274 0.5112802 -2.428336 -9.762274 0.4017105 -2.518258 -9.762274 0.2767034 -2.585076 -9.762274 0.1410627 -2.626222 -9.762274 1.1656e-6 -2.640115 -9.762274 1.80919e-6 -1.193999 -9.762274 0.1410634 -1.207893 -9.762274 0.2767041 -1.249039 -9.762274 0.4017112 -1.315857 -9.762274 0.5112808 -1.405779 -9.762274 0.6012023 -1.515349 -9.762274 0.6680198 -1.640356 -9.762274 0.7091658 -1.775997 -9.762274 0.3305374 -1.917057 -10.06832 0.3241863 -1.981542 -10.06832 0.3053768 -2.043548 -10.06832 0.2748321 -2.100694 -10.06832 0.2337256 -2.150782 -10.06832 0.1836373 -2.191888 -10.06832 0.1264919 -2.222433 -10.06832 0.06448566 -2.241242 -10.06832 1.30596e-6 -2.247594 -10.06832 1.60017e-6 -1.586521 -10.06832 0.06448602 -1.592873 -10.06832 0.1264923 -1.611682 -10.06832 0.1836376 -1.642227 -10.06832 0.2337259 -1.683333 -10.06832 0.2748323 -1.733422 -10.06832 0.3053771 -1.790567 -10.06832 0.3241863 -1.852574 -10.06832 0.07486325 -1.917057 -10.20551 0.07342481 -1.931662 -10.20551 0.06916475 -1.945706 -10.20551 0.06224668 -1.958649 -10.20551 0.05293667 -1.969993 -10.20551 0.04159229 -1.979303 -10.20551 0.02864968 -1.986221 -10.20551 0.01460611 -1.990481 -10.20551 1.39279e-6 -1.991919 -10.20551 1.45942e-6 -1.842196 -10.20551 0.01460623 -1.843634 -10.20551 0.0286498 -1.847894 -10.20551 0.04159241 -1.854812 -10.20551 0.05293679 -1.864122 -10.20551 0.06224673 -1.875467 -10.20551 0.06916481 -1.888409 -10.20551 0.07342481 -1.902453 -10.20551 0.02720046 -1.917058 -10.28993 0.02667778 -1.922364 -10.28993 0.02513009 -1.927466 -10.28993 0.02261662 -1.932169 -10.28993 0.01923406 -1.93629 -10.28993 0.0151124 -1.939673 -10.28993 0.01041001 -1.942186 -10.28993 0.005307674 -1.943734 -10.28993 1.41678e-6 -1.944257 -10.28993 -0.005304813 -1.943734 -10.28993 -0.01040714 -1.942186 -10.28993 -0.01510947 -1.939673 -10.28993 -0.0192312 -1.93629 -10.28993 -0.02261376 -1.932169 -10.28993 -0.02512723 -1.927466 -10.28993 -0.02667498 -1.922364 -10.28993 -0.02719759 -1.917058 -10.28993 -0.02667498 -1.911751 -10.28993 -0.02512723 -1.906649 -10.28993 -0.02261376 -1.901947 -10.28993 -0.0192312 -1.897825 -10.28993 -0.01510947 -1.894442 -10.28993 -0.01040709 -1.891929 -10.28993 -0.005304813 -1.890381 -10.28993 1.44099e-6 -1.889859 -10.28993 0.005307674 -1.890381 -10.28993 0.01041007 -1.891929 -10.28993 0.0151124 -1.894443 -10.28993 0.01923406 -1.897825 -10.28993 0.02261662 -1.901947 -10.28993 0.02513009 -1.906649 -10.28993 0.02667778 -1.911751 -10.28993 0.9219397 -1.917059 8.830069 0.9042249 -2.096921 8.830069 0.8517612 -2.269871 8.830069 0.7665647 -2.429262 8.830069 0.6519095 -2.56897 8.830069 0.5122017 -2.683625 8.830069 0.3528104 -2.768821 8.830069 0.1798607 -2.821285 8.830069 -9.58801e-7 -2.839 8.830069 -1.38181e-7 -0.9951187 8.830069 0.1798616 -1.012834 8.830069 0.3528113 -1.065298 8.830069 0.5122027 -1.150494 8.830069 0.6519104 -1.26515 8.830069 0.7665654 -1.404858 8.830069 0.8517617 -1.564249 8.830069 0.9042251 -1.737199 8.830069 0.4617708 -1.917058 11.07053 0.452898 -2.007145 11.07053 0.4266206 -2.093771 11.07053 0.3839482 -2.173605 11.07053 0.326521 -2.24358 11.07053 0.2565457 -2.301007 11.07053 0.1767114 -2.34368 11.07053 0.09008628 -2.369957 11.07053 -8.59401e-7 -2.37883 11.07053 -4.48377e-7 -1.455287 11.07053 0.09008675 -1.464159 11.07053 0.1767119 -1.490437 11.07053 0.2565462 -1.53311 11.07053 0.3265214 -1.590537 11.07053 0.3839486 -1.660512 11.07053 0.4266208 -1.740347 11.07053 0.4528981 -1.826972 11.07053 0.4617708 -1.917058 11.16292 0.452898 -2.007145 11.16292 0.4266206 -2.093771 11.16292 0.3839482 -2.173605 11.16292 0.326521 -2.24358 11.16292 0.2565457 -2.301007 11.16292 0.1767114 -2.34368 11.16292 0.09008628 -2.369957 11.16292 -8.71814e-7 -2.37883 11.16292 -4.60791e-7 -1.455287 11.16292 0.09008675 -1.464159 11.16292 0.1767119 -1.490437 11.16292 0.2565462 -1.533109 11.16292 0.3265214 -1.590537 11.16292 0.3839486 -1.660512 11.16292 0.4266208 -1.740347 11.16292 0.4528981 -1.826972 11.16292 1 -1.917058 0.2225552 0.9807852 -2.112148 0.2225556 0.9238795 -2.299741 0.2225556 0.8314695 -2.472628 0.2225556 0.7071067 -2.624165 0.2225556 0.5555701 -2.748528 0.2225556 0.3826834 -2.840938 0.2225556 0.1950903 -2.897843 0.2225556 0 -2.917058 0.2225556 9.32212e-7 -0.9170579 0.2225556 0.1950913 -0.9362728 0.2225556 0.3826844 -0.9931788 0.2225556 0.5555712 -1.085589 0.2225556 0.7071076 -1.209952 0.2225556 0.8314703 -1.361489 0.2225556 0.9238801 -1.534376 0.2225556 0.9753875 -1.668268 0.2225556 1.11186e-6 -0.9170576 -1.304705 1 -1.917058 -1.304706 0.9753877 -1.668268 -1.304705 0.9238802 -1.534376 -1.304705 0.8314705 -1.361489 -1.304705 0.7071069 -2.624164 -1.304705 0.8314697 -2.472628 -1.304705 0.9238796 -2.299741 -1.304705 0.9807854 -2.112148 -1.304705 0.7071078 -1.209952 -1.304705 0.5555714 -1.085589 -1.304705 0.3826846 -0.9931786 -1.304705 0.1950915 -0.9362726 -1.304705 2.21757e-7 -2.917058 -1.304705 0.1950905 -2.897843 -1.304705 0.3826836 -2.840937 -1.304705 0.5555703 -2.748527 -1.304705 -0.9807851 -1.721967 -0.9946986 1 -1.917058 0.2225552 0.9753875 -1.668268 0.2225556 1 -1.917058 -1.304706 0.9753877 -1.668268 -1.304705 0.8474693 -1.932147 0.2225552 0.8228568 -1.683357 0.2225556 0.8474695 -1.932147 -1.304706 0.822857 -1.683357 -1.304705 -0.8679443 -1.917057 0.2225556 -0.8487295 -1.721967 0.2225556 -0.8487294 -1.721967 -1.304705 -0.8679441 -1.917057 -1.304705 -0.8487294 -1.721967 -0.9946986</float_array>
          <technique_common>
            <accessor source="#Cylinder-mesh-positions-array" count="471" stride="3">
              <param name="X" type="float"/>
              <param name="Y" type="float"/>
              <param name="Z" type="float"/>
            </accessor>
          </technique_common>
        </source>
        <source id="Cylinder-mesh-normals">
          <float_array id="Cylinder-mesh-normals-array" count="1365">-0.0974971 -0.989919 0.102736 -0.1950893 -0.9807856 -2.88575e-7 -0.09801959 -0.9951845 0 -0.1940483 -0.9755454 0.1032313 -0.3826812 -0.9238805 -5.00612e-7 -0.3806416 -0.9189428 0.1032292 -0.5555699 -0.8314698 -4.19185e-7 -0.552605 -0.8270257 0.1032289 -0.7071071 -0.7071065 -2.59466e-7 -0.7033303 -0.7033281 0.103229 -0.8314698 -0.55557 -1.4545e-7 -0.8270285 -0.5526008 0.1032292 -0.9238794 -0.3826839 -1.5202e-7 -0.9189445 -0.3806377 0.1032278 -0.9807854 -0.1950901 -1.26061e-7 -0.9755456 -0.1940478 0.1032289 -0.9167429 0.2769659 -0.2878756 -0.9946575 5.61836e-7 0.1032301 -0.9342917 -0.1032251 -0.3412386 -0.9755454 0.1940488 0.1032288 -0.9238795 0.3826835 0 -0.9189432 0.3806408 0.1032288 -0.8314692 0.5555709 0 -0.8270269 0.5526034 0.1032289 -0.7071063 0.7071074 1.28787e-7 -0.7033289 0.7033295 0.1032288 -0.5555698 0.8314699 0 -0.5526003 0.8270288 0.1032291 -0.3826829 0.9238799 0 -0.3806375 0.9189446 0.1032279 -0.1950902 0.9807853 1.5539e-7 -0.194047 0.9755457 0.1032302 -0.09801656 0.9951848 1.72416e-7 -0.8294326 0.5542086 -0.06996124 -0.6878529 0.6878538 -0.2317664 -0.8088281 0.5404446 -0.2317689 -0.0980007 0.9950301 -0.01764327 -0.1946145 0.9783817 -0.06996166 -0.1950585 0.9806314 -0.0177288 -0.381747 0.9216153 -0.06996166 -0.382623 0.9237345 -0.0177288 -0.5542096 0.8294318 -0.06996136 -0.5554819 0.8313398 -0.01772886 -0.7053747 0.7053736 -0.0699613 -0.7069951 0.7069963 -0.01772916 -0.8313395 0.5554823 -0.01772886 -0.9216163 0.3817446 -0.0699613 -0.9237343 0.3826236 -0.0177288 -0.9783825 0.1946108 -0.06996101 -0.9806311 0.1950604 -0.01772898 -0.9975497 -1.08728e-6 -0.06996089 -0.9998429 6.7526e-7 -0.01772904 -0.9783819 -0.1946135 -0.06996077 -0.9806312 -0.1950595 -0.01772898 -0.921615 -0.3817479 -0.06996053 -0.9237345 -0.3826231 -0.0177291 -0.8294321 -0.5542092 -0.06996035 -0.8313387 -0.5554834 -0.01772904 -0.7053747 -0.7053737 -0.06996059 -0.7069947 -0.7069967 -0.01772892 -0.555482 -0.8313396 -0.01772886 -0.5542083 -0.8294328 -0.06996071 -0.3826221 -0.9237349 -0.01772892 -0.3817434 -0.9216169 -0.06996011 -0.1946111 -0.9783825 -0.06995999 -0.1950595 -0.9806312 -0.01772922 -0.09778207 -0.9927694 -0.06962442 -0.09800261 -0.9950298 -0.01764404 -0.189778 0.9540799 -0.2317671 -0.309693 0.7476699 -0.5874351 -0.3722584 0.8987252 -0.2317692 -0.9540788 0.1897813 -0.2317687 -0.9727709 3.70247e-6 -0.2317687 -0.898724 -0.3722617 -0.2317681 -0.8088293 -0.5404421 -0.2317705 -0.5404457 -0.8088277 -0.2317678 -0.3722644 -0.8987224 -0.2317701 -0.5404406 0.8088302 -0.2317713 -0.8987216 0.372267 -0.2317689 -0.95408 -0.1897755 -0.2317686 -0.6878532 -0.6878536 -0.231766 -0.1897796 -0.9540798 -0.2317658 -0.09537613 0.9683353 -0.2307167 -0.09537631 -0.9683362 -0.2307132 -0.6728822 0.4496037 -0.5874403 -0.809271 -7.03205e-7 -0.5874354 -0.6728798 -0.449605 -0.5874421 -0.3096926 -0.7476648 -0.5874419 -0.449603 0.6728809 -0.5874423 -0.7476696 0.3096953 -0.5874343 -0.7937177 -0.1578793 -0.5874406 -0.5722418 -0.5722417 -0.5874341 -0.1578795 -0.7937235 -0.5874326 -0.07945781 0.8067077 -0.5855846 -0.1578832 0.7937201 -0.5874363 -0.5722417 0.5722411 -0.5874347 -0.7937176 0.1578801 -0.5874407 -0.7476696 -0.3096939 -0.5874351 -0.4496082 -0.6728808 -0.5874384 -0.07945317 -0.8067085 -0.5855842 -0.1072056 0.5389508 -0.8354873 -0.2102912 0.5076775 -0.8354887 -0.4568995 0.3052862 -0.8354898 -0.53895 0.1072091 -0.8354874 -0.5495086 6.06612e-6 -0.8354882 -0.4569008 -0.3052839 -0.83549 -0.2102878 -0.5076804 -0.8354877 -0.3052901 0.4569004 -0.835488 -0.5076796 0.2102877 -0.8354882 -0.538949 -0.1071977 -0.8354895 -0.3885608 -0.3885624 -0.8354879 -0.1072042 -0.5389517 -0.835487 -0.05404162 0.5487092 -0.8342649 -0.3885594 0.3885618 -0.8354887 -0.5076794 -0.2102827 -0.8354897 -0.3052912 -0.4569022 -0.8354866 -0.05404621 -0.5487069 -0.8342661 -0.1346738 0.6771106 -0.7234531 -0.2641919 0.6378258 -0.7234507 -0.5740224 0.3835434 -0.723459 -0.6903721 -3.70097e-5 -0.7234545 -0.5740212 -0.3835619 -0.7234501 -0.2641866 -0.6378332 -0.7234461 -0.3835557 0.5740301 -0.7234463 -0.6378236 0.2642009 -0.7234494 -0.6771072 -0.1346981 -0.7234517 -0.488165 -0.4881624 -0.7234587 -0.1346768 -0.6771095 -0.7234534 -0.4881666 0.4881635 -0.7234569 -0.6771094 0.1346732 -0.7234542 -0.6378297 -0.2641865 -0.7234493 -0.3835553 -0.5740194 -0.723455 -0.06782841 -0.6887854 -0.7217853 -0.16984 0.8540642 -0.4916594 -0.3332064 0.8045233 -0.4916459 -0.6157565 0.6157391 -0.4916394 -0.7240258 0.483814 -0.4916408 -0.8540613 0.1698893 -0.4916473 -0.870796 3.69553e-5 -0.4916447 -0.7240228 -0.4837951 -0.4916639 -0.4837952 -0.7240334 -0.4916481 -0.3332342 -0.8045143 -0.4916419 -0.4837688 0.7240514 -0.4916476 -0.8044881 0.3332932 -0.4916447 -0.8540585 -0.169897 -0.4916495 -0.6157401 -0.6157447 -0.4916531 -0.1699156 -0.8540579 -0.4916443 -0.06782013 0.6887892 -0.7217825 -0.8044837 -0.3333055 -0.4916436 -0.08548694 -0.8676117 -0.4898387 -0.09749788 0.9899189 0.1027361 -0.1909886 0.9601683 0.2039617 -0.09597319 0.9744598 0.2030201 -0.5438902 0.813992 0.203962 -0.3746382 0.9044588 0.2039619 -0.6922426 0.6922426 0.2039618 -0.8139912 0.5438915 0.2039618 -0.9044582 0.3746396 0.203962 -0.960168 0.1909895 0.203962 -0.9789788 5.55054e-7 0.2039622 -0.9601681 -0.1909883 0.2039623 -0.8139907 -0.5438922 0.2039624 -0.9044585 -0.374639 0.2039618 -0.6922416 -0.6922434 0.2039625 -0.5438928 -0.8139904 0.2039621 -0.3746373 -0.9044592 0.203962 -0.1909869 -0.9601684 0.2039622 -0.1940755 0.9756951 0.1017534 -0.8271532 0.5526882 0.1017525 -0.7034353 0.7034382 0.1017525 -0.9948098 2.32539e-6 0.1017527 -0.9756946 0.1940788 0.101752 -0.9190834 -0.3806992 0.1017548 -0.3806995 -0.9190834 0.1017537 -0.5526888 -0.8271527 0.1017523 -0.5526811 0.8271578 0.1017526 -0.3806957 0.9190852 0.1017519 -0.9190842 0.3806975 0.1017533 -0.9756952 -0.1940765 0.1017516 -0.7034359 -0.7034375 0.1017534 -0.8271538 -0.5526869 0.1017535 -0.09750473 0.9900696 0.1012683 -0.09751391 -0.9900684 0.10127 -0.1940771 -0.9756951 0.1017506 -0.1950916 0.980785 0 -0.7071095 0.707104 0 -0.9807854 0.1950899 0 -0.8314694 -0.5555707 1.13349e-6 -0.9238817 -0.3826783 2.85292e-6 -0.5555711 -0.8314691 0 -0.382687 0.923878 0 -0.8314693 0.5555709 0 -1 -2.52598e-6 0 -0.3826832 -0.9238796 0 -0.09800815 0.9951856 0 -0.5555719 0.8314685 0 -0.92388 0.3826826 0 -0.9807856 -0.1950895 0 -0.7071016 -0.707112 0 -0.09801948 -0.9951846 0 -0.1950907 -0.9807853 0 -0.195092 -0.980785 0 -0.09801983 -0.9951846 0 -0.3826842 -0.9238793 -2.75868e-7 -0.555571 -0.8314691 -3.91115e-7 -0.7071066 -0.7071071 -3.48945e-7 -0.8314694 -0.5555706 -2.25234e-7 -0.9238798 -0.3826832 -1.39235e-7 -0.9807854 -0.1950896 -1.46554e-7 -0.9167442 0.276962 0.2878754 -0.923879 0.382685 0 -0.803206 -0.5957015 -1.72026e-7 -0.9342932 -0.1032096 0.3412392 -0.8314698 0.5555701 0 -0.7071056 0.7071081 0 -0.5555689 0.8314706 0 -0.3826833 0.9238796 0 -0.1950892 0.9807856 1.4976e-7 -0.09801632 0.9951849 1.64653e-7 0.9946576 8.84963e-7 0.1032289 0.9807853 -0.1950902 0 0.9066128 0.2818527 -0.3140262 0.9755457 -0.1940472 0.1032291 0.9238796 -0.3826832 0 0.9189443 -0.3806378 0.1032291 0.83147 -0.5555698 0 0.8270279 -0.5526018 0.1032292 0.7071076 -0.707106 -2.26779e-7 0.7033286 -0.7033296 0.1032304 0.5555714 -0.8314689 -2.82396e-7 0.5526018 -0.827028 0.1032281 0.3826825 -0.92388 -1.91116e-7 0.3806395 -0.9189436 0.1032299 0.1950902 -0.9807853 0 0.1940464 -0.9755458 0.1032312 0.09802061 -0.9951844 0 0.09749966 0.9899185 0.1027387 0.1950912 0.9807852 1.6684e-7 0.09801787 0.9951847 1.55932e-7 0.194051 0.9755449 0.1032297 0.3826846 0.9238791 1.62002e-7 0.3806399 0.9189435 0.1032283 0.555571 0.8314692 1.23787e-7 0.5526027 0.827027 0.1032307 0.7071075 0.7071062 0 0.7033312 0.703327 0.1032297 0.8314703 0.5555694 0 0.8270297 0.552599 0.1032297 0.9093583 0.416014 1.3193e-7 0.5438921 0.8139907 0.2039627 0.9755534 0.193841 0.1035436 0.9458603 -0.05706483 -0.3195187 0.918837 0.3808124 0.1035406 0.5554832 -0.8313388 -0.01772874 0.7053746 -0.7053738 -0.06996053 0.7069951 -0.7069962 -0.0177288 0.8313392 -0.5554826 -0.01772886 0.8294325 -0.5542088 -0.06996023 0.9237347 -0.3826224 -0.01772892 0.9216153 -0.3817474 -0.06996041 0.9806312 -0.1950592 -0.01772886 0.9783818 -0.1946142 -0.06996065 0.9806758 0.1947976 -0.01814222 0.9975498 -2.06583e-6 -0.06996083 0.9783827 0.1946097 -0.06996077 0.9216173 0.3817423 -0.0699613 0.9236275 0.3828622 -0.01813858 0.829434 0.5542065 -0.06996148 0.8313387 0.5554834 -0.01772874 0.7069953 0.7069961 -0.01772862 0.7053759 0.7053725 -0.06996124 0.5554841 0.8313381 -0.01772856 0.5542119 0.8294303 -0.06996166 0.3826243 0.923734 -0.01772856 0.3817481 0.9216148 -0.06996166 0.1946138 0.9783818 -0.06996136 0.1950606 0.980631 -0.01772868 0.097781 0.9927694 -0.06962668 0.09800308 0.9950297 -0.01764351 0.9998429 -1.67026e-7 -0.01772886 0.1950617 -0.9806308 -0.01772916 0.09778207 -0.9927694 -0.06962436 0.1946111 -0.9783825 -0.06995993 0.3826242 -0.9237341 -0.01772886 0.3817437 -0.9216168 -0.06996011 0.5542086 -0.8294326 -0.06996065 0.1897795 -0.9540801 -0.231765 0.6878529 -0.6878539 -0.2317658 0.9540801 -0.1897748 -0.2317686 0.8987224 0.3722638 -0.2317711 0.5404394 0.8088315 -0.231769 0.09537649 0.9683353 -0.2307165 0.3722651 -0.8987222 -0.23177 0.808829 -0.5404427 -0.2317703 0.9727715 9.083e-7 -0.2317663 0.8088302 0.5404424 -0.2317667 0.3722634 0.8987236 -0.231767 0.5404464 -0.8088274 -0.2317678 0.8987245 -0.3722605 -0.2317681 0.9540797 0.1897767 -0.2317689 0.6878521 0.6878527 -0.2317717 0.1897819 0.9540784 -0.2317696 0.1578825 0.7937214 -0.5874347 0.2102868 0.507682 -0.835487 0.107205 0.5389494 -0.8354883 0.07945328 -0.8067073 -0.5855856 0.1578795 -0.7937228 -0.5874336 0.4496079 -0.672882 -0.5874373 0.5722419 -0.5722421 -0.5874337 0.7476701 -0.3096932 -0.5874348 0.7937175 -0.1578815 -0.5874402 0.7476649 0.3096936 -0.5874412 0.5722392 0.572236 -0.5874422 0.4496088 0.6728841 -0.5874342 0.07945781 0.8067077 -0.5855845 0.3096923 -0.7476654 -0.5874413 0.6728805 -0.4496042 -0.5874419 0.8092706 5.45536e-7 -0.5874361 0.6728858 0.449608 -0.5874329 0.3096939 0.7476676 -0.5874376 0.7937217 0.1578806 -0.5874346 0.456901 0.3052908 -0.8354873 0.4881752 0.4881489 -0.7234608 0.3885613 0.388564 -0.8354868 0.05404615 -0.5487076 -0.8342656 0.1072045 -0.5389512 -0.8354873 0.3052908 -0.4569041 -0.8354856 0.3885597 -0.3885682 -0.8354856 0.538949 -0.107206 -0.8354885 0.5076798 0.2102867 -0.8354884 0.3052904 0.4569014 -0.8354872 0.05404978 0.5487034 -0.8342681 0.2102876 -0.5076826 -0.8354863 0.4569002 -0.3052914 -0.8354876 0.5495086 2.78414e-6 -0.8354881 0.5076791 -0.2102879 -0.8354885 0.5389505 0.1072055 -0.8354876 0.6903722 -1.63049e-5 -0.7234544 0.5167984 0.1027792 -0.8499152 0.6771102 0.1346667 -0.7234547 0.2641961 0.6378155 -0.7234584 0.1346734 0.6771107 -0.7234529 0.06782901 -0.6887857 -0.721785 0.1346771 -0.6771083 -0.7234545 0.4881627 -0.4881734 -0.7234528 0.6378283 -0.2641817 -0.7234522 0.6771085 -0.1346885 -0.7234522 0.6378176 0.264182 -0.7234616 0.3835601 0.574009 -0.7234607 0.06782215 0.6887931 -0.7217786 0.2641922 -0.6378169 -0.7234585 0.5740223 -0.3835575 -0.7234515 0.5740276 0.3835451 -0.7234539 0.3835536 -0.5740141 -0.7234601 0.5269171 -3.86589e-5 -0.8499167 0.516791 -0.1028166 -0.8499152 0.4868097 0.2016765 -0.8499076 0.4868111 -0.2016255 -0.849919 0.4381157 0.2927349 -0.8499181 0.4381266 -0.2927583 -0.8499045 0.3725878 0.3726004 -0.8499101 0.372569 -0.3725758 -0.8499293 0.2927082 0.4381001 -0.8499354 0.2927535 -0.4381244 -0.8499073 0.2016769 0.4867905 -0.8499185 0.2016385 -0.4867974 -0.8499236 0.102774 0.5168255 -0.8498994 0.1028189 -0.5167956 -0.8499122 0.03456354 0.3514938 -0.935552 0.03463762 -0.3515325 -0.9355347 0 0 -1 0 -6.14075e-6 -1 0.9044583 -0.3746393 0.2039623 0.8271529 -0.5526887 0.1017525 0.8139905 -0.5438922 0.2039625 0.1909911 0.9601677 0.2039623 0.3746387 0.9044585 0.2039626 0.09597826 0.9744592 0.2030206 0.960168 -0.190989 0.2039625 0.09749585 -0.9899191 0.1027368 0.1909902 -0.9601678 0.2039626 0.09597694 -0.9744595 0.20302 0.3746386 -0.9044585 0.2039626 0.6922414 -0.6922435 0.2039627 0.5438897 -0.8139925 0.203962 0.9789788 -1.73901e-7 0.2039622 0.9601682 0.1909881 0.2039622 0.8139916 0.5438907 0.2039624 0.9044587 0.3746387 0.2039622 0.6922441 0.6922409 0.2039627 0.5526893 -0.8271523 0.1017529 0.3826867 -0.9238782 0 0.380696 -0.9190849 0.101753 0.9948098 -4.61746e-7 0.1017524 0.8271563 0.5526834 0.1017523 0.1940776 0.9756948 0.1017533 0.3807029 0.9190823 0.1017505 0.09751385 -0.9900687 0.1012672 0.9190843 -0.3806974 0.1017526 0.9756951 0.1940762 0.1017524 0.703436 0.7034375 0.1017524 0.1940769 -0.9756948 0.1017542 0.7034367 -0.7034367 0.1017526 0.9756951 -0.1940758 0.1017526 0.9190859 0.3806936 0.1017523 0.5526891 0.827153 0.1017491 0.8314679 -0.555573 0 1 2.78811e-6 0 0.8314689 0.5555715 0 0.3826836 0.9238796 0 0.1950888 -0.9807856 0 0.09801548 -0.9951849 0 0.5555758 -0.831466 0 0.9238803 -0.3826819 0 0.9807848 0.1950929 0 0.7071034 0.7071102 -2.04035e-6 0.09750431 0.9900699 0.1012655 0.1950844 0.9807866 0 0.7071064 -0.7071073 0 0.9807863 -0.1950852 0 0.9238797 0.3826833 0 0.5555722 0.8314683 -6.27583e-6 0.9238793 -0.3826839 0 0.9807853 -0.1950907 0 0.8314695 -0.5555704 0 0.7071066 -0.707107 0 0.5555702 -0.8314698 -2.63735e-7 0.3826833 -0.9238796 -3.59177e-7 0.1950906 -0.9807853 -2.22891e-7 0.09801834 -0.9951846 0 0.1950921 0.980785 1.80224e-7 0.098019 0.9951846 1.88536e-7 0.3826851 0.9238789 1.84147e-7 0.5555716 0.8314687 1.60421e-7 0.707108 0.7071056 1.75037e-7 0.8314708 0.5555685 2.03334e-7 0.9093582 0.416014 1.53271e-7 0.9458614 -0.05706781 0.3195144 0.5177074 0.6313827 0.5773516 0.9066129 0.2818526 0.3140257 0.0980041 -0.9950297 -0.01764386 0 0 0 0.6313806 -0.5177112 0.5773506 0.5177009 0.6313902 -0.5773495 0.6313822 -0.5177118 -0.5773483 -0.7409519 -0.6715582 0 -0.5457682 0.6021676 -0.5826932 -0.6075728 -0.5506771 -0.5723723 -0.5457708 0.6021705 0.5826877 -0.6075746 -0.5506734 0.572374 -0.09777885 0.9927697 -0.06962645 -0.08531343 0.867623 -0.489849 -0.095977 -0.9744595 0.20302 0.09537619 -0.9683364 -0.2307121 0.09800767 0.9951857 0</float_array>
          <technique_common>
            <accessor source="#Cylinder-mesh-normals-array" count="455" stride="3">
              <param name="X" type="float"/>
              <param name="Y" type="float"/>
              <param name="Z" type="float"/>
            </accessor>
          </technique_common>
        </source>
        <source id="Cylinder-mesh-map">
          <float_array id="Cylinder-mesh-map-array" count="4932">0.8661882 0.004246175 0.4865074 0.00554347 0.4865074 0.004246056 0.8661882 0.00554347 0.4865074 0.009385824 0.4865074 0.00554347 0.8661882 0.009385824 0.4865074 0.01562529 0.4865074 0.009385824 0.8661882 0.01562529 0.4865074 0.0240224 0.4865074 0.01562529 0.8661882 0.0240224 0.4865074 0.03425413 0.4865074 0.0240224 0.8661882 0.03425413 0.4865074 0.04592758 0.4865074 0.03425413 0.8661882 0.04592758 0.4865074 0.0585938 0.4865074 0.04592758 0.8661882 0.05859392 0.4865073 0.07176643 0.4865074 0.0585938 0.8661882 0.07176643 0.4865073 0.08493906 0.4865073 0.07176643 0.8661882 0.08493906 0.4865073 0.09760546 0.4865073 0.08493906 0.8661882 0.09760546 0.4865073 0.1092787 0.4865073 0.09760546 0.8661882 0.1092787 0.4865073 0.1195105 0.4865073 0.1092787 0.8661882 0.1195105 0.4865073 0.1279076 0.4865073 0.1195105 0.8661882 0.1279076 0.4865073 0.1341471 0.4865073 0.1279076 0.8661882 0.1341471 0.4865073 0.1379894 0.4865073 0.1341471 0.8661882 0.1379894 0.4865073 0.1392866 0.4865073 0.1379894 0.0749529 0.1078025 0.04722875 0.1146095 0.04722875 0.105428 0.1260236 0.1392866 0.0749529 0.1353833 0.1260237 0.1379894 0.1260237 0.1379894 0.0749529 0.1316922 0.1260237 0.1341471 0.1260237 0.1341471 0.0749529 0.1256983 0.1260237 0.1279076 0.1260237 0.1279076 0.0749529 0.1176317 0.1260237 0.1195105 0.1260237 0.1092787 0.0749529 0.1176317 0.0749529 0.1078025 0.1260237 0.1092787 0.0749529 0.09658861 0.1260237 0.09760546 0.1260237 0.09760546 0.0749529 0.08442074 0.1260237 0.08493906 0.1260237 0.08493906 0.0749529 0.07176643 0.1260237 0.07176643 0.1260237 0.07176643 0.0749529 0.05911231 0.1260237 0.0585938 0.1260237 0.0585938 0.0749529 0.04694437 0.1260237 0.04592758 0.1260237 0.04592758 0.0749529 0.03573036 0.1260237 0.03425413 0.1260237 0.03425413 0.0749529 0.02590119 0.1260237 0.0240224 0.1260237 0.01562529 0.0749529 0.02590119 0.0749529 0.01783466 0.1260237 0.009385824 0.0749529 0.01783466 0.0749529 0.01184064 0.1260237 0.009385824 0.0749529 0.008149504 0.1260237 0.00554347 0.1260237 0.00554347 0.0749529 0.006903231 0.1260237 0.004246056 0.04722875 0.1311916 0.02631407 0.1168711 0.04722875 0.1277437 0.0749529 0.07176643 0.04722881 0.08358687 0.04722881 0.07176631 0.0749529 0.03573036 0.04722881 0.04857981 0.04722881 0.03810477 0.0749529 0.01184064 0.04722881 0.02138805 0.04722881 0.01578903 0.0749529 0.1256983 0.04722875 0.1277437 0.04722875 0.1221446 0.0749529 0.09658861 0.04722875 0.105428 0.04722875 0.09495294 0.0749529 0.05911231 0.04722881 0.07176631 0.04722881 0.05994606 0.0749529 0.02590119 0.04722881 0.03810477 0.04722881 0.02892315 0.0749529 0.008149504 0.04722881 0.01578903 0.04722881 0.0123412 0.0749529 0.1353833 0.04722875 0.1323556 0.04722875 0.1311916 0.0749529 0.1176317 0.04722875 0.1221446 0.04722875 0.1146095 0.0749529 0.08442074 0.04722875 0.09495294 0.04722881 0.08358687 0.0749529 0.04694437 0.04722881 0.05994606 0.04722881 0.04857981 0.0749529 0.01783466 0.04722881 0.02892315 0.04722881 0.02138805 0.0749529 0.006903231 0.04722881 0.0123412 0.04722881 0.011177 0.0749529 0.1316922 0.04722875 0.1311916 0.04722875 0.1277437 0.04722875 0.1146095 0.02631407 0.09888994 0.04722875 0.105428 0.04722881 0.08358687 0.02631407 0.07176643 0.04722881 0.07176631 0.04722881 0.04857981 0.02631407 0.0446428 0.04722881 0.03810477 0.04722881 0.02138805 0.02631407 0.02666151 0.04722881 0.01578903 0.04722875 0.1277437 0.02631407 0.1123597 0.04722875 0.1221446 0.04722875 0.105428 0.02631407 0.09044939 0.04722875 0.09495294 0.04722881 0.07176631 0.02631407 0.06224197 0.04722881 0.05994606 0.04722881 0.02892315 0.02631407 0.0446428 0.02631407 0.03724461 0.04722881 0.0123412 0.02631407 0.02666151 0.02631407 0.02388334 0.04722875 0.1311916 0.02631407 0.1205874 0.02631407 0.1196494 0.04722875 0.1146095 0.02631407 0.1123597 0.02631407 0.1062881 0.04722875 0.09495294 0.02631407 0.08129096 0.04722881 0.08358687 0.04722881 0.05994606 0.02631407 0.05308336 0.04722881 0.04857981 0.04722881 0.02892315 0.02631407 0.03117311 0.04722881 0.02138805 0.04722881 0.0123412 0.02631407 0.02294522 0.04722881 0.011177 0.02631407 0.1168711 0.0122087 0.09365546 0.0122087 0.09238541 0.02631407 0.1062881 0.0122087 0.08416557 0.02631407 0.09888994 0.02631407 0.07176643 0.0122087 0.07612043 0.0122087 0.07176631 0.02631407 0.05308336 0.0122087 0.05936712 0.02631407 0.0446428 0.02631407 0.03117311 0.0122087 0.05114722 0.02631407 0.02666151 0.02631407 0.1168711 0.0122087 0.09032309 0.02631407 0.1123597 0.02631407 0.09044939 0.0122087 0.08416557 0.0122087 0.08030706 0.02631407 0.07176643 0.0122087 0.06741231 0.02631407 0.06224197 0.02631407 0.03724461 0.0122087 0.05936712 0.0122087 0.05598521 0.02631407 0.02388334 0.0122087 0.05114722 0.0122087 0.04987722 0.02631407 0.1196494 0.0122087 0.09408432 0.0122087 0.09365546 0.02631407 0.1062881 0.0122087 0.09032309 0.0122087 0.08754754 0.02631407 0.09044939 0.0122087 0.07612043 0.02631407 0.08129096 0.02631407 0.05308336 0.0122087 0.06741231 0.0122087 0.06322568 0.02631407 0.03724461 0.0122087 0.05320966 0.02631407 0.03117311 0.02631407 0.02388334 0.0122087 0.04944843 0.02631407 0.02294522 0.0122087 0.09238541 0.005885839 0.07672387 0.005885839 0.07643634 0.0122087 0.08754754 0.005885839 0.07457453 0.0122087 0.08416557 0.0122087 0.07612043 0.005885839 0.07176631 0.0122087 0.07176631 0.0122087 0.06322568 0.005885839 0.06895804 0.0122087 0.05936712 0.0122087 0.05320966 0.005885839 0.06709641 0.0122087 0.05114722 0.0122087 0.09032309 0.005885839 0.07643634 0.005885839 0.07596909 0.0122087 0.08030706 0.005885839 0.07457453 0.005885839 0.07370078 0.0122087 0.07176631 0.005885839 0.07078033 0.0122087 0.06741231 0.0122087 0.05598521 0.005885839 0.06895804 0.005885839 0.06819224 0.0122087 0.04987722 0.005885839 0.06709641 0.005885839 0.0668087 0.0122087 0.09408432 0.005885839 0.07672387 0.0122087 0.09365546 0.0122087 0.09032309 0.005885839 0.0753405 0.0122087 0.08754754 0.0122087 0.08030706 0.005885839 0.07275241 0.0122087 0.07612043 0.0122087 0.06741231 0.005885839 0.06983196 0.0122087 0.06322568 0.0122087 0.05320966 0.005885839 0.06819224 0.005885839 0.06756347 0.0122087 0.04987722 0.005885839 0.0667116 0.0122087 0.04944843 0.005885839 0.07643634 0.001994848 0.07356756 0.001994848 0.07346296 0.005885839 0.07457453 0.001994848 0.07306486 0.001994848 0.07278656 0.005885839 0.07176631 0.001994848 0.0721246 0.001994848 0.07176631 0.005885839 0.06983196 0.001994848 0.070746 0.005885839 0.06895804 0.005885839 0.06709641 0.001994848 0.07023942 0.001994848 0.07006961 0.005885839 0.07643634 0.001994848 0.07329338 0.005885839 0.07596909 0.005885839 0.07370078 0.001994848 0.07278656 0.001994848 0.07246923 0.005885839 0.07078033 0.001994848 0.07176631 0.001994848 0.07140803 0.005885839 0.06819224 0.001994848 0.070746 0.001994848 0.07046777 0.005885839 0.06709641 0.001994848 0.06996518 0.005885839 0.0668087 0.005885839 0.07682114 0.001994848 0.07356756 0.005885839 0.07672387 0.005885839 0.0753405 0.001994848 0.07329338 0.001994848 0.07306486 0.005885839 0.07370078 0.001994848 0.0721246 0.005885839 0.07275241 0.005885839 0.07078033 0.001994848 0.07106351 0.005885839 0.06983196 0.005885839 0.06819224 0.001994848 0.07023942 0.005885839 0.06756347 0.005885839 0.0667116 0.001994848 0.06996518 0.001994848 0.06992983 0.8661882 0.1392866 0.883221 0.1328201 0.883221 0.1340163 0.8661882 0.1341471 0.883221 0.1328201 0.8661882 0.1379894 0.8661882 0.1341471 0.883221 0.1235253 0.883221 0.1292777 0.8661882 0.1279076 0.883221 0.1157838 0.883221 0.1235253 0.8661882 0.1195105 0.883221 0.1063506 0.883221 0.1157838 0.8661882 0.1092787 0.883221 0.09558844 0.883221 0.1063506 0.8661882 0.09760546 0.883221 0.08391082 0.883221 0.09558844 0.8661882 0.08493906 0.883221 0.07176643 0.883221 0.08391082 0.8661882 0.05859392 0.883221 0.07176643 0.8661882 0.07176643 0.8661882 0.04592758 0.883221 0.05962216 0.8661882 0.05859392 0.8661882 0.04592758 0.883221 0.03718239 0.883221 0.04794442 0.8661882 0.03425413 0.883221 0.0277493 0.883221 0.03718239 0.8661882 0.0240224 0.883221 0.02000766 0.883221 0.0277493 0.8661882 0.01562529 0.883221 0.01425516 0.883221 0.02000766 0.8661882 0.009385824 0.883221 0.01071292 0.883221 0.01425516 0.8661882 0.004246175 0.883221 0.01071292 0.8661882 0.00554347 0.883221 0.1292777 0.9864822 0.1023464 0.883221 0.1328201 0.883221 0.1157838 0.9864822 0.08908867 0.9864822 0.09381341 0.883221 0.08391082 0.9864822 0.07176661 0.9864822 0.07784932 0.883221 0.03718239 0.9864822 0.05983477 0.883221 0.04794442 0.883221 0.02000766 0.9864822 0.042961 0.9864822 0.04584217 0.883221 0.1292777 0.9864822 0.09769088 0.9864822 0.1005722 0.883221 0.1063506 0.9864822 0.08369821 0.9864822 0.08908867 0.883221 0.07176643 0.9864822 0.06568384 0.9864822 0.07176661 0.883221 0.03718239 0.9864822 0.04971969 0.9864822 0.05444455 0.883221 0.01071292 0.9864822 0.042961 0.883221 0.01425516 0.883221 0.1340163 0.9864822 0.1023464 0.9864822 0.1029456 0.883221 0.1235253 0.9864822 0.09381341 0.9864822 0.09769088 0.883221 0.08391082 0.9864822 0.08369821 0.883221 0.09558844 0.883221 0.05962216 0.9864822 0.05983477 0.9864822 0.06568384 0.883221 0.02000766 0.9864822 0.04971969 0.883221 0.0277493 0.883221 0.01071292 0.9864822 0.04058766 0.9864822 0.04118669 0.9864822 0.1005722 0.9907404 0.1023464 0.9864822 0.1023464 0.9864822 0.08908867 0.9907404 0.09381341 0.9864822 0.09381341 0.9864822 0.07176661 0.9907404 0.07784932 0.9864822 0.07784932 0.9864822 0.05983477 0.9907404 0.05444455 0.9907404 0.05983477 0.9864822 0.042961 0.9907404 0.04584217 0.9864822 0.04584217 0.9864822 0.09769088 0.9907404 0.1005722 0.9864822 0.1005722 0.9864822 0.08369821 0.9907404 0.08908867 0.9864822 0.08908867 0.9864822 0.06568384 0.9907404 0.07176661 0.9864822 0.07176661 0.9864822 0.04971969 0.9907404 0.05444455 0.9864822 0.05444455 0.9864822 0.04118669 0.9907404 0.042961 0.9864822 0.042961 0.9864822 0.1023464 0.9907404 0.1029456 0.9864822 0.1029456 0.9864822 0.09381341 0.9907404 0.09769088 0.9864822 0.09769088 0.9864822 0.07784932 0.9907404 0.08369821 0.9864822 0.08369821 0.9864822 0.06568384 0.9907404 0.05983477 0.9907404 0.06568384 0.9864822 0.04584217 0.9907404 0.04971969 0.9864822 0.04971969 0.9864822 0.04118669 0.9907404 0.04058766 0.9907404 0.04118669 0.4865074 0.004246056 0.416117 0.00554347 0.416117 0.004246056 0.4865074 0.00554347 0.416117 0.009385824 0.416117 0.00554347 0.416117 0.009385824 0.4865074 0.01562529 0.416117 0.01562529 0.416117 0.01562529 0.4865074 0.0240224 0.416117 0.0240224 0.4865074 0.0240224 0.416117 0.03425413 0.416117 0.0240224 0.4865074 0.03425413 0.416117 0.04592758 0.416117 0.03425413 0.4865074 0.04592758 0.416117 0.0585938 0.416117 0.04592758 0.4865074 0.0585938 0.416117 0.07176643 0.416117 0.0585938 0.4865073 0.08493906 0.4865073 0.09760546 0.416117 0.09760546 0.430405 0.08493906 0.4865073 0.08493906 0.416117 0.09760546 0.416117 0.08493906 0.430405 0.08493906 0.416117 0.09760546 0.4865073 0.09760546 0.416117 0.1092787 0.416117 0.09760546 0.416117 0.1092787 0.4865073 0.1195105 0.416117 0.1195105 0.416117 0.1195105 0.4865073 0.1279076 0.416117 0.1279076 0.416117 0.1279076 0.4865073 0.1341471 0.416117 0.1341471 0.416117 0.1341471 0.4865073 0.1379894 0.416117 0.1379894 0.4865073 0.1379894 0.416117 0.1392866 0.416117 0.1379894 0.416117 0.1092787 0.1260237 0.1195105 0.1260237 0.1092787 0.416117 0.009385824 0.1260237 0.01562529 0.1260237 0.009385824 0.416117 0.08493906 0.1260237 0.09760546 0.1260237 0.08493906 0.416117 0.004246056 0.1260237 0.00554347 0.1260237 0.004246056 0.416117 0.1379894 0.1260236 0.1392866 0.1260237 0.1379894 0.416117 0.04592758 0.1260237 0.0585938 0.1260237 0.04592758 0.416117 0.1279076 0.1260237 0.1341471 0.1260237 0.1279076 0.416117 0.0240224 0.1260237 0.03425413 0.1260237 0.0240224 0.416117 0.09760546 0.1260237 0.1092787 0.1260237 0.09760546 0.416117 0.00554347 0.1260237 0.009385824 0.1260237 0.00554347 0.416117 0.0585938 0.1260237 0.07176643 0.1260237 0.0585938 0.416117 0.1341471 0.1260237 0.1379894 0.1260237 0.1341471 0.416117 0.03425413 0.1260237 0.04592758 0.1260237 0.03425413 0.416117 0.1195105 0.1260237 0.1279076 0.1260237 0.1195105 0.416117 0.01562529 0.1260237 0.0240224 0.1260237 0.01562529 0.416117 0.07176643 0.1260237 0.08493906 0.1260237 0.07176643 0.1347292 0.2132155 0.5143429 0.2007904 0.5143428 0.2132156 0.1347292 0.2007902 0.5143429 0.1888425 0.5143429 0.2007904 0.1347292 0.1888424 0.5143429 0.1778313 0.5143429 0.1888425 0.1347292 0.1778312 0.5143429 0.1681799 0.5143429 0.1778313 0.1347292 0.1681799 0.5143429 0.1602593 0.5143429 0.1681799 0.1347292 0.1602592 0.5143429 0.1543737 0.5143429 0.1602593 0.1347292 0.1543736 0.5143428 0.1507493 0.5143429 0.1543737 0.1347292 0.1507493 0.5143428 0.1495256 0.5143428 0.1507493 0.1347292 0.2769055 0.5143428 0.2756818 0.5143428 0.2769057 0.1347292 0.2756817 0.5143428 0.2720575 0.5143428 0.2756818 0.1347292 0.2720574 0.5143428 0.2661719 0.5143428 0.2720575 0.1347292 0.2661718 0.5143428 0.2582513 0.5143428 0.2661719 0.1347292 0.2582511 0.5143428 0.2485998 0.5143428 0.2582513 0.1347292 0.2485997 0.5143428 0.2375886 0.5143428 0.2485998 0.1347292 0.2720574 0.1176994 0.2620381 0.1347292 0.2661718 0.1347292 0.2256407 0.5143428 0.2132156 0.5143428 0.2256408 0.1347292 0.2375886 0.5143428 0.2256408 0.5143428 0.2375886 0.8747627 0.1602594 0.9258244 0.1699525 0.8747627 0.1681801 0.8747627 0.1778314 0.9258244 0.1699525 0.9258245 0.179224 0.8747627 0.1888427 0.9258245 0.179224 0.9258245 0.1898018 0.8747627 0.2007905 0.9258245 0.1898018 0.9258245 0.2012794 0.8747627 0.2256409 0.9258245 0.2132157 0.9258245 0.225152 0.8747627 0.2256409 0.9258245 0.2366296 0.8747627 0.2375887 0.8747627 0.2375887 0.9258245 0.2472075 0.8747627 0.2486 0.8747627 0.2582514 0.9258245 0.2472075 0.9258245 0.2564791 0.8747627 0.2661719 0.9258245 0.2564791 0.9258245 0.2640882 0.8747627 0.2720577 0.9258245 0.2640882 0.9258245 0.269742 0.8747627 0.2720577 0.9258245 0.2732238 0.8747627 0.2756819 0.8747627 0.2756819 0.9258245 0.2743995 0.8747627 0.2769058 0.8747627 0.2132157 0.9258245 0.2012794 0.9258245 0.2132157 0.8747627 0.1507495 0.9258244 0.1520321 0.9258244 0.1532077 0.8747627 0.1543738 0.9258244 0.1532077 0.9258244 0.1566895 0.8747627 0.1543738 0.9258244 0.1623433 0.8747627 0.1602594 0.9258244 0.1520321 0.9535437 0.1571616 0.9258244 0.1532077 0.9258244 0.1623433 0.9535437 0.1728029 0.9258244 0.1699525 0.9258245 0.1898018 0.9535437 0.2020658 0.9258245 0.2012794 0.9258245 0.225152 0.9535437 0.2350869 0.9258245 0.2366296 0.9258245 0.2564791 0.9535437 0.2607361 0.9258245 0.2640882 0.9258245 0.2732238 0.9535437 0.270368 0.9258245 0.2743995 0.9258244 0.1532077 0.9535437 0.1604139 0.9258244 0.1566895 0.9258244 0.1699525 0.9535437 0.1814635 0.9258245 0.179224 0.9258245 0.2012794 0.9535437 0.2132157 0.9258245 0.2132157 0.9258245 0.2366296 0.9535437 0.2449676 0.9258245 0.2472075 0.9258245 0.2640882 0.9535437 0.2660176 0.9258245 0.269742 0.9258244 0.1566895 0.9535437 0.1656953 0.9258244 0.1623433 0.9258245 0.179224 0.9535437 0.1913444 0.9258245 0.1898018 0.9258245 0.2132157 0.9535437 0.2243655 0.9258245 0.225152 0.9258245 0.2472075 0.9535437 0.2536286 0.9258245 0.2564791 0.9258245 0.269742 0.9535437 0.2692699 0.9258245 0.2732238 0.9744547 0.2583824 0.9885576 0.232665 0.9885576 0.2338629 0.9535437 0.1571616 0.9744547 0.1671642 0.9744547 0.168049 0.9535437 0.1728029 0.9744547 0.1749252 0.9744547 0.1806523 0.9535437 0.2020658 0.9744547 0.1955926 0.9744547 0.2042315 0.9535437 0.2243655 0.9744547 0.2308388 0.9535437 0.2350869 0.9535437 0.2607361 0.9744547 0.245779 0.9744547 0.2515062 0.9535437 0.2692699 0.9744547 0.2592673 0.9535437 0.270368 0.9535437 0.1571616 0.9744547 0.1706696 0.9535437 0.1604139 0.9535437 0.1728029 0.9744547 0.1876308 0.9535437 0.1814635 0.9535437 0.2132157 0.9744547 0.2042315 0.9744547 0.2132157 0.9535437 0.2449676 0.9744547 0.2308388 0.9744547 0.2388005 0.9535437 0.2660176 0.9744547 0.2515062 0.9744547 0.2557618 0.9535437 0.1656953 0.9744547 0.1706696 0.9744547 0.1749252 0.9535437 0.1913444 0.9744547 0.1876308 0.9744547 0.1955926 0.9535437 0.2132157 0.9744547 0.2221999 0.9535437 0.2243655 0.9535437 0.2449676 0.9744547 0.245779 0.9535437 0.2536286 0.9535437 0.2660176 0.9744547 0.2583824 0.9535437 0.2692699 0.9885576 0.2249115 0.9948793 0.2165872 0.9885576 0.2281016 0.9744547 0.168049 0.9885576 0.1921638 0.9885576 0.1925684 0.9744547 0.1806523 0.9885576 0.1957117 0.9885576 0.1983298 0.9744547 0.1955926 0.9885576 0.2091087 0.9744547 0.2042315 0.9744547 0.2221999 0.9885576 0.2212718 0.9744547 0.2308388 0.9744547 0.2515062 0.9885576 0.2281016 0.9885576 0.2307197 0.9744547 0.2583824 0.9885576 0.2342677 0.9744547 0.2592673 0.9744547 0.168049 0.9885576 0.1937662 0.9744547 0.1706696 0.9744547 0.1806523 0.9885576 0.20152 0.9744547 0.1876308 0.9744547 0.2132157 0.9885576 0.2091087 0.9885576 0.2132157 0.9744547 0.2388005 0.9885576 0.2212718 0.9885576 0.2249115 0.9744547 0.2515062 0.9885576 0.232665 0.9744547 0.2557618 0.9744547 0.1749252 0.9885576 0.1937662 0.9885576 0.1957117 0.9744547 0.1955926 0.9885576 0.20152 0.9885576 0.2051596 0.9744547 0.2221999 0.9885576 0.2132157 0.9885576 0.2173227 0.9744547 0.2388005 0.9885576 0.2281016 0.9744547 0.245779 0.9948793 0.2132157 0.9987695 0.2135536 0.9948793 0.2141458 0.9885576 0.2338629 0.9948793 0.2176207 0.9948793 0.217892 0.9885576 0.1925684 0.9948793 0.2084478 0.9948793 0.2085394 0.9885576 0.1957117 0.9948793 0.2098442 0.9885576 0.1983298 0.9885576 0.2091087 0.9948793 0.211391 0.9948793 0.2122855 0.9885576 0.2173227 0.9948793 0.2150403 0.9885576 0.2212718 0.9885576 0.2307197 0.9948793 0.2165872 0.9948793 0.2171801 0.9885576 0.2338629 0.9948793 0.2179836 0.9885576 0.2342677 0.9885576 0.1925684 0.9948793 0.2088107 0.9885576 0.1937662 0.9885576 0.1983298 0.9948793 0.2105666 0.9885576 0.20152 0.9885576 0.2132157 0.9948793 0.2122855 0.9948793 0.2132157 0.9885576 0.2249115 0.9948793 0.2150403 0.9948793 0.2158647 0.9885576 0.2307197 0.9948793 0.2176207 0.9885576 0.232665 0.9885576 0.1957117 0.9948793 0.2088107 0.9948793 0.2092514 0.9885576 0.2051596 0.9948793 0.2105666 0.9948793 0.211391 0.9885576 0.2173227 0.9948793 0.2132157 0.9948793 0.2141458 0.9987695 0.2132157 0.9987695 0.2128778 0.9987695 0.2135536 0.9987695 0.2128778 0.9987695 0.2138786 0.9987695 0.2135536 0.9987695 0.2128778 0.9987695 0.2125527 0.9987695 0.2138786 0.9987695 0.2125527 0.9987695 0.2141781 0.9987695 0.2138786 0.9987695 0.2125527 0.9987695 0.2122533 0.9987695 0.2141781 0.9987695 0.2122533 0.9987695 0.2144407 0.9987695 0.2141781 0.9987695 0.2122533 0.9987695 0.2119908 0.9987695 0.2144407 0.9987695 0.2119908 0.9987695 0.2146561 0.9987695 0.2144407 0.9987695 0.2119908 0.9987695 0.2117753 0.9987695 0.2146561 0.9987695 0.2117753 0.9987695 0.2148161 0.9987695 0.2146561 0.9987695 0.2117753 0.9987695 0.2116153 0.9987695 0.2148161 0.9987695 0.2116153 0.9987695 0.2149147 0.9987695 0.2148161 0.9987695 0.2116153 0.9987695 0.2115167 0.9987695 0.2149147 0.9987695 0.2115167 0.9987695 0.2149479 0.9987695 0.2149147 0.9987695 0.2115167 0.9987695 0.2114832 0.9987695 0.2149479 0.9987695 0.2114832 0.9987695 0.2149147 0.9987695 0.2149479 0.9987695 0.2114832 0.9987695 0.2115167 0.9987695 0.2149147 0.9987695 0.2115167 0.9987695 0.2148161 0.9987695 0.2149147 0.9987695 0.2115167 0.9987695 0.2116153 0.9987695 0.2148161 0.9987695 0.2116153 0.9987695 0.2146561 0.9987695 0.2148161 0.9987695 0.2116153 0.9987695 0.2117753 0.9987695 0.2146561 0.9987695 0.2117753 0.9987695 0.2144407 0.9987695 0.2146561 0.9987695 0.2117753 0.9987695 0.2119908 0.9987695 0.2144407 0.9987695 0.2119908 0.9987695 0.2141781 0.9987695 0.2144407 0.9987695 0.2119908 0.9987695 0.2122533 0.9987695 0.2141781 0.9987695 0.2122533 0.9987695 0.2138786 0.9987695 0.2141781 0.9987695 0.2122533 0.9987695 0.2125527 0.9987695 0.2138786 0.9987695 0.2125527 0.9987695 0.2135536 0.9987695 0.2138786 0.9987695 0.2125527 0.9987695 0.2128778 0.9987695 0.2135536 0.9987695 0.2128778 0.9987695 0.2132157 0.9987695 0.2135536 0.9948793 0.2158647 0.9987695 0.2144407 0.9948793 0.2165872 0.9948793 0.2176207 0.9987695 0.2149147 0.9948793 0.217892 0.9948793 0.2084478 0.9987695 0.2115167 0.9948793 0.2085394 0.9948793 0.2098442 0.9987695 0.2117753 0.9987695 0.2119908 0.9948793 0.2122855 0.9987695 0.2125527 0.9987695 0.2128778 0.9948793 0.2141458 0.9987695 0.2138786 0.9948793 0.2150403 0.9948793 0.2171801 0.9987695 0.2144407 0.9987695 0.2146561 0.9948793 0.2179836 0.9987695 0.2149147 0.9987695 0.2149479 0.9948793 0.2088107 0.9987695 0.2115167 0.9987695 0.2116153 0.9948793 0.2098442 0.9987695 0.2122533 0.9948793 0.2105666 0.9948793 0.2122855 0.9987695 0.2132157 0.9948793 0.2132157 0.9948793 0.2158647 0.9987695 0.2138786 0.9987695 0.2141781 0.9948793 0.2171801 0.9987695 0.2148161 0.9948793 0.2176207 0.9948793 0.2088107 0.9987695 0.2117753 0.9948793 0.2092514 0.9948793 0.211391 0.9987695 0.2122533 0.9987695 0.2125527 0.1176994 0.1907449 0.01445651 0.1968761 0.1176994 0.1805933 0.1347292 0.2720574 0.1176994 0.2708057 0.1176994 0.2674642 0.1347292 0.2756817 0.1176994 0.271934 0.1176994 0.2708057 0.1347292 0.2132155 0.1176994 0.2017601 0.1347292 0.2007902 0.1347292 0.1495255 0.1176994 0.1556254 0.1176994 0.154497 0.1347292 0.1543736 0.1176994 0.1556254 0.1347292 0.1507493 0.1347292 0.1602592 0.1176994 0.1589668 0.1347292 0.1543736 0.1347292 0.1602592 0.1176994 0.1716953 0.1176994 0.164393 0.1347292 0.1778312 0.1176994 0.1716953 0.1347292 0.1681799 0.1347292 0.1888424 0.1176994 0.1805933 0.1347292 0.1778312 0.1347292 0.2007902 0.1176994 0.1907449 0.1347292 0.1888424 0.1347292 0.2256407 0.1176994 0.2132155 0.1347292 0.2132155 0.1347292 0.2375886 0.1176994 0.2246708 0.1347292 0.2256407 0.1347292 0.2375886 0.1176994 0.2458376 0.1176994 0.235686 0.1347292 0.2485997 0.1176994 0.2547357 0.1176994 0.2458376 0.1347292 0.2582511 0.1176994 0.2620381 0.1176994 0.2547357 0.01445651 0.1887618 0.01019901 0.186044 0.01445651 0.186044 0.1176994 0.2246708 0.01445651 0.2132156 0.1176994 0.2132155 0.1176994 0.2547357 0.01445651 0.229555 0.1176994 0.2458376 0.1176994 0.2674642 0.01445651 0.2420607 0.01445651 0.240387 0.1176994 0.1556254 0.01445651 0.1838053 0.1176994 0.154497 0.1176994 0.1716953 0.01445651 0.1887618 0.1176994 0.164393 0.1176994 0.2017601 0.01445651 0.2019607 0.1176994 0.1907449 0.1176994 0.235686 0.01445651 0.2189532 0.1176994 0.2246708 0.1176994 0.2620381 0.01445651 0.2340117 0.1176994 0.2547357 0.1176994 0.271934 0.01445651 0.2420607 0.1176994 0.2708057 0.1176994 0.1589668 0.01445651 0.1843705 0.1176994 0.1556254 0.1176994 0.1805933 0.01445651 0.1924193 0.1176994 0.1716953 0.1176994 0.2132155 0.01445651 0.2074779 0.1176994 0.2017601 0.1176994 0.2458376 0.01445651 0.2244703 0.1176994 0.235686 0.1176994 0.2674642 0.01445651 0.2376693 0.1176994 0.2620381 0.1176994 0.164393 0.01445651 0.186044 0.1176994 0.1589668 0.01445651 0.2019607 0.01019901 0.1968761 0.01445651 0.1968761 0.01445651 0.2189532 0.01019901 0.2132156 0.01445651 0.2132156 0.01445651 0.2340117 0.01019901 0.229555 0.01445651 0.229555 0.01445651 0.2420607 0.01019901 0.240387 0.01445651 0.240387 0.01445651 0.1838053 0.01019901 0.1843705 0.01019901 0.1838053 0.01445651 0.1924193 0.01019901 0.1887618 0.01445651 0.1887618 0.01445651 0.2074779 0.01019901 0.2019607 0.01445651 0.2019607 0.01445651 0.2244703 0.01019901 0.2189532 0.01445651 0.2189532 0.01445651 0.2376693 0.01019901 0.2340117 0.01445651 0.2340117 0.01445651 0.2426258 0.01019901 0.2420607 0.01445651 0.2420607 0.01445651 0.186044 0.01019901 0.1843705 0.01445651 0.1843705 0.01445651 0.1968761 0.01019901 0.1924193 0.01445651 0.1924193 0.01445651 0.2132156 0.01019901 0.2074779 0.01445651 0.2074779 0.01445651 0.229555 0.01019901 0.2244703 0.01445651 0.2244703 0.01445651 0.240387 0.01019901 0.2376694 0.01445651 0.2376693 0.5143429 0.2007904 0.5847207 0.1888425 0.5847207 0.2007904 0.5143429 0.1888425 0.5847207 0.1778313 0.5847207 0.1888425 0.5143429 0.1778313 0.5847207 0.1681799 0.5847207 0.1778313 0.5143429 0.1681799 0.5847207 0.1602594 0.5847207 0.1681799 0.5143429 0.1602593 0.5847207 0.1543738 0.5847207 0.1602594 0.5143429 0.1543737 0.5847207 0.1507493 0.5847207 0.1543738 0.5143428 0.1507493 0.5847207 0.1495256 0.5847207 0.1507493 0.5143428 0.2769057 0.5847207 0.2756818 0.5847207 0.2769057 0.5143428 0.2756818 0.5847207 0.2720575 0.5847207 0.2756818 0.5143428 0.2720575 0.5847207 0.2661719 0.5847207 0.2720575 0.5847207 0.2661719 0.5143428 0.2582513 0.5847207 0.2582513 0.5143428 0.2582513 0.5847207 0.2485998 0.5847207 0.2582513 0.5143428 0.2485998 0.5847207 0.2375887 0.5847207 0.2485998 0.5847207 0.2256408 0.5847207 0.2132156 0.5847207 0.2132156 0.5143428 0.2375886 0.5847207 0.2256408 0.5847207 0.2375887 0.5847207 0.1602594 0.8747627 0.1543738 0.8747627 0.1602594 0.5847207 0.1507493 0.8747627 0.1495258 0.8747627 0.1507495 0.5847207 0.2485998 0.8747627 0.2375887 0.8747627 0.2486 0.5847207 0.2661719 0.8747627 0.2582514 0.8747627 0.2661719 0.5847207 0.2132156 0.8747627 0.2007905 0.8747627 0.2132157 0.8747627 0.2375887 0.5847207 0.2256408 0.8747627 0.2256409 0.5847207 0.1681799 0.8747627 0.1602594 0.8747627 0.1681801 0.5847207 0.1888425 0.8747627 0.1778314 0.8747627 0.1888427 0.5847207 0.2582513 0.8747627 0.2486 0.8747627 0.2582514 0.5847207 0.2756818 0.8747627 0.2720577 0.8747627 0.2756819 0.5847207 0.1543738 0.8747627 0.1507495 0.8747627 0.1543738 0.8747627 0.2256409 0.5847207 0.2132156 0.8747627 0.2132157 0.5847207 0.1778313 0.8747627 0.1681801 0.8747627 0.1778314 0.5847207 0.2007904 0.8747627 0.1888427 0.8747627 0.2007905 0.5847207 0.2720575 0.8747627 0.2661719 0.8747627 0.2720577 0.5847207 0.2769057 0.8747627 0.2756819 0.8747627 0.2769058 0.5153152 0.2030954 0.5852289 0.2154387 0.5153152 0.2154387 0.5847207 0.2132156 0.5143428 0.2132156 0.5143428 0.2132156 0.5143428 0.2256408 0.5847207 0.2256408 0.5847207 0.2256408 0.5847207 0.2256408 0.5143428 0.2132156 0.5847207 0.2132156 0.5143428 0.2256408 0.5143428 0.2132156 0.5143428 0.2256408 0.5847207 0.2256408 0.5143428 0.2256408 0.5847207 0.2256408 0.5153152 0.2154387 0.5153152 0.2030954 0.5153152 0.2030954 0.416117 0.08493906 0.430405 0.08493906 0.430405 0.08493906 0.4865073 0.08591562 0.430405 0.08591562 0.416117 0.08591562 0.4865073 0.07274299 0.4865073 0.08591562 0.416117 0.08591562 0.4865073 0.07274299 0.416117 0.08591562 0.416117 0.07274299 0.4865073 0.07176643 0.416117 0.07176643 0.416117 0.07176643 0.430405 0.08493906 0.4865073 0.08493906 0.4865073 0.08493906 0.4865073 0.08493906 0.4865073 0.07176643 0.4865073 0.07176643 0.416117 0.08493906 0.416117 0.07176643 0.416117 0.08493906 0.8661882 0.004246175 0.8661882 0.00554347 0.4865074 0.00554347 0.8661882 0.00554347 0.8661882 0.009385824 0.4865074 0.009385824 0.8661882 0.009385824 0.8661882 0.01562529 0.4865074 0.01562529 0.8661882 0.01562529 0.8661882 0.0240224 0.4865074 0.0240224 0.8661882 0.0240224 0.8661882 0.03425413 0.4865074 0.03425413 0.8661882 0.03425413 0.8661882 0.04592758 0.4865074 0.04592758 0.8661882 0.04592758 0.8661882 0.05859392 0.4865074 0.0585938 0.8661882 0.05859392 0.8661882 0.07176643 0.4865073 0.07176643 0.8661882 0.07176643 0.8661882 0.08493906 0.4865073 0.08493906 0.8661882 0.08493906 0.8661882 0.09760546 0.4865073 0.09760546 0.8661882 0.09760546 0.8661882 0.1092787 0.4865073 0.1092787 0.8661882 0.1092787 0.8661882 0.1195105 0.4865073 0.1195105 0.8661882 0.1195105 0.8661882 0.1279076 0.4865073 0.1279076 0.8661882 0.1279076 0.8661882 0.1341471 0.4865073 0.1341471 0.8661882 0.1341471 0.8661882 0.1379894 0.4865073 0.1379894 0.8661882 0.1379894 0.8661882 0.1392866 0.4865073 0.1392866 0.0749529 0.1078025 0.0749529 0.1176317 0.04722875 0.1146095 0.1260236 0.1392866 0.0749529 0.1366297 0.0749529 0.1353833 0.1260237 0.1379894 0.0749529 0.1353833 0.0749529 0.1316922 0.1260237 0.1341471 0.0749529 0.1316922 0.0749529 0.1256983 0.1260237 0.1279076 0.0749529 0.1256983 0.0749529 0.1176317 0.1260237 0.1092787 0.1260237 0.1195105 0.0749529 0.1176317 0.1260237 0.1092787 0.0749529 0.1078025 0.0749529 0.09658861 0.1260237 0.09760546 0.0749529 0.09658861 0.0749529 0.08442074 0.1260237 0.08493906 0.0749529 0.08442074 0.0749529 0.07176643 0.1260237 0.07176643 0.0749529 0.07176643 0.0749529 0.05911231 0.1260237 0.0585938 0.0749529 0.05911231 0.0749529 0.04694437 0.1260237 0.04592758 0.0749529 0.04694437 0.0749529 0.03573036 0.1260237 0.03425413 0.0749529 0.03573036 0.0749529 0.02590119 0.1260237 0.01562529 0.1260237 0.0240224 0.0749529 0.02590119 0.1260237 0.009385824 0.1260237 0.01562529 0.0749529 0.01783466 0.1260237 0.009385824 0.0749529 0.01184064 0.0749529 0.008149504 0.1260237 0.00554347 0.0749529 0.008149504 0.0749529 0.006903231 0.04722875 0.1311916 0.02631407 0.1196494 0.02631407 0.1168711 0.0749529 0.07176643 0.0749529 0.08442074 0.04722881 0.08358687 0.0749529 0.03573036 0.0749529 0.04694437 0.04722881 0.04857981 0.0749529 0.01184064 0.0749529 0.01783466 0.04722881 0.02138805 0.0749529 0.1256983 0.0749529 0.1316922 0.04722875 0.1277437 0.0749529 0.09658861 0.0749529 0.1078025 0.04722875 0.105428 0.0749529 0.05911231 0.0749529 0.07176643 0.04722881 0.07176631 0.0749529 0.02590119 0.0749529 0.03573036 0.04722881 0.03810477 0.0749529 0.008149504 0.0749529 0.01184064 0.04722881 0.01578903 0.0749529 0.1353833 0.0749529 0.1366297 0.04722875 0.1323556 0.0749529 0.1176317 0.0749529 0.1256983 0.04722875 0.1221446 0.0749529 0.08442074 0.0749529 0.09658861 0.04722875 0.09495294 0.0749529 0.04694437 0.0749529 0.05911231 0.04722881 0.05994606 0.0749529 0.01783466 0.0749529 0.02590119 0.04722881 0.02892315 0.0749529 0.006903231 0.0749529 0.008149504 0.04722881 0.0123412 0.0749529 0.1316922 0.0749529 0.1353833 0.04722875 0.1311916 0.04722875 0.1146095 0.02631407 0.1062881 0.02631407 0.09888994 0.04722881 0.08358687 0.02631407 0.08129096 0.02631407 0.07176643 0.04722881 0.04857981 0.02631407 0.05308336 0.02631407 0.0446428 0.04722881 0.02138805 0.02631407 0.03117311 0.02631407 0.02666151 0.04722875 0.1277437 0.02631407 0.1168711 0.02631407 0.1123597 0.04722875 0.105428 0.02631407 0.09888994 0.02631407 0.09044939 0.04722881 0.07176631 0.02631407 0.07176643 0.02631407 0.06224197 0.04722881 0.02892315 0.04722881 0.03810477 0.02631407 0.0446428 0.04722881 0.0123412 0.04722881 0.01578903 0.02631407 0.02666151 0.04722875 0.1311916 0.04722875 0.1323556 0.02631407 0.1205874 0.04722875 0.1146095 0.04722875 0.1221446 0.02631407 0.1123597 0.04722875 0.09495294 0.02631407 0.09044939 0.02631407 0.08129096 0.04722881 0.05994606 0.02631407 0.06224197 0.02631407 0.05308336 0.04722881 0.02892315 0.02631407 0.03724461 0.02631407 0.03117311 0.04722881 0.0123412 0.02631407 0.02388334 0.02631407 0.02294522 0.02631407 0.1168711 0.02631407 0.1196494 0.0122087 0.09365546 0.02631407 0.1062881 0.0122087 0.08754754 0.0122087 0.08416557 0.02631407 0.07176643 0.02631407 0.08129096 0.0122087 0.07612043 0.02631407 0.05308336 0.0122087 0.06322568 0.0122087 0.05936712 0.02631407 0.03117311 0.0122087 0.05320966 0.0122087 0.05114722 0.02631407 0.1168711 0.0122087 0.09238541 0.0122087 0.09032309 0.02631407 0.09044939 0.02631407 0.09888994 0.0122087 0.08416557 0.02631407 0.07176643 0.0122087 0.07176631 0.0122087 0.06741231 0.02631407 0.03724461 0.02631407 0.0446428 0.0122087 0.05936712 0.02631407 0.02388334 0.02631407 0.02666151 0.0122087 0.05114722 0.02631407 0.1196494 0.02631407 0.1205874 0.0122087 0.09408432 0.02631407 0.1062881 0.02631407 0.1123597 0.0122087 0.09032309 0.02631407 0.09044939 0.0122087 0.08030706 0.0122087 0.07612043 0.02631407 0.05308336 0.02631407 0.06224197 0.0122087 0.06741231 0.02631407 0.03724461 0.0122087 0.05598521 0.0122087 0.05320966 0.02631407 0.02388334 0.0122087 0.04987722 0.0122087 0.04944843 0.0122087 0.09238541 0.0122087 0.09365546 0.005885839 0.07672387 0.0122087 0.08754754 0.005885839 0.0753405 0.005885839 0.07457453 0.0122087 0.07612043 0.005885839 0.07275241 0.005885839 0.07176631 0.0122087 0.06322568 0.005885839 0.06983196 0.005885839 0.06895804 0.0122087 0.05320966 0.005885839 0.06756347 0.005885839 0.06709641 0.0122087 0.09032309 0.0122087 0.09238541 0.005885839 0.07643634 0.0122087 0.08030706 0.0122087 0.08416557 0.005885839 0.07457453 0.0122087 0.07176631 0.005885839 0.07176631 0.005885839 0.07078033 0.0122087 0.05598521 0.0122087 0.05936712 0.005885839 0.06895804 0.0122087 0.04987722 0.0122087 0.05114722 0.005885839 0.06709641 0.0122087 0.09408432 0.005885839 0.07682114 0.005885839 0.07672387 0.0122087 0.09032309 0.005885839 0.07596909 0.005885839 0.0753405 0.0122087 0.08030706 0.005885839 0.07370078 0.005885839 0.07275241 0.0122087 0.06741231 0.005885839 0.07078033 0.005885839 0.06983196 0.0122087 0.05320966 0.0122087 0.05598521 0.005885839 0.06819224 0.0122087 0.04987722 0.005885839 0.0668087 0.005885839 0.0667116 0.005885839 0.07643634 0.005885839 0.07672387 0.001994848 0.07356756 0.005885839 0.07457453 0.005885839 0.0753405 0.001994848 0.07306486 0.005885839 0.07176631 0.005885839 0.07275241 0.001994848 0.0721246 0.005885839 0.06983196 0.001994848 0.07106351 0.001994848 0.070746 0.005885839 0.06709641 0.005885839 0.06756347 0.001994848 0.07023942 0.005885839 0.07643634 0.001994848 0.07346296 0.001994848 0.07329338 0.005885839 0.07370078 0.005885839 0.07457453 0.001994848 0.07278656 0.005885839 0.07078033 0.005885839 0.07176631 0.001994848 0.07176631 0.005885839 0.06819224 0.005885839 0.06895804 0.001994848 0.070746 0.005885839 0.06709641 0.001994848 0.07006961 0.001994848 0.06996518 0.005885839 0.07682114 0.001994848 0.07360291 0.001994848 0.07356756 0.005885839 0.0753405 0.005885839 0.07596909 0.001994848 0.07329338 0.005885839 0.07370078 0.001994848 0.07246923 0.001994848 0.0721246 0.005885839 0.07078033 0.001994848 0.07140803 0.001994848 0.07106351 0.005885839 0.06819224 0.001994848 0.07046777 0.001994848 0.07023942 0.005885839 0.0667116 0.005885839 0.0668087 0.001994848 0.06996518 0.8661882 0.1392866 0.8661882 0.1379894 0.883221 0.1328201 0.8661882 0.1341471 0.883221 0.1292777 0.883221 0.1328201 0.8661882 0.1341471 0.8661882 0.1279076 0.883221 0.1235253 0.8661882 0.1279076 0.8661882 0.1195105 0.883221 0.1157838 0.8661882 0.1195105 0.8661882 0.1092787 0.883221 0.1063506 0.8661882 0.1092787 0.8661882 0.09760546 0.883221 0.09558844 0.8661882 0.09760546 0.8661882 0.08493906 0.883221 0.08391082 0.8661882 0.08493906 0.8661882 0.07176643 0.883221 0.07176643 0.8661882 0.05859392 0.883221 0.05962216 0.883221 0.07176643 0.8661882 0.04592758 0.883221 0.04794442 0.883221 0.05962216 0.8661882 0.04592758 0.8661882 0.03425413 0.883221 0.03718239 0.8661882 0.03425413 0.8661882 0.0240224 0.883221 0.0277493 0.8661882 0.0240224 0.8661882 0.01562529 0.883221 0.02000766 0.8661882 0.01562529 0.8661882 0.009385824 0.883221 0.01425516 0.8661882 0.009385824 0.8661882 0.00554347 0.883221 0.01071292 0.8661882 0.004246175 0.883221 0.009516716 0.883221 0.01071292 0.883221 0.1292777 0.9864822 0.1005722 0.9864822 0.1023464 0.883221 0.1157838 0.883221 0.1063506 0.9864822 0.08908867 0.883221 0.08391082 0.883221 0.07176643 0.9864822 0.07176661 0.883221 0.03718239 0.9864822 0.05444455 0.9864822 0.05983477 0.883221 0.02000766 0.883221 0.01425516 0.9864822 0.042961 0.883221 0.1292777 0.883221 0.1235253 0.9864822 0.09769088 0.883221 0.1063506 0.883221 0.09558844 0.9864822 0.08369821 0.883221 0.07176643 0.883221 0.05962216 0.9864822 0.06568384 0.883221 0.03718239 0.883221 0.0277493 0.9864822 0.04971969 0.883221 0.01071292 0.9864822 0.04118669 0.9864822 0.042961 0.883221 0.1340163 0.883221 0.1328201 0.9864822 0.1023464 0.883221 0.1235253 0.883221 0.1157838 0.9864822 0.09381341 0.883221 0.08391082 0.9864822 0.07784932 0.9864822 0.08369821 0.883221 0.05962216 0.883221 0.04794442 0.9864822 0.05983477 0.883221 0.02000766 0.9864822 0.04584217 0.9864822 0.04971969 0.883221 0.01071292 0.883221 0.009516716 0.9864822 0.04058766 0.9864822 0.1005722 0.9907404 0.1005722 0.9907404 0.1023464 0.9864822 0.08908867 0.9907404 0.08908867 0.9907404 0.09381341 0.9864822 0.07176661 0.9907404 0.07176661 0.9907404 0.07784932 0.9864822 0.05983477 0.9864822 0.05444455 0.9907404 0.05444455 0.9864822 0.042961 0.9907404 0.042961 0.9907404 0.04584217 0.9864822 0.09769088 0.9907404 0.09769088 0.9907404 0.1005722 0.9864822 0.08369821 0.9907404 0.08369821 0.9907404 0.08908867 0.9864822 0.06568384 0.9907404 0.06568384 0.9907404 0.07176661 0.9864822 0.04971969 0.9907404 0.04971969 0.9907404 0.05444455 0.9864822 0.04118669 0.9907404 0.04118669 0.9907404 0.042961 0.9864822 0.1023464 0.9907404 0.1023464 0.9907404 0.1029456 0.9864822 0.09381341 0.9907404 0.09381341 0.9907404 0.09769088 0.9864822 0.07784932 0.9907404 0.07784932 0.9907404 0.08369821 0.9864822 0.06568384 0.9864822 0.05983477 0.9907404 0.05983477 0.9864822 0.04584217 0.9907404 0.04584217 0.9907404 0.04971969 0.9864822 0.04118669 0.9864822 0.04058766 0.9907404 0.04058766 0.4865074 0.004246056 0.4865074 0.00554347 0.416117 0.00554347 0.4865074 0.00554347 0.4865074 0.009385824 0.416117 0.009385824 0.416117 0.009385824 0.4865074 0.009385824 0.4865074 0.01562529 0.416117 0.01562529 0.4865074 0.01562529 0.4865074 0.0240224 0.4865074 0.0240224 0.4865074 0.03425413 0.416117 0.03425413 0.4865074 0.03425413 0.4865074 0.04592758 0.416117 0.04592758 0.4865074 0.04592758 0.4865074 0.0585938 0.416117 0.0585938 0.4865074 0.0585938 0.4865073 0.07176643 0.416117 0.07176643 0.4865073 0.09760546 0.4865073 0.1092787 0.416117 0.1092787 0.416117 0.1092787 0.4865073 0.1092787 0.4865073 0.1195105 0.416117 0.1195105 0.4865073 0.1195105 0.4865073 0.1279076 0.416117 0.1279076 0.4865073 0.1279076 0.4865073 0.1341471 0.416117 0.1341471 0.4865073 0.1341471 0.4865073 0.1379894 0.4865073 0.1379894 0.4865073 0.1392866 0.416117 0.1392866 0.416117 0.1092787 0.416117 0.1195105 0.1260237 0.1195105 0.416117 0.009385824 0.416117 0.01562529 0.1260237 0.01562529 0.416117 0.08493906 0.416117 0.09760546 0.1260237 0.09760546 0.416117 0.004246056 0.416117 0.00554347 0.1260237 0.00554347 0.416117 0.1379894 0.416117 0.1392866 0.1260236 0.1392866 0.416117 0.04592758 0.416117 0.0585938 0.1260237 0.0585938 0.416117 0.1279076 0.416117 0.1341471 0.1260237 0.1341471 0.416117 0.0240224 0.416117 0.03425413 0.1260237 0.03425413 0.416117 0.09760546 0.416117 0.1092787 0.1260237 0.1092787 0.416117 0.00554347 0.416117 0.009385824 0.1260237 0.009385824 0.416117 0.0585938 0.416117 0.07176643 0.1260237 0.07176643 0.416117 0.1341471 0.416117 0.1379894 0.1260237 0.1379894 0.416117 0.03425413 0.416117 0.04592758 0.1260237 0.04592758 0.416117 0.1195105 0.416117 0.1279076 0.1260237 0.1279076 0.416117 0.01562529 0.416117 0.0240224 0.1260237 0.0240224 0.416117 0.07176643 0.416117 0.08493906 0.1260237 0.08493906 0.1347292 0.2132155 0.1347292 0.2007902 0.5143429 0.2007904 0.1347292 0.2007902 0.1347292 0.1888424 0.5143429 0.1888425 0.1347292 0.1888424 0.1347292 0.1778312 0.5143429 0.1778313 0.1347292 0.1778312 0.1347292 0.1681799 0.5143429 0.1681799 0.1347292 0.1681799 0.1347292 0.1602592 0.5143429 0.1602593 0.1347292 0.1602592 0.1347292 0.1543736 0.5143429 0.1543737 0.1347292 0.1543736 0.1347292 0.1507493 0.5143428 0.1507493 0.1347292 0.1507493 0.1347292 0.1495255 0.5143428 0.1495256 0.1347292 0.2769055 0.1347292 0.2756817 0.5143428 0.2756818 0.1347292 0.2756817 0.1347292 0.2720574 0.5143428 0.2720575 0.1347292 0.2720574 0.1347292 0.2661718 0.5143428 0.2661719 0.1347292 0.2661718 0.1347292 0.2582511 0.5143428 0.2582513 0.1347292 0.2582511 0.1347292 0.2485997 0.5143428 0.2485998 0.1347292 0.2485997 0.1347292 0.2375886 0.5143428 0.2375886 0.1347292 0.2720574 0.1176994 0.2674642 0.1176994 0.2620381 0.1347292 0.2256407 0.1347292 0.2132155 0.5143428 0.2132156 0.1347292 0.2375886 0.1347292 0.2256407 0.5143428 0.2256408 0.8747627 0.1602594 0.9258244 0.1623433 0.9258244 0.1699525 0.8747627 0.1778314 0.8747627 0.1681801 0.9258244 0.1699525 0.8747627 0.1888427 0.8747627 0.1778314 0.9258245 0.179224 0.8747627 0.2007905 0.8747627 0.1888427 0.9258245 0.1898018 0.8747627 0.2256409 0.8747627 0.2132157 0.9258245 0.2132157 0.8747627 0.2256409 0.9258245 0.225152 0.9258245 0.2366296 0.8747627 0.2375887 0.9258245 0.2366296 0.9258245 0.2472075 0.8747627 0.2582514 0.8747627 0.2486 0.9258245 0.2472075 0.8747627 0.2661719 0.8747627 0.2582514 0.9258245 0.2564791 0.8747627 0.2720577 0.8747627 0.2661719 0.9258245 0.2640882 0.8747627 0.2720577 0.9258245 0.269742 0.9258245 0.2732238 0.8747627 0.2756819 0.9258245 0.2732238 0.9258245 0.2743995 0.8747627 0.2132157 0.8747627 0.2007905 0.9258245 0.2012794 0.8747627 0.1507495 0.8747627 0.1495258 0.9258244 0.1520321 0.8747627 0.1543738 0.8747627 0.1507495 0.9258244 0.1532077 0.8747627 0.1543738 0.9258244 0.1566895 0.9258244 0.1623433 0.9258244 0.1520321 0.9535437 0.1560634 0.9535437 0.1571616 0.9258244 0.1623433 0.9535437 0.1656953 0.9535437 0.1728029 0.9258245 0.1898018 0.9535437 0.1913444 0.9535437 0.2020658 0.9258245 0.225152 0.9535437 0.2243655 0.9535437 0.2350869 0.9258245 0.2564791 0.9535437 0.2536286 0.9535437 0.2607361 0.9258245 0.2732238 0.9535437 0.2692699 0.9535437 0.270368 0.9258244 0.1532077 0.9535437 0.1571616 0.9535437 0.1604139 0.9258244 0.1699525 0.9535437 0.1728029 0.9535437 0.1814635 0.9258245 0.2012794 0.9535437 0.2020658 0.9535437 0.2132157 0.9258245 0.2366296 0.9535437 0.2350869 0.9535437 0.2449676 0.9258245 0.2640882 0.9535437 0.2607361 0.9535437 0.2660176 0.9258244 0.1566895 0.9535437 0.1604139 0.9535437 0.1656953 0.9258245 0.179224 0.9535437 0.1814635 0.9535437 0.1913444 0.9258245 0.2132157 0.9535437 0.2132157 0.9535437 0.2243655 0.9258245 0.2472075 0.9535437 0.2449676 0.9535437 0.2536286 0.9258245 0.269742 0.9535437 0.2660176 0.9535437 0.2692699 0.9744547 0.2583824 0.9744547 0.2557618 0.9885576 0.232665 0.9535437 0.1571616 0.9535437 0.1560634 0.9744547 0.1671642 0.9535437 0.1728029 0.9535437 0.1656953 0.9744547 0.1749252 0.9535437 0.2020658 0.9535437 0.1913444 0.9744547 0.1955926 0.9535437 0.2243655 0.9744547 0.2221999 0.9744547 0.2308388 0.9535437 0.2607361 0.9535437 0.2536286 0.9744547 0.245779 0.9535437 0.2692699 0.9744547 0.2583824 0.9744547 0.2592673 0.9535437 0.1571616 0.9744547 0.168049 0.9744547 0.1706696 0.9535437 0.1728029 0.9744547 0.1806523 0.9744547 0.1876308 0.9535437 0.2132157 0.9535437 0.2020658 0.9744547 0.2042315 0.9535437 0.2449676 0.9535437 0.2350869 0.9744547 0.2308388 0.9535437 0.2660176 0.9535437 0.2607361 0.9744547 0.2515062 0.9535437 0.1656953 0.9535437 0.1604139 0.9744547 0.1706696 0.9535437 0.1913444 0.9535437 0.1814635 0.9744547 0.1876308 0.9535437 0.2132157 0.9744547 0.2132157 0.9744547 0.2221999 0.9535437 0.2449676 0.9744547 0.2388005 0.9744547 0.245779 0.9535437 0.2660176 0.9744547 0.2557618 0.9744547 0.2583824 0.9885576 0.2249115 0.9948793 0.2158647 0.9948793 0.2165872 0.9744547 0.168049 0.9744547 0.1671642 0.9885576 0.1921638 0.9744547 0.1806523 0.9744547 0.1749252 0.9885576 0.1957117 0.9744547 0.1955926 0.9885576 0.2051596 0.9885576 0.2091087 0.9744547 0.2221999 0.9885576 0.2173227 0.9885576 0.2212718 0.9744547 0.2515062 0.9744547 0.245779 0.9885576 0.2281016 0.9744547 0.2583824 0.9885576 0.2338629 0.9885576 0.2342677 0.9744547 0.168049 0.9885576 0.1925684 0.9885576 0.1937662 0.9744547 0.1806523 0.9885576 0.1983298 0.9885576 0.20152 0.9744547 0.2132157 0.9744547 0.2042315 0.9885576 0.2091087 0.9744547 0.2388005 0.9744547 0.2308388 0.9885576 0.2212718 0.9744547 0.2515062 0.9885576 0.2307197 0.9885576 0.232665 0.9744547 0.1749252 0.9744547 0.1706696 0.9885576 0.1937662 0.9744547 0.1955926 0.9744547 0.1876308 0.9885576 0.20152 0.9744547 0.2221999 0.9744547 0.2132157 0.9885576 0.2132157 0.9744547 0.2388005 0.9885576 0.2249115 0.9885576 0.2281016 0.9948793 0.2132157 0.9987695 0.2132157 0.9987695 0.2135536 0.9885576 0.2338629 0.9885576 0.232665 0.9948793 0.2176207 0.9885576 0.1925684 0.9885576 0.1921638 0.9948793 0.2084478 0.9885576 0.1957117 0.9948793 0.2092514 0.9948793 0.2098442 0.9885576 0.2091087 0.9885576 0.2051596 0.9948793 0.211391 0.9885576 0.2173227 0.9948793 0.2141458 0.9948793 0.2150403 0.9885576 0.2307197 0.9885576 0.2281016 0.9948793 0.2165872 0.9885576 0.2338629 0.9948793 0.217892 0.9948793 0.2179836 0.9885576 0.1925684 0.9948793 0.2085394 0.9948793 0.2088107 0.9885576 0.1983298 0.9948793 0.2098442 0.9948793 0.2105666 0.9885576 0.2132157 0.9885576 0.2091087 0.9948793 0.2122855 0.9885576 0.2249115 0.9885576 0.2212718 0.9948793 0.2150403 0.9885576 0.2307197 0.9948793 0.2171801 0.9948793 0.2176207 0.9885576 0.1957117 0.9885576 0.1937662 0.9948793 0.2088107 0.9885576 0.2051596 0.9885576 0.20152 0.9948793 0.2105666 0.9885576 0.2173227 0.9885576 0.2132157 0.9948793 0.2132157 0.9948793 0.2158647 0.9987695 0.2141781 0.9987695 0.2144407 0.9948793 0.2176207 0.9987695 0.2148161 0.9987695 0.2149147 0.9948793 0.2084478 0.9987695 0.2114832 0.9987695 0.2115167 0.9948793 0.2098442 0.9948793 0.2092514 0.9987695 0.2117753 0.9948793 0.2122855 0.9948793 0.211391 0.9987695 0.2125527 0.9948793 0.2141458 0.9987695 0.2135536 0.9987695 0.2138786 0.9948793 0.2171801 0.9948793 0.2165872 0.9987695 0.2144407 0.9948793 0.2179836 0.9948793 0.217892 0.9987695 0.2149147 0.9948793 0.2088107 0.9948793 0.2085394 0.9987695 0.2115167 0.9948793 0.2098442 0.9987695 0.2119908 0.9987695 0.2122533 0.9948793 0.2122855 0.9987695 0.2128778 0.9987695 0.2132157 0.9948793 0.2158647 0.9948793 0.2150403 0.9987695 0.2138786 0.9948793 0.2171801 0.9987695 0.2146561 0.9987695 0.2148161 0.9948793 0.2088107 0.9987695 0.2116153 0.9987695 0.2117753 0.9948793 0.211391 0.9948793 0.2105666 0.9987695 0.2122533 0.1176994 0.1907449 0.01445651 0.2019607 0.01445651 0.1968761 0.1347292 0.2720574 0.1347292 0.2756817 0.1176994 0.2708057 0.1347292 0.2756817 0.1347292 0.2769055 0.1176994 0.271934 0.1347292 0.2132155 0.1176994 0.2132155 0.1176994 0.2017601 0.1347292 0.1495255 0.1347292 0.1507493 0.1176994 0.1556254 0.1347292 0.1543736 0.1176994 0.1589668 0.1176994 0.1556254 0.1347292 0.1602592 0.1176994 0.164393 0.1176994 0.1589668 0.1347292 0.1602592 0.1347292 0.1681799 0.1176994 0.1716953 0.1347292 0.1778312 0.1176994 0.1805933 0.1176994 0.1716953 0.1347292 0.1888424 0.1176994 0.1907449 0.1176994 0.1805933 0.1347292 0.2007902 0.1176994 0.2017601 0.1176994 0.1907449 0.1347292 0.2256407 0.1176994 0.2246708 0.1176994 0.2132155 0.1347292 0.2375886 0.1176994 0.235686 0.1176994 0.2246708 0.1347292 0.2375886 0.1347292 0.2485997 0.1176994 0.2458376 0.1347292 0.2485997 0.1347292 0.2582511 0.1176994 0.2547357 0.1347292 0.2582511 0.1347292 0.2661718 0.1176994 0.2620381 0.01445651 0.1887618 0.01019901 0.1887618 0.01019901 0.186044 0.1176994 0.2246708 0.01445651 0.2189532 0.01445651 0.2132156 0.1176994 0.2547357 0.01445651 0.2340117 0.01445651 0.229555 0.1176994 0.2674642 0.1176994 0.2708057 0.01445651 0.2420607 0.1176994 0.1556254 0.01445651 0.1843705 0.01445651 0.1838053 0.1176994 0.1716953 0.01445651 0.1924193 0.01445651 0.1887618 0.1176994 0.2017601 0.01445651 0.2074779 0.01445651 0.2019607 0.1176994 0.235686 0.01445651 0.2244703 0.01445651 0.2189532 0.1176994 0.2620381 0.01445651 0.2376693 0.01445651 0.2340117 0.1176994 0.271934 0.01445651 0.2426258 0.01445651 0.2420607 0.1176994 0.1589668 0.01445651 0.186044 0.01445651 0.1843705 0.1176994 0.1805933 0.01445651 0.1968761 0.01445651 0.1924193 0.1176994 0.2132155 0.01445651 0.2132156 0.01445651 0.2074779 0.1176994 0.2458376 0.01445651 0.229555 0.01445651 0.2244703 0.1176994 0.2674642 0.01445651 0.240387 0.01445651 0.2376693 0.1176994 0.164393 0.01445651 0.1887618 0.01445651 0.186044 0.01445651 0.2019607 0.01019901 0.2019607 0.01019901 0.1968761 0.01445651 0.2189532 0.01019901 0.2189532 0.01019901 0.2132156 0.01445651 0.2340117 0.01019901 0.2340117 0.01019901 0.229555 0.01445651 0.2420607 0.01019901 0.2420607 0.01019901 0.240387 0.01445651 0.1838053 0.01445651 0.1843705 0.01019901 0.1843705 0.01445651 0.1924193 0.01019901 0.1924193 0.01019901 0.1887618 0.01445651 0.2074779 0.01019901 0.2074779 0.01019901 0.2019607 0.01445651 0.2244703 0.01019901 0.2244703 0.01019901 0.2189532 0.01445651 0.2376693 0.01019901 0.2376694 0.01019901 0.2340117 0.01445651 0.2426258 0.01019901 0.2426258 0.01019901 0.2420607 0.01445651 0.186044 0.01019901 0.186044 0.01019901 0.1843705 0.01445651 0.1968761 0.01019901 0.1968761 0.01019901 0.1924193 0.01445651 0.2132156 0.01019901 0.2132156 0.01019901 0.2074779 0.01445651 0.229555 0.01019901 0.229555 0.01019901 0.2244703 0.01445651 0.240387 0.01019901 0.240387 0.01019901 0.2376694 0.5143429 0.2007904 0.5143429 0.1888425 0.5847207 0.1888425 0.5143429 0.1888425 0.5143429 0.1778313 0.5847207 0.1778313 0.5143429 0.1778313 0.5143429 0.1681799 0.5847207 0.1681799 0.5143429 0.1681799 0.5143429 0.1602593 0.5847207 0.1602594 0.5143429 0.1602593 0.5143429 0.1543737 0.5847207 0.1543738 0.5143429 0.1543737 0.5143428 0.1507493 0.5847207 0.1507493 0.5143428 0.1507493 0.5143428 0.1495256 0.5847207 0.1495256 0.5143428 0.2769057 0.5143428 0.2756818 0.5847207 0.2756818 0.5143428 0.2756818 0.5143428 0.2720575 0.5847207 0.2720575 0.5143428 0.2720575 0.5143428 0.2661719 0.5847207 0.2661719 0.5847207 0.2661719 0.5143428 0.2661719 0.5143428 0.2582513 0.5143428 0.2582513 0.5143428 0.2485998 0.5847207 0.2485998 0.5143428 0.2485998 0.5143428 0.2375886 0.5847207 0.2375887 0.5847207 0.2256408 0.5847207 0.2256408 0.5847207 0.2132156 0.5143428 0.2375886 0.5143428 0.2256408 0.5847207 0.2256408 0.5847207 0.1602594 0.5847207 0.1543738 0.8747627 0.1543738 0.5847207 0.1507493 0.5847207 0.1495256 0.8747627 0.1495258 0.5847207 0.2485998 0.5847207 0.2375887 0.8747627 0.2375887 0.5847207 0.2661719 0.5847207 0.2582513 0.8747627 0.2582514 0.5847207 0.2132156 0.5847207 0.2007904 0.8747627 0.2007905 0.8747627 0.2375887 0.5847207 0.2375887 0.5847207 0.2256408 0.5847207 0.1681799 0.5847207 0.1602594 0.8747627 0.1602594 0.5847207 0.1888425 0.5847207 0.1778313 0.8747627 0.1778314 0.5847207 0.2582513 0.5847207 0.2485998 0.8747627 0.2486 0.5847207 0.2756818 0.5847207 0.2720575 0.8747627 0.2720577 0.5847207 0.1543738 0.5847207 0.1507493 0.8747627 0.1507495 0.8747627 0.2256409 0.5847207 0.2256408 0.5847207 0.2132156 0.5847207 0.1778313 0.5847207 0.1681799 0.8747627 0.1681801 0.5847207 0.2007904 0.5847207 0.1888425 0.8747627 0.1888427 0.5847207 0.2720575 0.5847207 0.2661719 0.8747627 0.2661719 0.5847207 0.2769057 0.5847207 0.2756818 0.8747627 0.2756819 0.5153152 0.2030954 0.5852289 0.2030954 0.5852289 0.2154387 0.5847207 0.2132156 0.5847207 0.2132156 0.5143428 0.2132156 0.5143428 0.2256408 0.5143428 0.2256408 0.5847207 0.2256408 0.5847207 0.2256408 0.5143428 0.2256408 0.5143428 0.2132156 0.5143428 0.2256408 0.5143428 0.2132156 0.5143428 0.2132156 0.5847207 0.2256408 0.5143428 0.2256408 0.5143428 0.2256408 0.5153152 0.2154387 0.5153152 0.2154387 0.5153152 0.2030954 0.416117 0.08493906 0.416117 0.08493906 0.430405 0.08493906 0.4865073 0.07176643 0.4865073 0.07176643 0.416117 0.07176643 0.430405 0.08493906 0.430405 0.08493906 0.4865073 0.08493906 0.4865073 0.08493906 0.4865073 0.08493906 0.4865073 0.07176643 0.416117 0.08493906 0.416117 0.07176643 0.416117 0.07176643</float_array>
          <technique_common>
            <accessor source="#Cylinder-mesh-map-array" count="2466" stride="2">
              <param name="S" type="float"/>
              <param name="T" type="float"/>
            </accessor>
          </technique_common>
        </source>
        <vertices id="Cylinder-mesh-vertices">
          <input semantic="POSITION" source="#Cylinder-mesh-positions"/>
        </vertices>
        <triangles count="822">
          <input semantic="VERTEX" source="#Cylinder-mesh-vertices" offset="0"/>
          <input semantic="NORMAL" source="#Cylinder-mesh-normals" offset="1"/>
          <input semantic="TEXCOORD" source="#Cylinder-mesh-map" offset="2" set="0"/>
          <p>1 0 0 188 1 1 187 2 2 3 3 3 189 4 4 188 1 5 5 5 6 190 6 7 189 4 8 7 7 9 191 8 10 190 6 11 9 9 12 192 10 13 191 8 14 11 11 15 193 12 16 192 10 17 13 13 18 194 14 19 193 12 20 15 15 21 195 16 22 194 14 23 17 17 24 196 18 25 195 16 26 19 19 27 197 20 28 196 18 29 21 21 30 198 22 31 197 20 32 23 23 33 199 24 34 198 22 35 25 25 36 200 26 37 199 24 38 27 27 39 201 28 40 200 26 41 29 29 42 202 30 43 201 28 44 31 31 45 203 32 46 202 30 47 45 33 48 63 34 49 62 35 50 32 36 51 49 37 52 30 38 53 30 38 54 48 39 55 28 40 56 28 40 57 47 41 58 26 42 59 26 42 60 46 43 61 24 44 62 22 45 63 46 43 64 45 33 65 22 45 66 44 46 67 20 47 68 20 47 69 43 48 70 18 49 71 18 49 72 42 50 73 16 51 74 16 51 75 41 52 76 14 53 77 14 53 78 40 54 79 12 55 80 12 55 81 39 56 82 10 57 83 10 57 84 38 58 85 8 59 86 6 60 87 38 58 88 37 61 89 4 62 90 37 61 91 36 63 92 4 62 93 35 64 94 2 65 95 2 65 96 34 66 97 0 67 98 66 68 99 82 69 100 65 70 101 42 50 102 60 71 103 59 72 104 39 56 105 57 73 106 56 74 107 36 63 108 54 75 109 53 76 110 47 41 111 65 70 112 64 77 113 44 46 114 62 35 115 61 78 116 41 52 117 59 72 118 58 79 119 38 58 120 56 74 121 55 80 122 35 64 123 53 76 124 52 81 125 49 37 126 67 82 127 66 68 128 46 43 129 64 77 130 63 34 131 43 48 132 61 78 133 60 71 134 40 54 135 58 79 136 57 73 137 37 61 138 55 80 139 54 75 140 34 66 141 52 81 142 51 83 143 48 39 144 66 68 145 65 70 146 63 34 147 79 84 148 62 35 149 60 71 150 76 85 151 59 72 152 57 73 153 73 86 154 56 74 155 54 75 156 70 87 157 53 76 158 65 70 159 81 88 160 64 77 161 62 35 162 78 89 163 61 78 164 59 72 165 75 90 166 58 79 167 55 80 168 73 86 169 72 91 170 52 81 171 70 87 172 69 92 173 66 68 174 84 93 175 83 94 176 63 34 177 81 88 178 80 95 179 61 78 180 77 96 181 60 71 182 58 79 183 74 97 184 57 73 185 55 80 186 71 98 187 54 75 188 52 81 189 68 99 190 51 83 191 82 69 192 100 100 193 99 101 194 80 95 195 96 102 196 79 84 197 76 85 198 94 103 199 93 104 200 74 97 201 90 105 202 73 86 203 71 98 204 87 106 205 70 87 206 82 69 207 98 107 208 81 88 209 78 89 210 96 102 211 95 108 212 76 85 213 92 109 214 75 90 215 72 91 216 90 105 217 89 110 218 69 92 219 87 106 220 86 111 221 83 94 222 101 112 223 100 100 224 80 95 225 98 107 226 97 113 227 78 89 228 94 103 229 77 96 230 74 97 231 92 109 232 91 114 233 72 91 234 88 115 235 71 98 236 69 92 237 85 116 238 68 99 239 99 101 240 117 117 241 116 118 242 97 113 243 113 119 244 96 102 245 94 103 246 110 120 247 93 104 248 91 114 249 107 121 250 90 105 251 88 115 252 104 122 253 87 106 254 98 107 255 116 118 256 115 123 257 95 108 258 113 119 259 112 124 260 93 104 261 109 125 262 92 109 263 89 110 264 107 121 265 106 126 266 86 111 267 104 122 268 103 127 269 101 112 270 117 117 271 100 100 272 98 107 273 114 128 274 97 113 275 95 108 276 111 129 277 94 103 278 92 109 279 108 130 280 91 114 281 88 115 282 106 126 283 105 131 284 86 111 285 102 132 286 85 116 287 116 118 288 134 133 289 133 134 290 113 119 291 131 135 292 130 136 293 110 120 294 128 137 295 127 138 296 108 130 297 124 139 298 107 121 299 104 122 300 122 140 301 121 141 302 116 118 303 132 142 304 115 123 305 112 124 306 130 136 307 129 143 308 109 125 309 127 138 310 126 144 311 106 126 312 124 139 313 123 145 314 104 122 315 120 146 316 103 127 317 118 147 318 134 133 319 117 117 320 114 128 321 132 142 322 131 135 323 112 124 324 128 137 325 111 129 326 109 125 327 125 148 328 108 130 329 106 126 330 122 140 331 105 131 332 102 132 333 120 146 334 119 149 335 33 150 336 151 151 337 152 152 338 29 29 339 151 151 340 31 31 341 29 29 342 149 153 343 150 154 344 27 27 345 148 155 346 149 153 347 25 25 348 147 156 349 148 155 350 23 23 351 146 157 352 147 156 353 21 21 354 145 158 355 146 157 356 19 19 357 144 159 358 145 158 359 15 15 360 144 159 361 17 17 362 13 13 363 143 160 364 15 15 365 13 13 366 141 161 367 142 162 368 11 11 369 140 163 370 141 161 371 9 9 372 139 164 373 140 163 374 7 7 375 138 165 376 139 164 377 5 5 378 137 166 379 138 165 380 1 0 381 137 166 382 3 3 383 150 154 384 168 167 385 151 151 386 148 155 387 164 168 388 165 169 389 145 158 390 161 170 391 162 171 392 141 161 393 159 172 394 142 162 395 139 164 396 155 173 397 156 174 398 150 154 399 166 175 400 167 176 401 147 156 402 163 177 403 164 168 404 144 159 405 160 178 406 161 170 407 141 161 408 157 179 409 158 180 410 137 166 411 155 173 412 138 165 413 152 152 414 168 167 415 169 181 416 149 153 417 165 169 418 166 175 419 145 158 420 163 177 421 146 157 422 143 160 423 159 172 424 160 178 425 139 164 426 157 179 427 140 163 428 137 166 429 153 182 430 154 183 431 167 176 432 185 184 433 168 167 434 164 168 435 182 185 436 165 169 437 161 170 438 179 186 439 162 171 440 159 172 441 175 187 442 176 188 443 155 173 444 173 189 445 156 174 446 166 175 447 184 190 448 167 176 449 163 177 450 181 191 451 164 168 452 160 178 453 178 192 454 161 170 455 157 179 456 175 187 457 158 180 458 154 183 459 172 193 460 155 173 461 168 167 462 186 194 463 169 181 464 165 169 465 183 195 466 166 175 467 162 171 468 180 196 469 163 177 470 160 178 471 176 188 472 177 197 473 156 174 474 174 198 475 157 179 476 154 183 477 170 199 478 171 200 479 187 2 480 215 201 481 220 202 482 188 1 483 214 203 484 215 201 485 214 203 486 190 6 487 213 204 488 213 204 489 191 8 490 212 205 491 191 8 492 219 206 493 212 205 494 192 10 495 218 207 496 219 206 497 193 12 498 217 208 499 218 207 500 194 14 501 216 209 502 217 208 503 196 18 504 197 20 505 210 210 506 457 211 507 196 18 508 210 210 509 211 212 510 457 211 511 210 210 512 197 20 513 209 213 514 210 210 515 209 213 516 199 24 517 208 214 518 208 214 519 200 26 520 207 215 521 207 215 522 201 28 523 206 216 524 206 216 525 202 30 526 205 217 527 202 30 528 204 218 529 205 217 530 209 213 531 24 44 532 22 45 533 214 203 534 6 60 535 4 62 536 211 212 537 20 47 538 18 49 539 220 202 540 2 65 541 0 67 542 205 217 543 32 36 544 30 38 545 218 207 546 14 53 547 12 55 548 207 215 549 28 40 550 26 42 551 212 205 552 10 57 553 8 59 554 210 210 555 22 45 556 20 47 557 215 201 558 4 62 559 2 65 560 217 208 561 16 51 562 14 53 563 206 216 564 30 38 565 28 40 566 219 206 567 12 55 568 10 57 569 208 214 570 26 42 571 24 44 572 213 204 573 8 59 574 6 60 575 216 209 576 18 49 577 16 51 578 222 219 579 424 220 580 423 221 581 224 222 582 425 223 583 424 220 584 226 224 585 426 225 586 425 223 587 228 226 588 427 227 589 426 225 590 230 228 591 428 229 592 427 227 593 232 230 594 429 231 595 428 229 596 234 232 597 430 233 598 429 231 599 236 234 600 431 235 601 430 233 602 240 236 603 433 237 604 432 238 605 242 239 606 434 240 607 433 237 608 244 241 609 435 242 610 434 240 611 246 243 612 436 244 613 435 242 614 248 245 615 437 246 616 436 244 617 250 247 618 438 248 619 437 246 620 244 241 621 384 249 622 246 243 623 254 250 624 423 221 625 439 251 626 252 252 627 439 251 628 438 248 629 231 253 630 259 254 631 229 255 632 227 256 633 259 254 634 258 257 635 225 258 636 258 257 637 257 259 638 223 260 639 257 259 640 256 261 641 253 262 642 255 263 643 271 264 644 253 262 645 270 265 646 251 266 647 251 266 648 269 267 649 249 268 650 247 269 651 269 267 652 268 270 653 245 271 654 268 270 655 267 272 656 243 273 657 267 272 658 266 274 659 243 273 660 265 275 661 241 276 662 241 276 663 264 277 664 239 278 665 221 279 666 256 261 667 255 263 668 235 280 669 263 281 670 262 282 671 233 283 672 262 282 673 261 284 674 233 283 675 260 285 676 231 253 677 263 281 678 279 286 679 262 282 680 260 285 681 276 287 682 259 254 683 257 259 684 273 288 685 256 261 686 271 264 687 287 289 688 270 265 689 268 270 690 284 290 691 267 272 692 265 275 693 281 291 694 264 277 695 262 282 696 278 292 697 261 284 698 259 254 699 275 293 700 258 257 701 256 261 702 272 294 703 255 263 704 270 265 705 286 295 706 269 267 707 267 272 708 283 296 709 266 274 710 261 284 711 277 297 712 260 285 713 258 257 714 274 298 715 257 259 716 255 263 717 288 299 718 271 264 719 269 267 720 285 300 721 268 270 722 266 274 723 282 301 724 265 275 725 299 302 726 317 303 727 316 304 728 279 286 729 297 305 730 296 306 731 276 287 732 294 307 733 293 308 734 273 288 735 291 309 736 290 310 737 288 299 738 304 311 739 287 289 740 284 290 741 302 312 742 301 313 743 282 301 744 298 314 745 281 291 746 279 286 747 295 315 748 278 292 749 276 287 750 292 316 751 275 293 752 272 294 753 290 310 754 289 317 755 286 295 756 304 311 757 303 318 758 283 296 759 301 313 760 300 319 761 277 297 762 295 315 763 294 307 764 274 298 765 292 316 766 291 309 767 272 294 768 305 320 769 288 299 770 286 295 771 302 312 772 285 300 773 283 296 774 299 302 775 282 301 776 320 321 777 336 322 778 319 323 779 296 306 780 314 324 781 313 325 782 293 308 783 311 326 784 310 327 785 291 309 786 307 328 787 290 310 788 305 320 789 321 329 790 304 311 791 301 313 792 319 323 793 318 330 794 299 302 795 315 331 796 298 314 797 296 306 798 312 332 799 295 315 800 293 308 801 309 333 802 292 316 803 289 317 804 307 328 805 306 334 806 303 318 807 321 329 808 320 321 809 301 313 810 317 303 811 300 319 812 294 307 813 312 332 814 311 326 815 291 309 816 309 333 817 308 335 818 305 320 819 306 334 820 322 336 821 303 318 822 319 323 823 302 312 824 323 337 825 371 338 826 339 339 827 316 304 828 334 340 829 333 341 830 313 325 831 331 342 832 330 343 833 311 326 834 327 344 835 310 327 836 307 328 837 325 345 838 324 346 839 322 336 840 338 347 841 321 329 842 318 330 843 336 322 844 335 348 845 316 304 846 332 349 847 315 331 848 313 325 849 329 350 850 312 332 851 310 327 852 326 351 853 309 333 854 306 334 855 324 346 856 323 337 857 320 321 858 338 347 859 337 352 860 318 330 861 334 340 862 317 303 863 311 326 864 329 350 865 328 353 866 308 335 867 326 351 868 325 345 869 322 336 870 323 337 871 339 339 872 340 354 873 341 355 874 371 338 875 341 355 876 370 356 877 371 338 878 341 355 879 342 357 880 370 356 881 342 357 882 369 358 883 370 356 884 342 357 885 343 359 886 369 358 887 343 359 888 368 360 889 369 358 890 343 359 891 344 361 892 368 360 893 344 361 894 367 362 895 368 360 896 344 361 897 345 363 898 367 362 899 345 363 900 366 364 901 367 362 902 345 363 903 346 365 904 366 364 905 346 365 906 365 366 907 366 364 908 346 365 909 347 367 910 365 366 911 347 367 912 364 368 913 365 366 914 347 367 915 348 369 916 364 368 917 348 369 918 363 370 919 364 368 920 348 369 921 349 370 922 363 370 923 349 370 924 362 370 925 363 370 926 349 371 927 350 371 928 362 371 929 350 370 930 361 370 931 362 370 932 350 370 933 351 370 934 361 370 935 351 370 936 360 370 937 361 370 938 351 370 939 352 370 940 360 370 941 352 370 942 359 370 943 360 370 944 352 370 945 353 370 946 359 370 947 353 370 948 358 370 949 359 370 950 353 370 951 354 370 952 358 370 953 354 370 954 357 370 955 358 370 956 354 370 957 355 370 958 357 370 959 355 370 960 356 370 961 357 370 962 337 352 963 368 360 964 336 322 965 334 340 966 365 366 967 333 341 968 331 342 969 347 367 970 330 343 971 327 344 972 345 363 973 344 361 974 324 346 975 342 357 976 341 355 977 339 339 978 370 356 979 338 347 980 335 348 981 368 360 982 367 362 983 332 349 984 365 366 985 364 368 986 329 350 987 347 367 988 346 365 989 327 344 990 343 359 991 326 351 992 324 346 993 340 354 994 323 337 995 337 352 996 370 356 997 369 358 998 335 348 999 366 364 1000 334 340 1001 329 350 1002 345 363 1003 328 353 1004 325 345 1005 343 359 1006 342 357 1007 374 372 1008 392 373 1009 375 374 1010 244 241 1011 382 375 1012 383 376 1013 242 239 1014 381 377 1015 382 375 1016 222 219 1017 373 378 1018 224 222 1019 238 379 1020 379 380 1021 380 381 1022 234 232 1023 379 380 1024 236 234 1025 232 230 1026 378 382 1027 234 232 1028 232 230 1029 376 383 1030 377 384 1031 228 226 1032 376 383 1033 230 228 1034 226 224 1035 375 374 1036 228 226 1037 224 222 1038 374 372 1039 226 224 1040 254 250 1041 372 385 1042 222 219 1043 252 252 1044 388 386 1045 254 250 1046 252 252 1047 386 387 1048 387 388 1049 250 247 1050 385 389 1051 386 387 1052 248 245 1053 384 249 1054 385 389 1055 394 390 1056 412 391 1057 395 392 1058 388 386 1059 389 393 1060 372 385 1061 385 389 1062 403 394 1063 386 387 1064 383 376 1065 399 395 1066 400 396 1067 379 380 1068 397 397 1069 380 381 1070 376 383 1071 394 390 1072 377 384 1073 373 378 1074 391 398 1075 374 372 1076 387 388 1077 405 399 1078 388 386 1079 384 249 1080 402 400 1081 385 389 1082 381 377 1083 399 395 1084 382 375 1085 378 382 1086 396 401 1087 379 380 1088 375 374 1089 393 402 1090 376 383 1091 372 385 1092 390 403 1093 373 378 1094 386 387 1095 404 404 1096 387 388 1097 383 376 1098 401 405 1099 384 249 1100 377 384 1101 395 392 1102 378 382 1103 391 398 1104 409 406 1105 392 373 1106 405 399 1107 406 407 1108 389 393 1109 402 400 1110 420 408 1111 403 394 1112 399 395 1113 417 409 1114 400 396 1115 397 397 1116 413 410 1117 414 411 1118 393 402 1119 411 412 1120 394 390 1121 390 403 1122 408 413 1123 391 398 1124 404 404 1125 422 414 1126 405 399 1127 401 405 1128 419 415 1129 402 400 1130 398 416 1131 416 417 1132 399 395 1133 395 392 1134 413 410 1135 396 401 1136 392 373 1137 410 418 1138 393 402 1139 389 393 1140 407 419 1141 390 403 1142 403 394 1143 421 420 1144 404 404 1145 400 396 1146 418 421 1147 401 405 1148 424 220 1149 447 422 1150 448 423 1151 425 223 1152 446 424 1153 447 422 1154 426 225 1155 445 425 1156 446 424 1157 427 227 1158 456 426 1159 445 425 1160 428 229 1161 455 427 1162 456 426 1163 429 231 1164 454 428 1165 455 427 1166 430 233 1167 453 429 1168 454 428 1169 432 238 1170 452 430 1171 440 431 1172 433 237 1173 451 432 1174 452 430 1175 434 240 1176 450 433 1177 451 432 1178 450 433 1179 436 244 1180 449 434 1181 436 244 1182 444 435 1183 449 434 1184 437 246 1185 443 436 1186 444 435 1187 442 437 1188 464 438 1189 441 439 1190 438 248 1191 442 437 1192 443 436 1193 456 426 1194 233 283 1195 231 253 1196 454 428 1197 237 440 1198 235 280 1199 444 435 1200 251 266 1201 249 268 1202 450 433 1203 247 269 1204 245 271 1205 441 439 1206 223 260 1207 221 279 1208 251 266 1209 442 437 1210 253 262 1211 445 425 1212 231 253 1213 229 255 1214 447 422 1215 227 256 1216 225 258 1217 449 434 1218 249 268 1219 247 269 1220 452 430 1221 243 273 1222 241 276 1223 455 427 1224 235 280 1225 233 283 1226 253 262 1227 441 439 1228 221 279 1229 446 424 1230 229 255 1231 227 256 1232 448 423 1233 225 258 1234 223 260 1235 451 432 1236 245 271 1237 243 273 1238 440 431 1239 241 276 1240 239 278 1241 423 221 1242 448 423 1243 441 439 1244 441 441 1245 458 441 1246 423 441 1247 439 441 1248 461 441 1249 442 441 1250 465 442 1251 462 443 1252 464 438 1253 439 251 1254 462 443 1255 463 444 1256 442 437 1257 463 444 1258 465 442 1259 441 439 1260 462 443 1261 423 221 1262 211 212 1263 470 445 1264 457 211 1265 466 446 1266 467 447 1267 470 445 1268 469 448 1269 466 446 1270 470 445 1271 469 448 1272 470 445 1273 468 449 1274 195 16 1275 469 448 1276 216 209 1277 457 211 1278 467 447 1279 196 18 1280 196 18 1281 466 446 1282 195 16 1283 211 212 1284 469 448 1285 468 449 1286 1 0 1287 3 3 1288 188 1 1289 3 3 1290 5 5 1291 189 4 1292 5 5 1293 7 7 1294 190 6 1295 7 7 1296 9 9 1297 191 8 1298 9 9 1299 11 11 1300 192 10 1301 11 11 1302 13 13 1303 193 12 1304 13 13 1305 15 15 1306 194 14 1307 15 15 1308 17 17 1309 195 16 1310 17 17 1311 19 19 1312 196 18 1313 19 19 1314 21 21 1315 197 20 1316 21 21 1317 23 23 1318 198 22 1319 23 23 1320 25 25 1321 199 24 1322 25 25 1323 27 27 1324 200 26 1325 27 27 1326 29 29 1327 201 28 1328 29 29 1329 31 31 1330 202 30 1331 31 31 1332 33 150 1333 203 32 1334 45 33 1335 46 43 1336 63 34 1337 32 36 1338 50 450 1339 49 37 1340 30 38 1341 49 37 1342 48 39 1343 28 40 1344 48 39 1345 47 41 1346 26 42 1347 47 41 1348 46 43 1349 22 45 1350 24 44 1351 46 43 1352 22 45 1353 45 33 1354 44 46 1355 20 47 1356 44 46 1357 43 48 1358 18 49 1359 43 48 1360 42 50 1361 16 51 1362 42 50 1363 41 52 1364 14 53 1365 41 52 1366 40 54 1367 12 55 1368 40 54 1369 39 56 1370 10 57 1371 39 56 1372 38 58 1373 6 60 1374 8 59 1375 38 58 1376 4 62 1377 6 60 1378 37 61 1379 4 62 1380 36 63 1381 35 64 1382 2 65 1383 35 64 1384 34 66 1385 66 68 1386 83 94 1387 82 69 1388 42 50 1389 43 48 1390 60 71 1391 39 56 1392 40 54 1393 57 73 1394 36 63 1395 37 61 1396 54 75 1397 47 41 1398 48 39 1399 65 70 1400 44 46 1401 45 33 1402 62 35 1403 41 52 1404 42 50 1405 59 72 1406 38 58 1407 39 56 1408 56 74 1409 35 64 1410 36 63 1411 53 76 1412 49 37 1413 50 450 1414 67 82 1415 46 43 1416 47 41 1417 64 77 1418 43 48 1419 44 46 1420 61 78 1421 40 54 1422 41 52 1423 58 79 1424 37 61 1425 38 58 1426 55 80 1427 34 66 1428 35 64 1429 52 81 1430 48 39 1431 49 37 1432 66 68 1433 63 34 1434 80 95 1435 79 84 1436 60 71 1437 77 96 1438 76 85 1439 57 73 1440 74 97 1441 73 86 1442 54 75 1443 71 98 1444 70 87 1445 65 70 1446 82 69 1447 81 88 1448 62 35 1449 79 84 1450 78 89 1451 59 72 1452 76 85 1453 75 90 1454 55 80 1455 56 74 1456 73 86 1457 52 81 1458 53 76 1459 70 87 1460 66 68 1461 67 82 1462 84 93 1463 63 34 1464 64 77 1465 81 88 1466 61 78 1467 78 89 1468 77 96 1469 58 79 1470 75 90 1471 74 97 1472 55 80 1473 72 91 1474 71 98 1475 52 81 1476 69 92 1477 68 99 1478 82 69 1479 83 94 1480 100 100 1481 80 95 1482 97 113 1483 96 102 1484 76 85 1485 77 96 1486 94 103 1487 74 97 1488 91 114 1489 90 105 1490 71 98 1491 88 115 1492 87 106 1493 82 69 1494 99 101 1495 98 107 1496 78 89 1497 79 84 1498 96 102 1499 76 85 1500 93 104 1501 92 109 1502 72 91 1503 73 86 1504 90 105 1505 69 92 1506 70 87 1507 87 106 1508 83 94 1509 84 93 1510 101 112 1511 80 95 1512 81 88 1513 98 107 1514 78 89 1515 95 108 1516 94 103 1517 74 97 1518 75 90 1519 92 109 1520 72 91 1521 89 110 1522 88 115 1523 69 92 1524 86 111 1525 85 116 1526 99 101 1527 100 100 1528 117 117 1529 97 113 1530 114 128 1531 113 119 1532 94 103 1533 111 129 1534 110 120 1535 91 114 1536 108 130 1537 107 121 1538 88 115 1539 105 131 1540 104 122 1541 98 107 1542 99 101 1543 116 118 1544 95 108 1545 96 102 1546 113 119 1547 93 104 1548 110 120 1549 109 125 1550 89 110 1551 90 105 1552 107 121 1553 86 111 1554 87 106 1555 104 122 1556 101 112 1557 118 147 1558 117 117 1559 98 107 1560 115 123 1561 114 128 1562 95 108 1563 112 124 1564 111 129 1565 92 109 1566 109 125 1567 108 130 1568 88 115 1569 89 110 1570 106 126 1571 86 111 1572 103 127 1573 102 132 1574 116 118 1575 117 117 1576 134 133 1577 113 119 1578 114 128 1579 131 135 1580 110 120 1581 111 129 1582 128 137 1583 108 130 1584 125 148 1585 124 139 1586 104 122 1587 105 131 1588 122 140 1589 116 118 1590 133 134 1591 132 142 1592 112 124 1593 113 119 1594 130 136 1595 109 125 1596 110 120 1597 127 138 1598 106 126 1599 107 121 1600 124 139 1601 104 122 1602 121 141 1603 120 146 1604 118 147 1605 135 451 1606 134 133 1607 114 128 1608 115 123 1609 132 142 1610 112 124 1611 129 143 1612 128 137 1613 109 125 1614 126 144 1615 125 148 1616 106 126 1617 123 145 1618 122 140 1619 102 132 1620 103 127 1621 120 146 1622 33 150 1623 31 31 1624 151 151 1625 29 29 1626 150 154 1627 151 151 1628 29 29 1629 27 27 1630 149 153 1631 27 27 1632 25 25 1633 148 155 1634 25 25 1635 23 23 1636 147 156 1637 23 23 1638 21 21 1639 146 157 1640 21 21 1641 19 19 1642 145 158 1643 19 19 1644 17 17 1645 144 159 1646 15 15 1647 143 160 1648 144 159 1649 13 13 1650 142 162 1651 143 160 1652 13 13 1653 11 11 1654 141 161 1655 11 11 1656 9 9 1657 140 163 1658 9 9 1659 7 7 1660 139 164 1661 7 7 1662 5 5 1663 138 165 1664 5 5 1665 3 3 1666 137 166 1667 1 0 1668 136 452 1669 137 166 1670 150 154 1671 167 176 1672 168 167 1673 148 155 1674 147 156 1675 164 168 1676 145 158 1677 144 159 1678 161 170 1679 141 161 1680 158 180 1681 159 172 1682 139 164 1683 138 165 1684 155 173 1685 150 154 1686 149 153 1687 166 175 1688 147 156 1689 146 157 1690 163 177 1691 144 159 1692 143 160 1693 160 178 1694 141 161 1695 140 163 1696 157 179 1697 137 166 1698 154 183 1699 155 173 1700 152 152 1701 151 151 1702 168 167 1703 149 153 1704 148 155 1705 165 169 1706 145 158 1707 162 171 1708 163 177 1709 143 160 1710 142 162 1711 159 172 1712 139 164 1713 156 174 1714 157 179 1715 137 166 1716 136 452 1717 153 182 1718 167 176 1719 184 190 1720 185 184 1721 164 168 1722 181 191 1723 182 185 1724 161 170 1725 178 192 1726 179 186 1727 159 172 1728 158 180 1729 175 187 1730 155 173 1731 172 193 1732 173 189 1733 166 175 1734 183 195 1735 184 190 1736 163 177 1737 180 196 1738 181 191 1739 160 178 1740 177 197 1741 178 192 1742 157 179 1743 174 198 1744 175 187 1745 154 183 1746 171 200 1747 172 193 1748 168 167 1749 185 184 1750 186 194 1751 165 169 1752 182 185 1753 183 195 1754 162 171 1755 179 186 1756 180 196 1757 160 178 1758 159 172 1759 176 188 1760 156 174 1761 173 189 1762 174 198 1763 154 183 1764 153 182 1765 170 199 1766 187 2 1767 188 1 1768 215 201 1769 188 1 1770 189 4 1771 214 203 1772 214 203 1773 189 4 1774 190 6 1775 213 204 1776 190 6 1777 191 8 1778 191 8 1779 192 10 1780 219 206 1781 192 10 1782 193 12 1783 218 207 1784 193 12 1785 194 14 1786 217 208 1787 194 14 1788 195 16 1789 216 209 1790 197 20 1791 198 22 1792 209 213 1793 209 213 1794 198 22 1795 199 24 1796 208 214 1797 199 24 1798 200 26 1799 207 215 1800 200 26 1801 201 28 1802 206 216 1803 201 28 1804 202 30 1805 202 30 1806 203 32 1807 204 218 1808 209 213 1809 208 214 1810 24 44 1811 214 203 1812 213 204 1813 6 60 1814 211 212 1815 210 210 1816 20 47 1817 220 202 1818 215 201 1819 2 65 1820 205 217 1821 204 218 1822 32 36 1823 218 207 1824 217 208 1825 14 53 1826 207 215 1827 206 216 1828 28 40 1829 212 205 1830 219 206 1831 10 57 1832 210 210 1833 209 213 1834 22 45 1835 215 201 1836 214 203 1837 4 62 1838 217 208 1839 216 209 1840 16 51 1841 206 216 1842 205 217 1843 30 38 1844 219 206 1845 218 207 1846 12 55 1847 208 214 1848 207 215 1849 26 42 1850 213 204 1851 212 205 1852 8 59 1853 216 209 1854 211 212 1855 18 49 1856 222 219 1857 224 222 1858 424 220 1859 224 222 1860 226 224 1861 425 223 1862 226 224 1863 228 226 1864 426 225 1865 228 226 1866 230 228 1867 427 227 1868 230 228 1869 232 230 1870 428 229 1871 232 230 1872 234 232 1873 429 231 1874 234 232 1875 236 234 1876 430 233 1877 236 234 1878 238 379 1879 431 235 1880 240 236 1881 242 239 1882 433 237 1883 242 239 1884 244 241 1885 434 240 1886 244 241 1887 246 243 1888 435 242 1889 246 243 1890 248 245 1891 436 244 1892 248 245 1893 250 247 1894 437 246 1895 250 247 1896 252 252 1897 438 248 1898 244 241 1899 383 376 1900 384 249 1901 254 250 1902 222 219 1903 423 221 1904 252 252 1905 254 250 1906 439 251 1907 231 253 1908 260 285 1909 259 254 1910 227 256 1911 229 255 1912 259 254 1913 225 258 1914 227 256 1915 258 257 1916 223 260 1917 225 258 1918 257 259 1919 253 262 1920 221 279 1921 255 263 1922 253 262 1923 271 264 1924 270 265 1925 251 266 1926 270 265 1927 269 267 1928 247 269 1929 249 268 1930 269 267 1931 245 271 1932 247 269 1933 268 270 1934 243 273 1935 245 271 1936 267 272 1937 243 273 1938 266 274 1939 265 275 1940 241 276 1941 265 275 1942 264 277 1943 221 279 1944 223 260 1945 256 261 1946 235 280 1947 237 440 1948 263 281 1949 233 283 1950 235 280 1951 262 282 1952 233 283 1953 261 284 1954 260 285 1955 263 281 1956 280 453 1957 279 286 1958 260 285 1959 277 297 1960 276 287 1961 257 259 1962 274 298 1963 273 288 1964 271 264 1965 288 299 1966 287 289 1967 268 270 1968 285 300 1969 284 290 1970 265 275 1971 282 301 1972 281 291 1973 262 282 1974 279 286 1975 278 292 1976 259 254 1977 276 287 1978 275 293 1979 256 261 1980 273 288 1981 272 294 1982 270 265 1983 287 289 1984 286 295 1985 267 272 1986 284 290 1987 283 296 1988 261 284 1989 278 292 1990 277 297 1991 258 257 1992 275 293 1993 274 298 1994 255 263 1995 272 294 1996 288 299 1997 269 267 1998 286 295 1999 285 300 2000 266 274 2001 283 296 2002 282 301 2003 299 302 2004 300 319 2005 317 303 2006 279 286 2007 280 453 2008 297 305 2009 276 287 2010 277 297 2011 294 307 2012 273 288 2013 274 298 2014 291 309 2015 288 299 2016 305 320 2017 304 311 2018 284 290 2019 285 300 2020 302 312 2021 282 301 2022 299 302 2023 298 314 2024 279 286 2025 296 306 2026 295 315 2027 276 287 2028 293 308 2029 292 316 2030 272 294 2031 273 288 2032 290 310 2033 286 295 2034 287 289 2035 304 311 2036 283 296 2037 284 290 2038 301 313 2039 277 297 2040 278 292 2041 295 315 2042 274 298 2043 275 293 2044 292 316 2045 272 294 2046 289 317 2047 305 320 2048 286 295 2049 303 318 2050 302 312 2051 283 296 2052 300 319 2053 299 302 2054 320 321 2055 337 352 2056 336 322 2057 296 306 2058 297 305 2059 314 324 2060 293 308 2061 294 307 2062 311 326 2063 291 309 2064 308 335 2065 307 328 2066 305 320 2067 322 336 2068 321 329 2069 301 313 2070 302 312 2071 319 323 2072 299 302 2073 316 304 2074 315 331 2075 296 306 2076 313 325 2077 312 332 2078 293 308 2079 310 327 2080 309 333 2081 289 317 2082 290 310 2083 307 328 2084 303 318 2085 304 311 2086 321 329 2087 301 313 2088 318 330 2089 317 303 2090 294 307 2091 295 315 2092 312 332 2093 291 309 2094 292 316 2095 309 333 2096 305 320 2097 289 317 2098 306 334 2099 303 318 2100 320 321 2101 319 323 2102 323 337 2103 340 354 2104 371 338 2105 316 304 2106 317 303 2107 334 340 2108 313 325 2109 314 324 2110 331 342 2111 311 326 2112 328 353 2113 327 344 2114 307 328 2115 308 335 2116 325 345 2117 322 336 2118 339 339 2119 338 347 2120 318 330 2121 319 323 2122 336 322 2123 316 304 2124 333 341 2125 332 349 2126 313 325 2127 330 343 2128 329 350 2129 310 327 2130 327 344 2131 326 351 2132 306 334 2133 307 328 2134 324 346 2135 320 321 2136 321 329 2137 338 347 2138 318 330 2139 335 348 2140 334 340 2141 311 326 2142 312 332 2143 329 350 2144 308 335 2145 309 333 2146 326 351 2147 322 336 2148 306 334 2149 323 337 2150 337 352 2151 369 358 2152 368 360 2153 334 340 2154 366 364 2155 365 366 2156 331 342 2157 348 369 2158 347 367 2159 327 344 2160 328 353 2161 345 363 2162 324 346 2163 325 345 2164 342 357 2165 339 339 2166 371 338 2167 370 356 2168 335 348 2169 336 322 2170 368 360 2171 332 349 2172 333 341 2173 365 366 2174 329 350 2175 330 343 2176 347 367 2177 327 344 2178 344 361 2179 343 359 2180 324 346 2181 341 355 2182 340 354 2183 337 352 2184 338 347 2185 370 356 2186 335 348 2187 367 362 2188 366 364 2189 329 350 2190 346 365 2191 345 363 2192 325 345 2193 326 351 2194 343 359 2195 374 372 2196 391 398 2197 392 373 2198 244 241 2199 242 239 2200 382 375 2201 242 239 2202 240 236 2203 381 377 2204 222 219 2205 372 385 2206 373 378 2207 238 379 2208 236 234 2209 379 380 2210 234 232 2211 378 382 2212 379 380 2213 232 230 2214 377 384 2215 378 382 2216 232 230 2217 230 228 2218 376 383 2219 228 226 2220 375 374 2221 376 383 2222 226 224 2223 374 372 2224 375 374 2225 224 222 2226 373 378 2227 374 372 2228 254 250 2229 388 386 2230 372 385 2231 252 252 2232 387 388 2233 388 386 2234 252 252 2235 250 247 2236 386 387 2237 250 247 2238 248 245 2239 385 389 2240 248 245 2241 246 243 2242 384 249 2243 394 390 2244 411 412 2245 412 391 2246 388 386 2247 405 399 2248 389 393 2249 385 389 2250 402 400 2251 403 394 2252 383 376 2253 382 375 2254 399 395 2255 379 380 2256 396 401 2257 397 397 2258 376 383 2259 393 402 2260 394 390 2261 373 378 2262 390 403 2263 391 398 2264 387 388 2265 404 404 2266 405 399 2267 384 249 2268 401 405 2269 402 400 2270 381 377 2271 398 416 2272 399 395 2273 378 382 2274 395 392 2275 396 401 2276 375 374 2277 392 373 2278 393 402 2279 372 385 2280 389 393 2281 390 403 2282 386 387 2283 403 394 2284 404 404 2285 383 376 2286 400 396 2287 401 405 2288 377 384 2289 394 390 2290 395 392 2291 391 398 2292 408 413 2293 409 406 2294 405 399 2295 422 414 2296 406 407 2297 402 400 2298 419 415 2299 420 408 2300 399 395 2301 416 417 2302 417 409 2303 397 397 2304 396 401 2305 413 410 2306 393 402 2307 410 418 2308 411 412 2309 390 403 2310 407 419 2311 408 413 2312 404 404 2313 421 420 2314 422 414 2315 401 405 2316 418 421 2317 419 415 2318 398 416 2319 415 454 2320 416 417 2321 395 392 2322 412 391 2323 413 410 2324 392 373 2325 409 406 2326 410 418 2327 389 393 2328 406 407 2329 407 419 2330 403 394 2331 420 408 2332 421 420 2333 400 396 2334 417 409 2335 418 421 2336 424 220 2337 425 223 2338 447 422 2339 425 223 2340 426 225 2341 446 424 2342 426 225 2343 427 227 2344 445 425 2345 427 227 2346 428 229 2347 456 426 2348 428 229 2349 429 231 2350 455 427 2351 429 231 2352 430 233 2353 454 428 2354 430 233 2355 431 235 2356 453 429 2357 432 238 2358 433 237 2359 452 430 2360 433 237 2361 434 240 2362 451 432 2363 434 240 2364 435 242 2365 450 433 2366 450 433 2367 435 242 2368 436 244 2369 436 244 2370 437 246 2371 444 435 2372 437 246 2373 438 248 2374 443 436 2375 442 437 2376 465 442 2377 464 438 2378 438 248 2379 439 251 2380 442 437 2381 456 426 2382 455 427 2383 233 283 2384 454 428 2385 453 429 2386 237 440 2387 444 435 2388 443 436 2389 251 266 2390 450 433 2391 449 434 2392 247 269 2393 441 439 2394 448 423 2395 223 260 2396 251 266 2397 443 436 2398 442 437 2399 445 425 2400 456 426 2401 231 253 2402 447 422 2403 446 424 2404 227 256 2405 449 434 2406 444 435 2407 249 268 2408 452 430 2409 451 432 2410 243 273 2411 455 427 2412 454 428 2413 235 280 2414 253 262 2415 442 437 2416 441 439 2417 446 424 2418 445 425 2419 229 255 2420 448 423 2421 447 422 2422 225 258 2423 451 432 2424 450 433 2425 245 271 2426 440 431 2427 452 430 2428 241 276 2429 423 221 2430 424 220 2431 448 423 2432 441 441 2433 460 441 2434 458 441 2435 439 441 2436 459 441 2437 461 441 2438 465 442 2439 463 444 2440 462 443 2441 439 251 2442 423 221 2443 462 443 2444 442 437 2445 439 251 2446 463 444 2447 441 439 2448 464 438 2449 462 443 2450 211 212 2451 468 449 2452 470 445 2453 195 16 2454 466 446 2455 469 448 2456 457 211 2457 470 445 2458 467 447 2459 196 18 2460 467 447 2461 466 446 2462 211 212 2463 216 209 2464 469 448 2465</p>
        </triangles>
      </mesh>
    </geometry>
  </library_geometries>
  <library_controllers/>
  <library_visual_scenes>
    <visual_scene id="Scene" name="Scene">
      <node id="Cylinder_005" name="Cylinder_005" type="NODE">
        <matrix sid="transform">-2.403622 -0.02588563 -0.004889837 -0.578693 0.01145008 -0.0130393 -1.116681 3.131892 0.0660649 -0.9395301 0.01563262 0.9975965 0 0 0 1</matrix>
        <instance_geometry url="#Cylinder_005-mesh" name="Cylinder_005"/>
      </node>
      <node id="Cube_001" name="Cube.001" type="NODE">
        <matrix sid="transform">0.5103956 0.00282188 0.01593723 -0.9245057 -0.002429802 0.6448767 0.008028085 -8.569553 -0.01402855 -0.009027774 0.5784479 4.006824 0 0 0 1</matrix>
        <instance_geometry url="#Cube_001-mesh" name="Cube.001"/>
      </node>
      <node id="Cylinder_002" name="Cylinder_002" type="NODE">
        <matrix sid="transform">2.403622 0.02588582 -0.004886203 -0.3414734 -0.01144227 0.01303946 -1.116681 3.187431 -0.06606548 0.9395305 0.01563269 4.349175 0 0 0 1</matrix>
        <instance_geometry url="#Cylinder_002-mesh" name="Cylinder_002"/>
      </node>
      <node id="Cylinder" name="Cylinder" type="NODE">
        <matrix sid="transform">2.403622 0.02588582 -0.004886203 -0.3414734 -0.01144227 0.01303946 -1.116681 3.187431 -0.06606548 0.9395305 0.01563269 4.349175 0 0 0 1</matrix>
        <instance_geometry url="#Cylinder-mesh" name="Cylinder"/>
      </node>
      <node id="Camera" name="Camera" type="NODE">
        <matrix sid="transform">0.3122282 -0.8118816 -0.6592931 -8.89868 0.3312352 0.765294 -0.6994278 -6.533174 0.9153526 0 0.4779852 4.958309 0 0 0 1</matrix>
        <instance_camera url="#Camera-camera"/>
      </node>
      <node id="Light" name="Light" type="NODE">
        <matrix sid="transform">-0.4691304 -4.05513 0.4724018 2.690159 1.80979 -1.234851 -1.225165 -7.673144 1.418832 0.2343023 1.718955 6.234478 0 0 0 1</matrix>
        <instance_light url="#Light-light"/>
      </node>
    </visual_scene>
  </library_visual_scenes>
  <scene>
    <instance_visual_scene url="#Scene"/>
  </scene>
</COLLADA>
