<?xml version="1.0" encoding="utf-8"?>
<COLLADA xmlns="http://www.collada.org/2005/11/COLLADASchema" version="1.4.1" xmlns:xsi="http://www.w3.org/2001/XMLSchema-instance">
  <asset>
    <contributor>
      <author>Blender User</author>
      <authoring_tool>Blender 4.2.2 LTS commit date:2024-09-23, commit time:12:18, hash:c03d7d98a413</authoring_tool>
    </contributor>
    <created>2024-10-09T18:31:10</created>
    <modified>2024-10-09T18:31:10</modified>
    <unit name="decimeter" meter="0.1"/>
    <up_axis>Z_UP</up_axis>
  </asset>
  <library_images/>
  <library_geometries>
    <geometry id="Cylinder_005-mesh" name="Cylinder.005">
      <mesh>
        <source id="Cylinder_005-mesh-positions">
          <float_array id="Cylinder_005-mesh-positions-array" count="3129">1.777281 -5.681667 -0.9332489 1.845776 -5.681668 -0.08535206 1.828862 -5.681667 -0.9332492 1.839467 -5.681668 -0.08641105 1.737998 -5.681665 -0.8111199 1.862725 -5.681665 -0.8111198 1.867879 -5.681664 -0.3000627 1.816029 -5.681664 -0.1770033 1.750935 -5.681664 -0.3918593 1.880921 -5.681664 -0.4213753 1.845829 -5.681667 -0.8721844 1.750839 -5.681667 -0.8721844 1.875727 -5.681665 -0.7175487 1.726311 -5.681665 -0.7175487 1.880921 -5.681664 -0.4749233 1.731516 -5.681664 -0.4749233 1.780939 -5.681664 -0.2785276 1.875677 -5.681664 -0.3678272 1.880921 -5.681665 -0.5355797 1.722411 -5.681665 -0.5355796 1.880921 -5.681665 -0.596236 1.71852 -5.681665 -0.596236 1.880921 -5.681665 -0.6568923 1.721117 -5.681665 -0.6568923 1.857215 -5.681664 -0.171155 1.829548 -5.681664 -0.1215867 1.83528 -5.681668 -0.0980907 1.85297 -5.681668 -0.1164997 1.803072 -5.681667 -0.9475695 1.842621 -5.681668 -0.08588165 1.800362 -5.681665 -0.8111198 1.801019 -5.681665 -0.7175487 1.828308 -5.681664 -0.3231774 1.79972 -5.681665 -0.596236 1.798334 -5.681667 -0.8721844 1.801666 -5.681665 -0.5355796 1.806218 -5.681664 -0.4749233 1.841954 -5.681664 -0.238533 1.801019 -5.681665 -0.6568923 1.815928 -5.681664 -0.4066172 1.843381 -5.681664 -0.146371 1.844125 -5.681668 -0.107295 1.831098 -0.8384875 -1.187432 1.770363 -0.8384875 -1.187431 1.843584 -0.8384897 0.1490048 1.851012 -0.8384897 0.150676 1.870969 -0.8384868 -0.9946936 1.724109 -0.8384868 -0.9946936 1.886278 -0.8384897 -0.8470246 1.710348 -0.8384897 -0.8470245 1.886219 -0.8384868 -0.2951119 1.77467 -0.8384868 -0.1541838 1.701174 -0.8384885 -0.6555752 1.892394 -0.8384885 -0.6555752 1.739229 -0.8384875 -1.091062 1.851074 -0.8384875 -1.091063 1.892394 -0.8384885 -0.5598503 1.705757 -0.8384885 -0.5598503 1.892394 -0.8384885 -0.4641256 1.716477 -0.8384885 -0.4641255 1.877037 -0.8384868 -0.1881693 1.815987 -0.8384868 0.006036341 1.892394 -0.8384885 -0.7512998 1.704232 -0.8384885 -0.7512998 1.739342 -0.8384868 -0.3330382 1.892394 -0.8384885 -0.3796187 1.864481 -0.8384868 0.01526588 1.831905 -0.8384868 0.09349215 1.838653 -0.8384897 0.1305724 1.859483 -0.8384897 0.1015202 1.80073 -0.8384875 -1.210031 1.847298 -0.8384897 0.1498402 1.829156 -5.045562 -0.9666336 1.840008 -5.045563 -0.05549138 1.863808 -5.045561 -0.8352304 1.736174 -5.045561 -0.8352305 1.877112 -5.045561 -0.7345541 1.724214 -5.045561 -0.7345541 1.877061 -5.04556 -0.3582767 1.780116 -5.04556 -0.2621963 1.716241 -5.045561 -0.6040296 1.882428 -5.045561 -0.6040296 1.749314 -5.045562 -0.9009319 1.846517 -5.045563 -0.9009319 1.882428 -5.045561 -0.5387674 1.720224 -5.045561 -0.5387673 1.882428 -5.04556 -0.4735051 1.72954 -5.04556 -0.4735051 1.869081 -5.04556 -0.2853667 1.816024 -5.04556 -0.1529629 1.882428 -5.045561 -0.6692918 1.718899 -5.045561 -0.6692918 1.749412 -5.04556 -0.3841338 1.882428 -5.04556 -0.4158909 1.858169 -5.04556 -0.1466704 1.829857 -5.04556 -0.09333819 1.835723 -5.045564 -0.06805801 1.853826 -5.045564 -0.08786487 1.802764 -5.045563 -0.9820413 1.776373 -5.045562 -0.9666333 1.846463 -5.045564 -0.05435204 1.843236 -5.045564 -0.0549218 1.715945 -1.192886 -0.9929889 1.875698 -1.192886 -0.9929889 1.845908 -1.192889 0.1473955 1.832326 -1.192887 -1.185168 1.707643 -1.192886 -0.4639582 1.899004 -1.192886 -0.4639582 1.695982 -1.192887 -0.5594055 1.899004 -1.192887 -0.5594056 1.849949 -1.192889 0.1482285 1.853989 -1.192889 0.1490619 1.76626 -1.192887 -1.185168 1.799293 -1.192887 -1.207703 1.863204 -1.192889 0.1000486 1.840545 -1.192889 0.1290166 1.892286 -1.192885 -0.2954342 1.833204 -1.192885 0.09204375 1.86864 -1.192885 0.01404416 1.833204 -1.192885 0.09204375 1.86864 -1.192885 0.01404416 1.899004 -1.192886 -0.3796962 1.732515 -1.192885 -0.3332507 1.849949 -1.192889 0.1482285 1.853989 -1.192889 0.1490619 1.694324 -1.192887 -0.7503002 1.899003 -1.192887 -0.7503002 1.815889 -1.192885 0.004841387 1.882298 -1.192885 -0.1888016 1.732515 -1.192885 -0.3332507 1.815889 -1.192885 0.004841387 1.770945 -1.192885 -0.1549144 1.892286 -1.192885 -0.2954342 1.700976 -1.192888 -0.8457476 1.89235 -1.192888 -0.8457477 1.854056 -1.192887 -1.089079 1.732393 -1.192887 -1.089078 1.899004 -1.192887 -0.654853 1.690997 -1.192887 -0.654853 1.863204 -1.192889 0.1000486 1.840545 -1.192889 0.1290166 1.882298 -1.192885 -0.1888016 1.770945 -1.192885 -0.1549144 1.881894 -1.192382 -0.3009799 1.833853 -1.192382 0.05631458 1.862667 -1.192382 -0.01560884 1.847469 -1.192387 0.1081228 1.850754 -1.192387 0.1088911 1.751981 -1.192382 -0.3358506 1.819774 -1.192382 -0.02409482 1.858246 -1.192387 0.06369584 1.839822 -1.192387 0.09040743 1.873773 -1.192382 -0.2026537 1.783229 -1.192382 -0.1714063 1.881351 -1.192382 -0.30098 1.833887 -1.192382 0.05631458 1.862355 -1.192382 -0.01560884 1.847339 -1.192387 0.1081228 1.850584 -1.192387 0.1088912 1.752999 -1.192382 -0.3358506 1.819977 -1.192382 -0.02409482 1.857987 -1.192387 0.06369584 1.839784 -1.192387 0.09040743 1.873327 -1.192382 -0.2026537 1.783871 -1.192382 -0.1714063 1.857529 -5.066011 -0.3687632 1.822487 -5.066011 -0.1049744 1.843504 -5.066011 -0.1580752 1.832418 -5.066015 -0.06672471 1.834814 -5.066015 -0.0661574 1.762767 -5.066011 -0.3945081 1.812217 -5.066011 -0.1643403 1.84028 -5.066015 -0.09952485 1.826841 -5.066015 -0.07980382 1.851605 -5.066011 -0.2961695 1.78556 -5.066011 -0.2730997 1.809808 5.681667 -0.9332473 1.741314 5.681668 -0.08535039 1.758227 5.681667 -0.9332476 1.747623 5.681668 -0.08640944 1.849092 5.681665 -0.8111183 1.724365 5.681665 -0.8111181 1.719211 5.681664 -0.3000611 1.77106 5.681664 -0.1770017 1.836155 5.681664 -0.3918577 1.706169 5.681664 -0.4213736 1.741261 5.681667 -0.8721827 1.83625 5.681667 -0.8721828 1.711363 5.681665 -0.7175471 1.860779 5.681665 -0.7175471 1.706168 5.681664 -0.4749217 1.855574 5.681664 -0.4749217 1.806151 5.681664 -0.278526 1.711413 5.681664 -0.3678256 1.706168 5.681665 -0.535578 1.864678 5.681665 -0.535578 1.706168 5.681665 -0.5962343 1.86857 5.681665 -0.5962344 1.706169 5.681665 -0.6568906 1.865973 5.681665 -0.6568907 1.729875 5.681664 -0.1711533 1.757542 5.681664 -0.1215851 1.75181 5.681668 -0.09808903 1.73412 5.681668 -0.116498 1.784018 5.681667 -0.9475679 1.744469 5.681668 -0.08588004 1.786728 5.681665 -0.8111182 1.786071 5.681665 -0.7175471 1.758782 5.681664 -0.3231758 1.787369 5.681665 -0.5962344 1.788756 5.681667 -0.8721828 1.785423 5.681665 -0.535578 1.780871 5.681664 -0.4749217 1.745136 5.681664 -0.2385313 1.786071 5.681665 -0.6568907 1.771162 5.681664 -0.4066156 1.743709 5.681664 -0.1463693 1.742965 5.681668 -0.1072934 1.755992 0.8384879 -1.187431 1.816726 0.8384879 -1.187431 1.743506 0.8384896 0.1490051 1.736078 0.8384896 0.1506763 1.71612 0.8384871 -0.9946933 1.86298 0.8384871 -0.9946934 1.700812 0.8384899 -0.8470243 1.876741 0.8384899 -0.8470243 1.700871 0.8384869 -0.2951117 1.81242 0.8384869 -0.1541835 1.885915 0.8384886 -0.655575 1.694695 0.8384886 -0.6555749 1.84786 0.8384878 -1.091062 1.736015 0.8384878 -1.091062 1.694695 0.8384886 -0.55985 1.881333 0.8384886 -0.5598501 1.694695 0.8384886 -0.4641253 1.870613 0.8384886 -0.4641253 1.710053 0.8384869 -0.1881691 1.771103 0.8384868 0.006036639 1.694695 0.8384887 -0.7512995 1.882857 0.8384887 -0.7512996 1.847748 0.8384869 -0.333038 1.694695 0.8384886 -0.3796185 1.722609 0.8384868 0.01526618 1.755185 0.8384868 0.09349238 1.748437 0.8384896 0.1305727 1.727607 0.8384897 0.1015205 1.786359 0.8384879 -1.210031 1.739792 0.8384896 0.1498406 1.757934 5.045563 -0.9666321 1.747082 5.045563 -0.05548995 1.723282 5.045561 -0.8352289 1.850916 5.045561 -0.8352291 1.709977 5.045561 -0.7345526 1.862875 5.045561 -0.7345527 1.710029 5.04556 -0.3582753 1.806974 5.04556 -0.2621948 1.870848 5.045561 -0.6040282 1.704661 5.045561 -0.6040281 1.837775 5.045563 -0.9009305 1.740572 5.045563 -0.9009304 1.704661 5.045561 -0.5387659 1.866866 5.045561 -0.5387659 1.704661 5.04556 -0.4735037 1.857549 5.04556 -0.4735037 1.718008 5.04556 -0.2853652 1.771066 5.04556 -0.1529614 1.704662 5.045561 -0.6692903 1.868191 5.045561 -0.6692904 1.837677 5.04556 -0.3841323 1.704662 5.04556 -0.4158895 1.728921 5.04556 -0.1466689 1.757233 5.04556 -0.09333676 1.751367 5.045564 -0.06805652 1.733264 5.045564 -0.08786344 1.784325 5.045563 -0.9820399 1.810717 5.045563 -0.9666319 1.740627 5.045564 -0.05435061 1.743854 5.045564 -0.05492043 1.871144 1.192886 -0.9929886 1.711392 1.192886 -0.9929885 1.741182 1.192889 0.1473959 1.754764 1.192887 -1.185168 1.879447 1.192887 -0.4639579 1.688086 1.192886 -0.4639578 1.891108 1.192887 -0.5594052 1.688086 1.192887 -0.5594052 1.737141 1.192889 0.1482289 1.733101 1.192889 0.1490622 1.82083 1.192887 -1.185168 1.787797 1.192887 -1.207702 1.723886 1.192889 0.1000488 1.746545 1.192889 0.1290169 1.694804 1.192885 -0.2954339 1.753886 1.192885 0.09204411 1.71845 1.192885 0.01404458 1.753886 1.192885 0.09204411 1.71845 1.192885 0.01404458 1.688086 1.192886 -0.3796958 1.854575 1.192885 -0.3332504 1.737141 1.192889 0.1482289 1.733101 1.192889 0.1490622 1.892766 1.192887 -0.7502999 1.688086 1.192887 -0.7502999 1.771201 1.192885 0.004841685 1.704792 1.192885 -0.1888012 1.854575 1.192885 -0.3332504 1.771201 1.192885 0.004841685 1.816145 1.192885 -0.1549142 1.694804 1.192885 -0.2954339 1.886113 1.192888 -0.8457473 1.694739 1.192888 -0.8457474 1.733033 1.192888 -1.089078 1.854697 1.192887 -1.089078 1.688086 1.192887 -0.6548526 1.896093 1.192887 -0.6548527 1.723886 1.192889 0.1000488 1.746545 1.192889 0.1290169 1.704792 1.192885 -0.1888012 1.816145 1.192885 -0.1549142 1.705196 1.192382 -0.3009796 1.753237 1.192382 0.056315 1.724423 1.192382 -0.01560848 1.739621 1.192387 0.1081231 1.736336 1.192387 0.1088916 1.835108 1.192382 -0.3358502 1.767316 1.192382 -0.02409452 1.728844 1.192387 0.0636962 1.747268 1.192387 0.09040778 1.713317 1.192382 -0.2026533 1.80386 1.192382 -0.1714059 1.705739 1.192382 -0.3009796 1.753203 1.192382 0.056315 1.724735 1.192382 -0.01560848 1.739751 1.192387 0.1081231 1.736505 1.192387 0.1088916 1.834091 1.192382 -0.3358503 1.767113 1.192382 -0.02409452 1.729103 1.192387 0.06369626 1.747305 1.192387 0.09040778 1.713763 1.192382 -0.2026533 1.803218 1.192382 -0.1714059 1.729561 5.066011 -0.3687618 1.764603 5.066011 -0.1049728 1.743586 5.066011 -0.1580737 1.754672 5.066015 -0.06672322 1.752276 5.066015 -0.06615591 1.824323 5.066011 -0.3945066 1.774873 5.066011 -0.1643389 1.74681 5.066015 -0.09952342 1.760249 5.066015 -0.07980239 1.735485 5.066011 -0.296168 1.801529 5.066011 -0.2730982 0.6700323 2.37917e-5 -7.598871 0.670033 -2.65047e-5 8.46051 0.6892474 0.195114 -7.598871 0.6892469 0.1950637 8.460511 0.7461534 0.3827072 -7.59887 0.7461529 0.3826568 8.460512 0.8385632 0.555594 -7.598869 0.838563 0.5555438 8.460512 0.9629266 0.7071306 -7.598869 0.9629262 0.7070803 8.460513 1.114463 0.8314935 -7.598869 1.114462 0.8314433 8.460513 1.28735 0.9239034 -7.598868 1.287349 0.9238531 8.460514 1.474943 0.980809 -7.598868 1.474944 0.9807588 8.460514 1.670034 1.000024 -7.598868 1.670034 0.9999734 8.460514 1.865124 0.9808088 -7.598868 1.865124 0.9807586 8.460514 2.052717 0.9239029 -7.598868 2.052718 0.9238527 8.460513 2.225604 0.8314929 -7.598869 2.225604 0.8314426 8.460513 2.377141 0.70713 -7.598869 2.377141 0.7070797 8.460513 2.501503 0.5555932 -7.59887 2.501504 0.555543 8.460512 2.593914 0.3827062 -7.59887 2.593914 0.3826559 8.460511 2.650819 0.195113 -7.598871 2.650819 0.1950626 8.460511 2.670034 2.25328e-5 -7.598872 2.670034 -2.78004e-5 8.46051 0.7093852 2.72295e-5 -8.706956 0.727844 0.1874402 -8.706955 0.7825101 0.3676509 -8.706954 0.8712831 0.5337343 -8.706954 0.9907525 0.6793076 -8.706954 1.136327 0.7987765 -8.706954 1.30241 0.8875499 -8.706954 1.482621 0.9422162 -8.706953 1.670034 0.9606745 -8.706953 1.857447 0.9422159 -8.706954 2.037658 0.8875495 -8.706954 2.203741 0.7987759 -8.706954 2.349314 0.679307 -8.706954 2.468783 0.5337336 -8.706954 2.557556 0.3676501 -8.706955 2.612223 0.1874391 -8.706955 2.630681 2.60202e-5 -8.706956 0.7726801 2.92244e-5 -9.308487 0.789923 0.1750935 -9.308486 0.840987 0.3434305 -9.308485 0.9239121 0.4985707 -9.308485 1.03551 0.6345522 -9.308485 1.17149 0.7461493 -9.308485 1.326631 0.8290735 -9.308485 1.494968 0.8801378 -9.308485 1.670033 0.8973801 -9.308485 1.845097 0.8801376 -9.308485 2.013434 0.829073 -9.308485 2.168574 0.7461488 -9.308485 2.304556 0.6345516 -9.308485 2.416153 0.4985701 -9.308485 2.499077 0.3434297 -9.308486 2.550141 0.1750926 -9.308486 2.567384 2.80948e-5 -9.308487 0.9469738 3.05672e-5 -9.762274 0.9608669 0.1410921 -9.762273 1.002013 0.2767327 -9.762273 1.068831 0.40174 -9.762272 1.158753 0.5113097 -9.762272 1.268322 0.6012312 -9.762272 1.393331 0.668049 -9.762271 1.52897 0.709195 -9.762271 1.670032 0.7230883 -9.762271 1.811095 0.7091948 -9.762271 1.946735 0.6680486 -9.762271 2.071743 0.6012309 -9.762272 2.181312 0.5113092 -9.762272 2.271234 0.4017395 -9.762272 2.338051 0.2767321 -9.762273 2.379197 0.1410912 -9.762273 2.393091 2.96569e-5 -9.762274 1.339495 3.1349e-5 -10.06832 1.345847 0.06451565 -10.06832 1.364656 0.126522 -10.06832 1.395201 0.1836674 -10.06832 1.436307 0.2337556 -10.06832 1.486395 0.2748621 -10.06832 1.543541 0.3054069 -10.06832 1.605548 0.3242163 -10.06832 1.670032 0.3305674 -10.06832 1.734517 0.3242163 -10.06832 1.796522 0.3054068 -10.06832 1.853669 0.2748619 -10.06832 1.903757 0.2337554 -10.06832 1.944863 0.1836671 -10.06832 1.975408 0.1265217 -10.06832 1.994218 0.06451529 -10.06832 2.000569 3.09329e-5 -10.06832 1.59517 3.16608e-5 -10.20551 1.596608 0.01463639 -10.20551 1.600868 0.02868002 -10.20551 1.607786 0.04162263 -10.20551 1.617096 0.05296695 -10.20551 1.62844 0.06227695 -10.20551 1.641383 0.06919497 -10.20551 1.655427 0.07345503 -10.20551 1.670032 0.07489347 -10.20551 1.684636 0.07345503 -10.20551 1.69868 0.06919497 -10.20551 1.711623 0.06227695 -10.20551 1.722967 0.05296695 -10.20551 1.732277 0.04162263 -10.20551 1.739195 0.02867996 -10.20551 1.743455 0.01463639 -10.20551 1.744893 3.15666e-5 -10.20551 1.642832 3.19023e-5 -10.28993 1.643355 0.005338132 -10.28993 1.644903 0.01044046 -10.28993 1.647416 0.01514279 -10.28993 1.650799 0.01926451 -10.28993 1.65492 0.02264708 -10.28993 1.659623 0.02516055 -10.28993 1.664725 0.02670824 -10.28993 1.670031 0.02723091 -10.28993 1.675338 0.02670824 -10.28993 1.68044 0.02516049 -10.28993 1.685142 0.02264702 -10.28993 1.689264 0.01926445 -10.28993 1.692647 0.01514279 -10.28993 1.69516 0.0104404 -10.28993 1.696708 0.005338072 -10.28993 1.69723 3.18681e-5 -10.28993 0.7480917 -2.76881e-5 8.830069 0.7658069 0.1798339 8.83007 0.81827 0.3527837 8.830071 0.9034669 0.5121753 8.830071 1.018122 0.651883 8.830072 1.15783 0.7665382 8.830072 1.317221 0.8517347 8.830072 1.490172 0.9041982 8.830072 1.670034 0.921913 8.830072 1.849896 0.9041981 8.830072 2.022846 0.8517343 8.830072 2.182237 0.7665376 8.830072 2.321945 0.6518824 8.830071 2.4366 0.5121744 8.830071 2.521796 0.3527829 8.83007 2.57426 0.1798329 8.83007 2.591974 -2.88487e-5 8.830069 1.208262 -3.51528e-5 11.07053 1.217135 0.09005194 11.07053 1.243412 0.1766772 11.07053 1.286085 0.2565115 11.07053 1.343513 0.3264868 11.07053 1.413488 0.3839139 11.07053 1.493322 0.4265862 11.07053 1.579948 0.4528637 11.07053 1.670035 0.4617364 11.07053 1.760122 0.4528636 11.07053 1.846747 0.4265861 11.07053 1.926582 0.3839136 11.07053 1.996557 0.3264865 11.07053 2.053984 0.256511 11.07053 2.096656 0.1766767 11.07053 2.122934 0.09005147 11.07053 2.131806 -3.57341e-5 11.07053 1.208262 -3.54406e-5 11.16292 1.217135 0.09005165 11.16292 1.243412 0.1766769 11.16292 1.286085 0.2565112 11.16292 1.343513 0.3264865 11.16292 1.413488 0.3839136 11.16292 1.493323 0.4265859 11.16292 1.579948 0.4528634 11.16292 1.670035 0.4617361 11.16292 1.760122 0.4528633 11.16292 1.846747 0.4265858 11.16292 1.926582 0.3839133 11.16292 1.996557 0.3264862 11.16292 2.053984 0.2565107 11.16292 2.096656 0.1766764 11.16292 2.122934 0.09005117 11.16292 2.131806 -3.60219e-5 11.16292 0.6700325 -6.62128e-7 0.2225564 0.6892476 0.1950895 0.222557 0.7461524 0.3826826 0.2225576 0.8385625 0.5555697 0.2225582 0.9629257 0.7071061 0.2225586 1.114463 0.831469 0.222559 1.28735 0.9238789 0.2225593 1.474943 0.9807847 0.2225594 1.670034 0.9999992 0.2225595 1.865124 0.9807844 0.2225593 2.052717 0.9238785 0.2225592 2.225605 0.8314685 0.2225588 2.37714 0.7071055 0.2225584 2.501504 0.5555687 0.2225579 2.593914 0.3826817 0.2225573 2.650819 0.1950885 0.2225567 2.670034 -1.96314e-6 0.2225561 2.670034 2.82009e-6 -1.304705 2.650819 0.1950932 -1.304704 2.593914 0.3826864 -1.304703 2.501503 0.5555735 -1.304703 2.377141 0.7071102 -1.304702 2.225604 0.8314732 -1.304702 2.052717 0.9238833 -1.304702 1.865124 0.9807892 -1.304701 0.9629264 0.707111 -1.304702 0.8385632 0.5555744 -1.304702 0.7461534 0.3826874 -1.304703 0.6892474 0.1950943 -1.304704 1.670034 1.000004 -1.304701 1.474943 0.9807894 -1.304701 1.28735 0.9238837 -1.304701 1.114463 0.8314738 -1.304702 0.6700323 4.07899e-6 -1.304704 1.670032 -0.9999764 -7.598875 1.670033 -1.000027 8.460507 1.474942 -0.9807616 -7.598875 1.474942 -0.9808118 8.460507 1.287349 -0.9238558 -7.598875 1.287349 -0.923906 8.460507 1.114462 -0.8314458 -7.598874 1.114462 -0.8314961 8.460508 0.9629262 -0.7070831 -7.598874 0.9629257 -0.7071333 8.460508 0.8385632 -0.5555464 -7.598873 0.838563 -0.5555967 8.460509 0.7461534 -0.3826595 -7.598873 0.7461529 -0.3827099 8.460509 0.6892474 -0.1950664 -7.598872 0.6892469 -0.1951167 8.46051 0.6700323 2.37917e-5 -7.598871 0.670033 -2.65047e-5 8.46051 2.670034 2.25328e-5 -7.598872 2.670034 -2.78004e-5 8.46051 2.650819 -0.1950678 -7.598872 2.650819 -0.1951181 8.460509 2.593913 -0.382661 -7.598873 2.593913 -0.3827113 8.460509 2.501502 -0.5555478 -7.598873 2.501503 -0.5555981 8.460508 2.377139 -0.7070842 -7.598874 2.37714 -0.7071344 8.460508 2.225603 -0.8314469 -7.598874 2.225603 -0.8314971 8.460507 2.052716 -0.9238565 -7.598875 2.052715 -0.9239068 8.460507 1.865122 -0.980762 -7.598875 1.865121 -0.9808122 8.460507 1.670033 -0.9606204 -8.706959 1.48262 -0.9421616 -8.706959 1.302409 -0.8874953 -8.706959 1.136326 -0.7987219 -8.706958 0.990752 -0.679253 -8.706958 0.8712831 -0.5336798 -8.706957 0.7825101 -0.3675966 -8.706957 0.727844 -0.1873857 -8.706956 0.7093852 2.72295e-5 -8.706956 2.630681 2.60202e-5 -8.706956 2.612222 -0.187387 -8.706956 2.557556 -0.3675979 -8.706957 2.468782 -0.5336811 -8.706958 2.349313 -0.6792541 -8.706958 2.20374 -0.7987229 -8.706958 2.037656 -0.887496 -8.706959 1.857445 -0.942162 -8.706959 1.670032 -0.8973219 -9.30849 1.494967 -0.8800795 -9.30849 1.32663 -0.8290151 -9.308489 1.17149 -0.746091 -9.308489 1.035509 -0.6344937 -9.308489 0.9239121 -0.4985122 -9.308488 0.840987 -0.343372 -9.308488 0.789923 -0.1750352 -9.308487 0.7726801 2.92244e-5 -9.308487 2.567384 2.80948e-5 -9.308487 2.550141 -0.1750364 -9.308487 2.499076 -0.3433733 -9.308488 2.416152 -0.4985133 -9.308489 2.304555 -0.6344949 -9.308489 2.168573 -0.7460917 -9.308489 2.013432 -0.8290157 -9.30849 1.845095 -0.8800799 -9.30849 1.670032 -0.7230274 -9.762276 1.52897 -0.7091341 -9.762276 1.39333 -0.6679878 -9.762276 1.268322 -0.6011701 -9.762276 1.158753 -0.5112485 -9.762275 1.068831 -0.4016788 -9.762275 1.002013 -0.2766717 -9.762275 0.9608669 -0.141031 -9.762274 0.9469738 3.05672e-5 -9.762274 2.393091 2.96569e-5 -9.762274 2.379197 -0.1410319 -9.762274 2.338051 -0.2766726 -9.762275 2.271233 -0.4016797 -9.762275 2.181311 -0.5112494 -9.762276 2.071741 -0.6011708 -9.762276 1.946734 -0.6679883 -9.762276 1.811092 -0.7091343 -9.762276 1.670032 -0.3305048 -10.06832 1.605547 -0.3241537 -10.06832 1.543541 -0.3053442 -10.06832 1.486395 -0.2747995 -10.06832 1.436307 -0.233693 -10.06832 1.395201 -0.1836046 -10.06832 1.364656 -0.1264592 -10.06832 1.345847 -0.064453 -10.06832 1.339495 3.1349e-5 -10.06832 2.000569 3.09329e-5 -10.06832 1.994217 -0.06445348 -10.06832 1.975408 -0.1264597 -10.06832 1.944863 -0.183605 -10.06832 1.903757 -0.2336933 -10.06832 1.853667 -0.2747997 -10.06832 1.796522 -0.3053445 -10.06832 1.734515 -0.3241537 -10.06832 1.670032 -0.07483017 -10.20551 1.655427 -0.07339173 -10.20551 1.641383 -0.06913167 -10.20551 1.62844 -0.06221365 -10.20551 1.617096 -0.05290359 -10.20551 1.607786 -0.04155927 -10.20551 1.600868 -0.02861666 -10.20551 1.596608 -0.01457309 -10.20551 1.59517 3.16608e-5 -10.20551 1.744893 3.15666e-5 -10.20551 1.743455 -0.01457321 -10.20551 1.739195 -0.02861678 -10.20551 1.732277 -0.04155939 -10.20551 1.722967 -0.05290371 -10.20551 1.711622 -0.06221371 -10.20551 1.69868 -0.06913173 -10.20551 1.684636 -0.07339173 -10.20551 1.670031 -0.02716714 -10.28993 1.664725 -0.02664452 -10.28993 1.659623 -0.02509677 -10.28993 1.65492 -0.0225833 -10.28993 1.650799 -0.01920074 -10.28993 1.647416 -0.01507908 -10.28993 1.644903 -0.01037669 -10.28993 1.643355 -0.005274355 -10.28993 1.642832 3.19023e-5 -10.28993 1.643355 0.005338132 -10.28993 1.644903 0.01044046 -10.28993 1.647416 0.01514279 -10.28993 1.650799 0.01926451 -10.28993 1.65492 0.02264708 -10.28993 1.659623 0.02516055 -10.28993 1.664725 0.02670824 -10.28993 1.670031 0.02723091 -10.28993 1.675338 0.02670824 -10.28993 1.68044 0.02516049 -10.28993 1.685142 0.02264702 -10.28993 1.689264 0.01926445 -10.28993 1.692647 0.01514279 -10.28993 1.69516 0.0104404 -10.28993 1.696708 0.005338072 -10.28993 1.69723 3.18681e-5 -10.28993 1.696708 -0.005274355 -10.28993 1.69516 -0.01037675 -10.28993 1.692646 -0.01507908 -10.28993 1.689264 -0.01920074 -10.28993 1.685142 -0.0225833 -10.28993 1.68044 -0.02509677 -10.28993 1.675338 -0.02664452 -10.28993 1.670033 -0.9219685 8.830066 1.490171 -0.9042537 8.830066 1.317221 -0.85179 8.830066 1.15783 -0.7665934 8.830067 1.018122 -0.6519382 8.830067 0.9034669 -0.5122304 8.830068 0.8182709 -0.3528391 8.830068 0.7658069 -0.1798893 8.830069 0.7480917 -2.76881e-5 8.830069 2.591974 -2.88487e-5 8.830069 2.574259 -0.1798906 8.830069 2.521795 -0.3528403 8.830068 2.436599 -0.5122316 8.830067 2.321943 -0.6519393 8.830067 2.182235 -0.7665943 8.830067 2.022843 -0.8517906 8.830066 1.849893 -0.904254 8.830066 1.670035 -0.4618069 11.07053 1.579948 -0.4529341 11.07053 1.493322 -0.4266567 11.07053 1.413488 -0.3839843 11.07053 1.343513 -0.326557 11.07053 1.286085 -0.2565817 11.07053 1.243412 -0.1767474 11.07053 1.217135 -0.09012228 11.07053 1.208262 -3.51528e-5 11.07053 2.131806 -3.57341e-5 11.07053 2.122934 -0.09012293 11.07053 2.096656 -0.176748 11.07053 2.053983 -0.2565824 11.07053 1.996556 -0.3265575 11.07053 1.926581 -0.3839848 11.07053 1.846746 -0.4266569 11.07053 1.760121 -0.4529342 11.07053 1.670035 -0.4618072 11.16292 1.579948 -0.4529344 11.16292 1.493322 -0.426657 11.16292 1.413488 -0.3839846 11.16292 1.343513 -0.3265573 11.16292 1.286085 -0.256582 11.16292 1.243412 -0.1767477 11.16292 1.217135 -0.09012258 11.16292 1.208262 -3.54406e-5 11.16292 2.131806 -3.60219e-5 11.16292 2.122934 -0.09012323 11.16292 2.096656 -0.1767483 11.16292 2.053984 -0.2565827 11.16292 1.996556 -0.3265578 11.16292 1.926581 -0.3839851 11.16292 1.846746 -0.4266572 11.16292 1.760121 -0.4529345 11.16292 1.670033 -1.000001 0.2225525 1.474943 -0.980786 0.2225531 1.287349 -0.9238803 0.2225533 1.114463 -0.8314703 0.2225536 0.9629252 -0.7071074 0.222554 0.8385625 -0.5555708 0.2225545 0.7461524 -0.3826841 0.2225551 0.6892476 -0.195091 0.2225557 0.6700325 -6.62128e-7 0.2225564 2.670034 -1.96314e-6 0.2225561 2.650819 -0.1950923 0.2225554 2.593913 -0.3826854 0.2225548 2.501502 -0.5555722 0.2225543 2.377139 -0.7071086 0.2225538 2.225602 -0.8314713 0.2225534 2.052715 -0.923881 0.2225531 1.918823 -0.9753884 0.222553 2.670034 2.82009e-6 -1.304705 1.670032 -0.9999959 -1.304709 1.918823 -0.9753836 -1.304708 2.052715 -0.9238762 -1.304708 2.225602 -0.8314665 -1.304707 0.9629259 -0.7071027 -1.304707 1.114462 -0.8314655 -1.304707 1.287349 -0.9238755 -1.304707 1.474942 -0.9807813 -1.304708 2.377139 -0.7071038 -1.304707 2.501502 -0.5555675 -1.304706 2.593913 -0.3826807 -1.304706 2.650819 -0.1950875 -1.304705 0.6700323 4.07899e-6 -1.304704 0.6892474 -0.1950862 -1.304705 0.7461534 -0.3826793 -1.304706 0.8385632 -0.555566 -1.304706 1.865124 0.9807882 -0.9946949 1.670033 -1.000001 0.2225525 1.918823 -0.9753884 0.222553 1.670032 -0.9999959 -1.304709 1.918823 -0.9753836 -1.304708 1.654944 -0.8474702 0.222553 1.903734 -0.8228577 0.2225534 1.654944 -0.8474654 -1.304708 1.903734 -0.822853 -1.304707 1.670034 0.8679435 0.222559 1.865124 0.8487286 0.2225589 1.865124 0.8487335 -1.304702 1.670034 0.8679482 -1.304702 1.865124 0.8487325 -0.9946953 1.670035 -0.4618072 11.16292 1.579948 -0.4529344 11.16292 1.493322 -0.426657 11.16292 1.413488 -0.3839846 11.16292 1.343513 -0.3265573 11.16292 1.286085 -0.256582 11.16292 1.243412 -0.1767477 11.16292 1.217135 -0.09012258 11.16292 1.208262 -3.54406e-5 11.16292 1.217135 0.09005165 11.16292 1.243412 0.1766769 11.16292 1.286085 0.2565112 11.16292 1.343513 0.3264865 11.16292 1.413488 0.3839136 11.16292 1.493323 0.4265859 11.16292 1.579948 0.4528634 11.16292 1.670035 0.4617361 11.16292 1.760122 0.4528633 11.16292 1.846747 0.4265858 11.16292 1.926582 0.3839133 11.16292 1.996557 0.3264862 11.16292 2.053984 0.2565107 11.16292 2.096656 0.1766764 11.16292 2.122934 0.09005117 11.16292 2.131806 -3.60219e-5 11.16292 2.122934 -0.09012323 11.16292 2.096656 -0.1767483 11.16292 2.053984 -0.2565827 11.16292 1.996556 -0.3265578 11.16292 1.926581 -0.3839851 11.16292 1.846746 -0.4266572 11.16292 1.760121 -0.4529345 11.16292 1.670035 -0.4936505 11.16292 1.573735 -0.4841659 11.16292 1.481136 -0.4560763 11.16292 1.395797 -0.4104613 11.16292 1.320995 -0.349074 11.16292 1.259608 -0.2742732 11.16292 1.213993 -0.1889336 11.16292 1.185903 -0.09633493 11.16292 1.176419 -3.54266e-5 11.16292 1.185903 0.096264 11.16292 1.213993 0.1888629 11.16292 1.259608 0.2742024 11.16292 1.320995 0.3490031 11.16292 1.395797 0.4103904 11.16292 1.481136 0.4560055 11.16292 1.573735 0.4840949 11.16292 1.670035 0.4935795 11.16292 1.766334 0.4840948 11.16292 1.858933 0.4560052 11.16292 1.944273 0.4103901 11.16292 2.019074 0.3490028 11.16292 2.080461 0.2742019 11.16292 2.126076 0.1888624 11.16292 2.154165 0.09626346 11.16292 2.16365 -3.6048e-5 11.16292 2.154165 -0.09633558 11.16292 2.126075 -0.1889343 11.16292 2.08046 -0.274274 11.16292 2.019073 -0.3490746 11.16292 1.944272 -0.4104619 11.16292 1.858932 -0.4560767 11.16292 1.766333 -0.484166 11.16292 1.670035 -0.4936512 11.37216 1.573735 -0.4841665 11.37216 1.481136 -0.4560769 11.37216 1.395797 -0.410462 11.37216 1.320996 -0.3490746 11.37216 1.259609 -0.2742739 11.37216 1.213994 -0.1889343 11.37216 1.185904 -0.09633553 11.37216 1.17642 -3.60785e-5 11.37216 1.185904 0.09626334 11.37216 1.213994 0.1888622 11.37216 1.259609 0.2742017 11.37216 1.320996 0.3490024 11.37216 1.395797 0.4103899 11.37216 1.481136 0.4560047 11.37216 1.573735 0.4840942 11.37216 1.670035 0.4935788 11.37216 1.766334 0.4840942 11.37216 1.858933 0.4560046 11.37216 1.944273 0.4103896 11.37216 2.019074 0.3490022 11.37216 2.080461 0.2742013 11.37216 2.126076 0.1888617 11.37216 2.154165 0.09626281 11.37216 2.16365 -3.66999e-5 11.37216 2.154165 -0.09633618 11.37216 2.126075 -0.1889349 11.37216 2.08046 -0.2742745 11.37216 2.019073 -0.3490752 11.37216 1.944272 -0.4104625 11.37216 1.858932 -0.4560773 11.37216 1.766333 -0.4841667 11.37216 1.670035 -0.2173531 11.37216 1.627638 -0.2131773 11.37216 1.586871 -0.2008109 11.37216 1.5493 -0.1807285 11.37216 1.516369 -0.1537024 11.37216 1.489342 -0.1207709 11.37216 1.46926 -0.08319973 11.37216 1.456893 -0.04243254 11.37216 1.452718 -3.62029e-5 11.37216 1.456893 0.04236012 11.37216 1.46926 0.08312731 11.37216 1.489342 0.1206985 11.37216 1.516369 0.1536299 11.37216 1.5493 0.1806561 11.37216 1.586871 0.2007384 11.37216 1.627638 0.2131049 11.37216 1.670035 0.2172806 11.37216 1.712431 0.2131049 11.37216 1.753198 0.2007383 11.37216 1.79077 0.180656 11.37216 1.823701 0.1536298 11.37216 1.850727 0.1206983 11.37216 1.870809 0.08312714 11.37216 1.883176 0.04235994 11.37216 1.887352 -3.64765e-5 11.37216 1.883176 -0.04243284 11.37216 1.870809 -0.08319997 11.37216 1.850727 -0.1207713 11.37216 1.823701 -0.1537027 11.37216 1.790769 -0.1807288 11.37216 1.753198 -0.200811 11.37216 1.712431 -0.2131775 11.37216 1.670034 -0.2173454 8.922851 1.627638 -0.2131698 8.922851 1.586871 -0.2008032 8.922851 1.549299 -0.1807209 8.922851 1.516368 -0.1536948 8.922851 1.489342 -0.1207634 8.922851 1.46926 -0.08319211 8.922851 1.456893 -0.04242491 8.922851 1.452717 -2.85729e-5 8.922851 1.456893 0.04236781 8.922852 1.46926 0.08313494 8.922852 1.489342 0.1207062 8.922852 1.516368 0.1536376 8.922852 1.549299 0.1806638 8.922852 1.586871 0.2007461 8.922852 1.627638 0.2131125 8.922852 1.670034 0.2172883 8.922852 1.712432 0.2131125 8.922852 1.753198 0.2007459 8.922852 1.79077 0.1806637 8.922852 1.823701 0.1536375 8.922852 1.850728 0.120706 8.922852 1.87081 0.08313471 8.922852 1.883175 0.04236751 8.922851 1.887352 -2.88465e-5 8.922851 1.883175 -0.04242527 8.922851 1.87081 -0.0831924 8.922851 1.850726 -0.1207636 8.922851 1.823701 -0.153695 8.922851 1.79077 -0.1807211 8.922851 1.753198 -0.2008034 8.922851 1.71243 -0.2131698 8.922851 1.833891 -1.192382 0.05631256 1.862358 -1.192382 -0.01560878 1.847343 -1.192387 0.1081256 1.850588 -1.192387 0.1088933 1.819981 -1.192382 -0.02409172 1.857991 -1.192387 0.06369304 1.839788 -1.192387 0.09040832 1.873331 -1.192381 -0.2026519 1.783875 -1.192381 -0.1714038 1.82249 -5.06601 -0.1049871 1.843508 -5.06601 -0.1580886 1.832422 -5.066014 -0.06673526 1.834818 -5.066014 -0.06616878 1.812221 -5.06601 -0.1643543 1.840283 -5.066014 -0.09953594 1.826844 -5.066014 -0.07981491 1.851608 -5.06601 -0.2961788 1.785564 -5.06601 -0.2731133 1.753207 1.192381 0.05631923 1.724739 1.192381 -0.01560211 1.739754 1.192386 0.1081323 1.736509 1.192386 0.1089 1.767116 1.192381 -0.02408504 1.729106 1.192386 0.06369972 1.747309 1.192386 0.090415 1.713767 1.192382 -0.2026453 1.803222 1.192382 -0.1713972 1.764607 5.066011 -0.1049556 1.743589 5.066011 -0.1580572 1.754675 5.066014 -0.06670379 1.752279 5.066014 -0.06613731 1.774876 5.066011 -0.1643228 1.746814 5.066014 -0.09950447 1.760253 5.066014 -0.07978343 1.735489 5.066012 -0.2961474 1.801533 5.066012 -0.2730818 2.009214 0.06361144 9.551646 2.009214 -0.02986943 9.551645 2.009214 -0.02987349 10.87207 2.009214 0.06360739 10.87207 3.796144 0.06361007 9.98171 3.796144 -0.0298708 9.98171 3.796144 -0.02987462 11.22567 3.796144 0.06360626 11.22567 1.696437 -0.5048911 9.636632 1.611715 -0.4653844 9.636632 1.611715 -0.465388 10.78709 1.696437 -0.5048946 10.78708 1.119444 -1.742257 10.13634 1.034721 -1.702751 10.13634 1.034722 -1.702754 11.24329 1.119444 -1.74226 11.24329 1.611715 0.4398635 9.636635 1.696437 0.4793699 9.636635 1.696437 0.4793664 10.78709 1.611715 0.43986 10.78709 1.034722 1.677227 10.13636 1.119445 1.716733 10.13636 1.119445 1.71673 11.2433 1.034722 1.677223 11.2433</float_array>
          <technique_common>
            <accessor source="#Cylinder_005-mesh-positions-array" count="1043" stride="3">
              <param name="X" type="float"/>
              <param name="Y" type="float"/>
              <param name="Z" type="float"/>
            </accessor>
          </technique_common>
        </source>
        <source id="Cylinder_005-mesh-normals">
          <float_array id="Cylinder_005-mesh-normals-array" count="3453">-0.1257029 0.6900027 0.7128079 0.4539943 -0.5955859 0.6626965 0.4515477 0.5641553 0.691255 0 -1 1.49387e-5 0.607493 -0.6414986 -0.4684355 0.6773462 -0.7113759 -0.1874739 0 -1 -1.36242e-6 0.7036844 -0.6957279 -0.1441912 0.7068115 -0.702988 -0.07890182 0 -1 5.20008e-7 0.7147167 -0.6987632 -0.03016662 0 -1 1.67511e-5 0 -1 8.60213e-6 0.7159502 -0.6972842 0.03478544 0 -1 -1.73057e-6 0 -1 0 0.6987043 -0.7120653 0.06910449 0 -1 -2.97434e-7 0.7062599 -0.7079527 -1.77725e-6 0 -1 -4.22741e-6 0 -1 7.43486e-6 0.706262 -0.7079507 6.43267e-6 0.7062705 -0.7079422 4.64521e-6 0.7028319 -0.7091321 0.05620509 -7.25129e-5 -1 -4.30075e-5 0.7037943 -0.7064552 0.07479816 0.7123134 -0.6935589 0.107637 -6.72348e-5 -1 -3.46473e-5 -0.1142345 -0.72381 0.6804776 -0.5166994 0.5947843 0.6158355 -0.5645936 -0.6543647 -0.5030319 -0.6897646 -0.6907254 -0.2170789 -0.7035813 -0.7009546 -0.1167733 -0.7054978 -0.7048483 -0.07390427 -0.7087667 -0.7039896 -0.0452606 -0.6878162 -0.7054632 0.17097 -0.6819016 -0.7015982 0.2068098 -0.6646875 -0.7210548 0.1956287 -0.7174367 -0.6965795 0.007857978 -0.7112302 -0.6988399 0.07599121 -0.7019781 -0.6993849 0.13449 -0.6838093 -0.7104112 0.1664955 -0.6843106 -0.7000044 0.2042373 -0.5082865 -0.6226387 0.5949505 -8.91752e-4 -0.02974802 -0.9995571 0.8414558 -0.002848446 -0.5403187 0.8246393 -0.01585859 -0.5654367 0.9933395 0.008973836 0.1148748 0.5730971 0.00172764 0.8194858 0.9984838 0.0100978 0.05411291 -0.9719692 0.01428723 -0.2346738 -0.7914802 -0.01427608 -0.6110282 -0.967735 8.65962e-4 -0.251969 0.9756116 -0.001966953 -0.2194953 0.987926 0.01036274 -0.1545804 0.9860609 0.001798272 -0.1663756 -0.9965384 0.02475035 -0.07936596 -0.9908394 0.006240189 -0.1349018 -0.9963163 0.008989274 -0.08528149 0.9962906 0.01530271 -0.08468061 0.9958397 0.005279541 -0.09097015 0.9993644 0.006696403 -0.03501683 0.9998261 0.01864719 -8.36954e-7 0.9999744 0.00717312 -4.98963e-6 0.9789372 0.005012929 -0.2041005 -0.9984616 0.02712744 -0.04836022 -0.9985848 0.01025819 -0.05218541 -0.9963667 0.02693533 0.08079504 -0.9999064 0.0108655 0.008310854 -0.996174 0.01092046 0.08670699 0.9999744 0.007173001 0 0.9998261 0.0186482 0 0.9999743 0.007172942 0 -0.9919092 0.02065277 -0.1252595 -0.879968 -0.09729862 0.4649617 -0.9894106 0.0225017 0.1433892 -0.9880359 0.009820878 0.1539115 0.9991551 0.01795488 0.03697037 0.9237424 0.004824817 0.3829842 0.9991796 0.00692296 0.03990465 -0.9376337 -0.2069173 0.2793354 -0.9743667 0.006072521 0.2248837 -0.9656672 0.01198756 0.2595057 -0.9995675 0.02839267 0.007660686 -0.9825394 0.01571398 0.1853902 0.9998261 0.01864862 0 0.9993134 0.0178923 -0.03244596 0.9966714 0.01603585 0.07993179 0.999893 0.01422137 0.00346893 -0.964823 -0.1173068 0.2352779 -0.9764629 -0.002151846 0.2156748 0.9971302 0.01359546 0.07447522 0.9996231 0.01172477 -0.02482646 -0.9687852 -0.005586326 0.2478392 -0.9837293 -0.005134224 0.1795837 -0.6779267 -0.007212579 0.7350941 -0.975619 -0.006760954 0.2193673 0.9981313 0.01096445 0.06011462 -0.8106494 0.003367483 -0.5855223 9.0502e-6 -0.929995 0.3675722 -4.53962e-5 -0.9464285 -0.3229136 1.22008e-4 -0.6322692 -0.7747489 0.7957758 -0.03353554 -0.6046623 0.7174947 0.6883885 0.1064078 -0.9569156 -0.01714622 -0.28986 -0.7538791 -0.03724133 -0.6559571 0.9811156 -0.01008301 -0.1931599 -0.9949923 -0.007543921 -0.09966719 0.9943232 -0.006157517 -0.1062238 0.9999945 -0.003335714 0 0.9668412 -0.01353037 -0.2550198 -0.99812 -0.006217122 -0.06097543 -0.9948594 -0.004370629 0.1011728 0.9999945 -0.003335714 0 -0.9875181 -0.01027375 -0.1571708 -0.983718 -0.004917442 0.1796515 0.9989119 -0.003846228 0.04647976 -0.6895807 0.6957844 0.2009044 -0.9999366 -0.005040347 0.01007401 -0.8670951 0.1894794 0.4606993 0.9999945 -0.003335714 0 0.9991636 -0.004251122 -0.04067105 0.8620527 0.3178993 0.3947216 -0.6681423 0.7115983 0.2172875 0.7085989 0.7021846 0.06945937 -0.6920881 0.7036843 0.1607558 -0.6943324 0.6914312 0.1995635 0.7071581 0.7049801 0.05413395 -4.53751e-5 -0.9459884 -0.3242006 -0.2019734 -0.005921363 0.9793732 0.5522689 9.9243e-4 0.8336656 -0.2194255 -0.005974352 0.975611 6.37022e-5 -0.05590718 -0.998436 3.48634e-5 -0.9537618 -0.300564 2.50025e-6 -0.9415133 -0.3369761 -4.75648e-5 -0.997756 -0.06695497 4.02771e-5 -0.9402582 0.3404624 -4.46685e-5 -0.9312564 0.3643648 -0.6931301 -0.007818639 0.7207702 4.65436e-5 -0.9703494 0.2417063 -4.78767e-5 -0.9981406 0.06095355 0 -1 2.63183e-6 -1.08488e-4 -1 -8.5116e-5 1.87745e-4 -1 8.6635e-5 1.87754e-4 -1 8.66162e-5 1.87749e-4 -1 8.66259e-5 0 -1 8.38909e-7 0 -1 -1.37642e-6 0 -1 1.54318e-6 -4.72745e-5 -0.985587 -0.1691697 0 0.9999966 0.002639114 -0.05721914 0.749922 -0.6590471 0.09890049 0.02947181 -0.9946609 4.53916e-5 1 3.29169e-5 8.94367e-6 1 6.3942e-5 -0.2224172 -0.9374457 -0.2678177 -0.003653526 -0.7329226 0.6803022 8.27956e-4 -0.9662012 -0.257788 0.9623835 0.1015524 0.252002 0.9179826 0.07463294 0.3895354 0 -0.8858108 0.4640466 0.3886103 -0.8813876 -0.2685855 -0.565688 0.5607292 -0.6046321 -0.4268497 -0.9007611 0.08017939 0 -1 -2.55979e-5 0 -1 1.21222e-5 0 0.9999998 7.8574e-4 0 -1 -5.02615e-5 0 0.9999998 6.23075e-4 0.4416068 -0.8964847 0.03603494 0 0.9999795 -0.006402552 0 1 -1.38609e-4 0 -1 4.48594e-5 9.20252e-5 -1 6.83275e-5 9.20299e-5 -1 6.83166e-5 9.20228e-5 -1 6.83323e-5 -1.91213e-4 -1 -7.03308e-5 0 -1 4.15531e-6 0 -1 -6.8177e-6 0 -1 -2.99726e-6 0.4525474 -0.8909758 0.03692054 -0.4505384 -0.8887408 0.08458703 -0.5608664 -0.5538082 -0.6154067 0.6600018 -0.5857043 -0.4704765 0.1257016 -0.6900036 0.7128072 -0.4539841 0.5955844 0.6627048 -0.4515473 -0.5641564 0.6912544 0 1 1.32454e-5 -0.6074948 0.6414961 -0.4684368 -0.6773459 0.7113779 -0.1874677 0 1 -9.92526e-7 -0.703684 0.6957283 -0.1441911 -0.7068117 0.7029882 -0.07889854 0 1 4.549e-6 -0.7147144 0.6987653 -0.03017312 0 1 1.64945e-5 0 1 7.75601e-6 -0.7159478 0.6972864 0.03479403 0 1 -8.75262e-7 0 1 0 -0.6987041 0.7120655 0.06910407 0 1 -2.97438e-7 -0.7062619 0.7079507 -5.59627e-6 0 1 2.46174e-6 0 1 7.1659e-6 -0.706262 0.7079507 4.53056e-6 -0.7062727 0.7079399 1.41292e-5 -0.7028317 0.7091323 0.05620533 7.25132e-5 1 -3.89093e-5 -0.7037943 0.7064552 0.07479828 -0.7123132 0.693559 0.1076371 6.72361e-5 1 -3.71445e-5 0.1142423 0.7238091 0.6804772 0.5166985 -0.5947862 0.6158345 0.5645976 0.6543664 -0.5030251 0.6897611 0.6907278 -0.2170822 0.7035824 0.7009526 -0.1167789 0.7054978 0.7048479 -0.07390767 0.7087671 0.7039892 -0.0452609 0.6878165 0.7054626 0.1709708 0.6819022 0.7015967 0.2068127 0.6646849 0.721058 0.195626 0.7174378 0.6965784 0.007858693 0.711227 0.6988429 0.07599163 0.7019815 0.6993824 0.1344857 0.683813 0.7104089 0.1664901 0.6843076 0.7000046 0.2042465 0.5082891 0.6226378 0.594949 8.91734e-4 0.02974706 -0.9995571 -0.841462 0.002851068 -0.5403089 -0.8246317 0.01585817 -0.5654477 -0.9933395 -0.008973777 0.1148749 -0.573103 -0.001727581 0.8194816 -0.9984814 -0.0100975 0.05415749 0.9719692 -0.01429003 -0.234674 0.7914748 0.01427495 -0.6110352 0.967736 -8.66981e-4 -0.2519647 -0.9756115 0.00196743 -0.2194957 -0.9879265 -0.01036173 -0.1545764 -0.9860611 -0.001798033 -0.1663739 0.9965383 -0.02475017 -0.07936549 0.99084 -0.006240427 -0.1348966 0.996316 -0.008990049 -0.08528631 -0.9962903 -0.01530361 -0.08468431 -0.9958394 -0.005280375 -0.09097373 -0.9993645 -0.006695806 -0.03501158 -0.9998263 -0.01864516 0 -0.9999744 -0.00717175 0 -0.978936 -0.005013108 -0.2041058 0.9984614 -0.02712893 -0.04836106 0.9985845 -0.01025944 -0.05219048 0.9963671 -0.02693665 0.08079093 0.9999064 -0.01086622 0.008310496 0.996174 -0.01092052 0.08670693 -0.9999744 -0.007171809 0 -0.9998261 -0.01864558 0 -0.9999744 -0.007171809 0 0.9919091 -0.02065402 -0.1252588 0.8799682 0.09729856 0.4649614 0.9894106 -0.0225014 0.1433892 0.9880359 -0.009820818 0.1539115 -0.9991549 -0.01795399 0.03697562 -0.9237423 -0.004824697 0.3829842 -0.9991796 -0.006921589 0.03990393 0.9376338 0.2069172 0.2793353 0.9743667 -0.00607264 0.2248837 0.9656556 -0.0119878 0.259549 0.9995675 -0.02839559 0.007655203 0.9825393 -0.01571375 0.1853904 -0.9998261 -0.01864522 0 -0.9993132 -0.01789337 -0.03245043 -0.9966709 -0.01603639 0.07993817 -0.999893 -0.0142219 0.003469288 0.9648229 0.1173069 0.2352782 0.9764629 0.002151787 0.2156749 -0.9971302 -0.01359516 0.07447516 -0.9996231 -0.01172417 -0.02482664 0.9687801 0.005586624 0.2478586 0.9837293 0.005134224 0.1795837 0.6779273 0.007212638 0.7350936 0.9756184 0.006760418 0.2193697 -0.9981313 -0.01096397 0.06011468 0.810649 -0.003367483 -0.5855228 -9.05021e-6 0.9299957 0.3675705 4.53962e-5 0.9464282 -0.3229145 -1.0966e-4 0.632268 -0.7747498 -0.7957768 0.03353536 -0.6046609 -0.7174943 -0.6883888 0.1064084 0.9569152 0.01714658 -0.289861 -0.9811161 0.01008325 -0.1931571 0.9949919 0.007543444 -0.09967023 -0.9943235 0.006157755 -0.106221 -0.9999945 0.003335893 -7.34589e-6 -0.9668414 0.01353049 -0.2550193 0.99812 0.006216824 -0.06097513 0.9948593 0.00437051 0.101173 -0.9999945 0.003335654 8.35568e-6 0.9875176 0.01027381 -0.1571733 0.9837167 0.004917263 0.1796587 -0.9989114 0.003846168 0.04648798 0.6895824 -0.6957832 0.2009029 0.9999366 0.005039751 0.0100739 0.8670958 -0.1894813 0.4606971 -0.9999945 0.003335654 0 -0.9991636 0.00425142 -0.04067111 -0.8620534 -0.3179019 0.3947181 0.6681388 -0.7116028 0.2172834 -0.7086011 -0.7021824 0.069458 0.6920886 -0.703684 0.1607551 0.694332 -0.6914316 0.1995636 -0.7071996 -0.7049376 0.05414545 0.7538796 0.03724181 -0.6559563 4.53751e-5 0.9459885 -0.3242001 0.2019612 0.005921065 0.9793757 -0.5522682 -9.92806e-4 0.833666 0.2194288 0.005973696 0.9756103 -7.97438e-5 0.05590766 -0.998436 -3.48627e-5 0.9537444 -0.3006191 -2.5084e-6 0.941513 -0.336977 4.75648e-5 0.997756 -0.06695497 -4.02621e-5 0.9402579 0.3404631 4.46685e-5 0.9312562 0.3643652 0.6931305 0.007817566 0.7207697 -4.65436e-5 0.9703496 0.2417058 4.78768e-5 0.9981438 0.06090128 0 1 -2.63186e-6 1.08487e-4 1 -8.33416e-5 1.16953e-4 1 -5.39561e-5 0 1 8.38904e-7 0 1 -1.37642e-6 0 1 -8.55672e-7 4.72744e-5 0.9855857 -0.169177 0 -0.9999966 0.002638638 -0.0648157 -0.7754116 -0.6281209 -0.09611129 -0.02762502 -0.9949872 -4.53912e-5 -1 3.29167e-5 -8.93924e-6 -1 6.39389e-5 0.222237 0.9374148 -0.2680749 0.06032288 0.09880834 0.9932765 -8.36952e-4 0.9648155 -0.2629268 -0.9289786 -0.04026108 -0.3679373 -0.5161254 0.2872737 0.8069006 1.79427e-4 -0.05652707 0.9984011 -0.3880625 0.8821051 -0.2670171 0.5646908 -0.5596449 -0.6065657 0.4268481 0.9007683 0.08010751 0 1 -2.55979e-5 0 1 1.19959e-4 0 -0.9999997 7.98483e-4 0 1 -5.02692e-5 0 -0.9999998 6.23075e-4 -0.4416069 0.8964847 0.03603494 0 -0.9999763 -0.006896734 0 -1 -1.38833e-4 0 1 2.24285e-5 -9.2025e-5 1 6.83278e-5 -9.20293e-5 1 6.83173e-5 -9.20236e-5 1 6.83311e-5 1.91215e-4 1 -7.03318e-5 0 1 -4.15527e-6 -0.4525477 0.8909757 0.03691935 0.4505361 0.8887418 0.08458888 0.5608698 0.5538089 -0.6154031 -0.6600016 0.5857049 -0.4704761 -0.9899191 0.0974943 0.1027382 -0.9807857 0.1950889 5.05297e-7 -0.9951846 0.0980193 4.13277e-7 -0.9755454 0.1940482 0.1032302 -0.9238805 0.3826814 8.994e-7 -0.8270268 0.552603 0.1032317 -0.8314691 0.555571 1.52896e-6 -0.7071055 0.7071081 2.04079e-6 -0.5526025 0.827027 0.1032328 -0.5555694 0.8314703 2.54349e-6 -0.3826838 0.9238795 2.92341e-6 -0.3806379 0.9189441 0.1032309 -0.1950899 0.9807854 3.05695e-6 -0.194048 0.9755453 0.1032321 0.276965 0.9167446 -0.2878714 0.1940478 0.9755455 0.1032309 -0.1032245 0.9342929 -0.3412354 0.3806403 0.9189429 0.1032325 0.3826837 0.9238795 2.8558e-6 0.5555707 0.8314693 2.53913e-6 0.5526025 0.8270272 0.1032301 0.7071072 0.7071064 2.30245e-6 0.7033276 0.7033304 0.1032313 0.8314698 0.5555699 1.80283e-6 0.9189446 0.3806366 0.1032307 0.9238801 0.3826825 1.16214e-6 0.9807856 0.1950891 6.10919e-7 0.9899188 0.09749692 0.1027389 0.9951849 0.09801638 3.13209e-7 0.5542075 0.8294335 -0.06995862 0.6878536 0.6878536 -0.2317646 0.5404437 0.8088294 -0.2317664 0.9950298 0.09800243 -0.01764327 0.9783819 0.1946128 -0.06996208 0.9806314 0.1950591 -0.01772838 0.9237343 0.3826237 -0.01772767 0.9216161 0.3817452 -0.06996005 0.8313399 0.5554816 -0.01772731 0.8294333 0.5542078 -0.06995999 0.7053729 0.7053757 -0.06995904 0.7069967 0.7069947 -0.01772689 0.5554825 0.8313394 -0.01772642 0.3817449 0.9216164 -0.06995856 0.3826237 0.9237343 -0.01772594 0.1950601 0.9806311 -0.01772576 0.1946125 0.9783824 -0.06995737 5.01814e-7 0.99755 -0.06995797 9.37728e-7 0.999843 -0.01772582 -0.1946125 0.9783823 -0.06995749 -0.1950594 0.9806312 -0.017726 -0.3826232 0.9237344 -0.01772594 -0.3817467 0.9216157 -0.06995755 -0.555483 0.831339 -0.01772624 -0.5542082 0.8294333 -0.06995737 -0.7053725 0.7053761 -0.06995898 -0.7069955 0.7069959 -0.01772648 -0.8313388 0.5554831 -0.01772689 -0.8294324 0.5542093 -0.06995785 -0.9216165 0.3817446 -0.0699591 -0.9237344 0.3826234 -0.01772767 -0.9806309 0.1950612 -0.01772826 -0.9783824 0.1946113 -0.06995916 -0.9927696 0.09778124 -0.06962388 -0.9950297 0.09800374 -0.01764327 0.8987242 0.3722636 -0.2317643 0.7937194 0.1578826 -0.5874373 0.7476716 0.3096936 -0.5874328 2.10785e-6 0.9727714 -0.231767 -0.3722621 0.8987239 -0.2317683 -0.540444 0.8088305 -0.2317619 -0.8987224 0.3722645 -0.2317702 0.8088294 0.540442 -0.2317703 0.3722662 0.8987226 -0.2317662 -0.1897752 0.9540808 -0.2317656 -0.6878516 0.6878539 -0.2317696 -0.9540796 0.1897792 -0.2317672 0.9927695 0.09777992 -0.06962585 0.9540781 0.1897801 -0.2317724 0.1897805 0.9540801 -0.2317646 -0.8088284 0.5404465 -0.2317633 -0.9683374 0.0953769 -0.2307076 0.449605 0.672883 -0.5874385 -1.75426e-6 0.8092734 -0.5874322 -0.3096936 0.7476711 -0.5874332 -0.4496065 0.6728838 -0.5874363 -0.7476634 0.3096956 -0.587442 0.6728795 0.4496065 -0.5874413 0.309692 0.7476703 -0.5874351 -0.157882 0.7937193 -0.5874378 -0.5722411 0.5722417 -0.5874347 -0.7937194 0.157882 -0.5874375 0.9683369 0.09537816 -0.230709 0.5722414 0.5722435 -0.5874328 0.1578797 0.7937217 -0.5874352 -0.6728821 0.4496119 -0.5874342 -0.8067128 0.07945787 -0.5855775 0.5389447 0.1072116 -0.8354904 0.5076716 0.2102987 -0.8354904 0.3052953 0.456901 -0.8354856 0.1072028 0.5389519 -0.835487 1.65788e-6 0.5495112 -0.8354865 -0.3052874 0.4569016 -0.8354883 -0.5076789 0.2102874 -0.8354887 0.4568966 0.3052927 -0.8354891 0.2102869 0.5076817 -0.8354872 -0.1072033 0.538952 -0.8354868 -0.3885586 0.3885617 -0.8354891 -0.5389495 0.1072096 -0.8354877 0.5487079 0.05404222 -0.8342656 0.3885634 0.3885616 -0.835487 -0.2102892 0.5076815 -0.8354868 -0.4568979 0.3052924 -0.8354884 -0.5487059 0.05406087 -0.8342657 0.6771119 0.1346707 -0.7234523 0.6378281 0.2641924 -0.7234485 0.3835212 0.5740353 -0.7234604 0.1347281 0.6771099 -0.7234435 3.23645e-5 0.6903787 -0.7234482 -0.3835505 0.5740244 -0.7234536 -0.6378213 0.2641948 -0.7234537 0.5740358 0.3835501 -0.7234448 0.2641981 0.6378239 -0.7234501 -0.1347004 0.6771116 -0.7234471 -0.4881694 0.4881773 -0.7234456 -0.6771072 0.1346774 -0.7234556 0.4881623 0.488183 -0.7234466 -0.2641956 0.6378271 -0.7234482 -0.5740193 0.3835733 -0.7234455 -0.6887876 0.06781309 -0.7217846 0.8540499 0.1698943 -0.4916654 0.8044978 0.333247 -0.4916603 0.4837929 0.7240444 -0.4916343 0.1698747 0.8540586 -0.491657 -7.83875e-5 0.8707843 -0.4916653 -0.483799 0.7240301 -0.4916492 -0.7240288 0.4837882 -0.4916618 -0.8045065 0.3332417 -0.4916495 0.724066 0.4837439 -0.4916506 0.3332725 0.8044969 -0.4916443 -0.1699702 0.8540489 -0.491641 -0.6157617 0.6157216 -0.491655 -0.8540545 0.1699196 -0.4916486 0.688784 0.06781595 -0.7217878 0.6157272 0.6157652 -0.4916435 -0.3332105 0.8045288 -0.4916344 -0.8676067 0.08548009 -0.4898489 0.9755459 0.1940466 0.1032288 0.9744599 0.09597212 0.2030207 0.9044588 0.3746377 0.2039631 0.9601683 0.1909879 0.2039626 0.8270276 0.5526018 0.103231 0.8139924 0.543889 0.2039636 0.6922433 0.6922413 0.2039641 0.374639 0.9044579 0.2039648 0.5438914 0.8139906 0.2039642 7.71835e-7 0.9789782 0.2039653 0.1909894 0.9601674 0.2039652 3.18295e-7 0.9946572 0.1032339 -0.1909878 0.9601677 0.2039654 -0.5438916 0.8139903 0.2039651 -0.3746392 0.9044578 0.2039653 -0.7033292 0.703329 0.1032305 -0.8139901 0.5438922 0.2039642 -0.6922414 0.6922428 0.203965 -0.9189435 0.3806395 0.1032297 -0.9601681 0.1909875 0.2039636 -0.904459 0.3746373 0.2039633 -0.9744592 0.09597653 0.2030221 0.9190829 0.3807004 0.1017542 0.9756954 0.1940757 0.1017507 0.7034369 0.703436 0.1017569 1.27339e-6 0.9948093 0.1017577 0.194077 0.9756947 0.1017559 -0.3806965 0.9190841 0.1017571 -0.8271516 0.5526899 0.1017552 0.3806945 0.9190852 0.1017557 0.5526888 0.8271527 0.1017526 -0.1940749 0.9756951 0.1017558 -0.7034357 0.7034371 0.1017569 -0.55269 0.8271518 0.1017541 -0.9190836 0.3806987 0.1017542 0.9900696 0.09750187 0.1012704 0.8271542 0.5526863 0.1017535 -0.9900685 0.09751164 0.101271 -0.9756953 0.1940758 0.1017512 0.9238805 0.3826814 1.25882e-6 0.9807856 0.1950889 6.36406e-7 0.7071084 0.7071052 2.24372e-6 5.38543e-7 1 3.12725e-6 0.1950923 0.980785 2.90638e-6 -0.5555741 0.8314671 3.82481e-6 -0.3826766 0.9238824 6.43561e-6 -0.8314681 0.5555726 1.39942e-6 0.8314714 0.5555676 1.847e-6 0.3826846 0.9238792 2.67966e-6 0.5555793 0.8314636 2.46167e-6 -0.7071074 0.7071062 2.235e-6 -0.9238801 0.3826821 1.24465e-6 0.9951856 0.09800845 3.16716e-7 -0.1950885 0.9807857 3.13307e-6 -0.9951844 0.09802019 3.16718e-7 -0.9807851 0.1950917 6.08437e-7 -0.9807851 0.1950915 6.87183e-7 -0.9951847 0.09801858 3.82919e-7 -0.9238794 0.3826838 1.10985e-6 -0.8314692 0.555571 1.5388e-6 -0.7071061 0.7071075 2.13237e-6 -0.5555701 0.8314697 2.63494e-6 -0.3826831 0.9238797 2.8971e-6 -0.1950896 0.9807855 3.05983e-6 0.2769632 0.9167428 0.2878789 0.3826849 0.923879 2.84804e-6 -0.5957014 0.803206 2.71007e-6 -0.1032098 0.934292 0.3412423 0.5555694 0.8314701 2.65183e-6 0.7071074 0.7071063 2.29838e-6 0.8314704 0.5555691 1.70606e-6 0.9238791 0.3826845 1.18984e-6 0.9807853 0.1950908 6.44446e-7 0.9951848 0.09801667 3.84658e-7 4.43687e-7 -0.9946579 0.1032257 -0.1950901 -0.9807854 -3.03183e-6 0.2818524 -0.9066119 -0.314029 -0.1940476 -0.9755461 0.1032258 -0.3826832 -0.9238797 -2.83184e-6 -0.3806396 -0.9189438 0.1032273 -0.5555691 -0.8314704 -2.66573e-6 -0.5526031 -0.8270275 0.1032254 -0.7071059 -0.7071078 -2.39897e-6 -0.7033295 -0.7033289 0.1032283 -0.8314695 -0.5555706 -1.95062e-6 -0.8270277 -0.5526024 0.1032267 -0.9238801 -0.3826822 -1.2864e-6 -0.9189435 -0.3806396 0.1032298 -0.9807855 -0.1950892 -5.07327e-7 -0.9899191 -0.09749436 0.1027373 -0.9951846 -0.09801918 -2.00342e-7 0.9951847 -0.09801787 -2.29087e-7 0.9755451 -0.1940513 0.1032282 0.980785 -0.1950922 -6.03689e-7 0.9238786 -0.3826858 -1.26598e-6 0.8270267 -0.5526036 0.1032287 0.8314685 -0.5555719 -1.83762e-6 0.7071055 -0.7071082 -2.27657e-6 0.5526014 -0.8270286 0.1032251 0.5555688 -0.8314707 -2.61971e-6 0.4160131 -0.9093587 -2.86531e-6 0.9189435 -0.3806403 0.1032277 0.8139908 -0.5438925 0.2039608 0.1938399 -0.9755541 0.1035392 -0.0570693 -0.945859 -0.3195216 0.3808129 -0.9188369 0.1035403 -0.7069959 -0.7069954 -0.01773101 -0.8294326 -0.5542083 -0.06996291 -0.7053733 -0.705375 -0.06996202 -0.5542091 -0.8294321 -0.06996273 -0.5554827 -0.831339 -0.01773166 -0.3826231 -0.9237344 -0.0177319 -0.3817472 -0.921615 -0.06996321 -0.1946138 -0.9783816 -0.06996381 -0.1950601 -0.9806311 -0.01773202 0.1947978 -0.9806756 -0.01814556 -2.31435e-6 -0.9975495 -0.06996405 0.1946096 -0.9783825 -0.06996411 0.3828615 -0.9236276 -0.01814174 0.3817427 -0.9216168 -0.06996411 0.554208 -0.8294327 -0.06996458 0.5554822 -0.8313395 -0.0177316 0.7069953 -0.7069959 -0.01773113 0.7053742 -0.705374 -0.06996345 0.8294305 -0.5542114 -0.06996303 0.8313381 -0.5554843 -0.01773059 0.923734 -0.3826245 -0.01773011 0.9216148 -0.3817479 -0.06996303 0.9783819 -0.1946128 -0.06996273 0.9806309 -0.1950612 -0.01772958 0.9950296 -0.09800434 -0.01764398 0.9927691 -0.09778445 -0.06962615 -4.22337e-7 -0.9998428 -0.01773208 -0.9950296 -0.09800368 -0.0176438 -0.9783821 -0.1946123 -0.06996107 -0.9806309 -0.1950614 -0.01772964 -0.9237343 -0.3826236 -0.01772999 -0.9216164 -0.3817445 -0.06996083 -0.8313391 -0.5554826 -0.01773035 -0.9927695 -0.09778088 -0.06962448 -0.954079 -0.1897775 -0.2317709 -0.8088274 -0.5404437 -0.2317733 -0.6878548 -0.6878517 -0.2317672 -0.1897775 -0.9540795 -0.2317692 0.3722637 -0.8987228 -0.2317695 0.6878519 -0.687854 -0.231769 0.808829 -0.5404428 -0.2317703 0.9540778 -0.1897807 -0.2317734 0.968337 -0.09537655 -0.2307096 -0.8987238 -0.3722641 -0.2317649 -0.5404441 -0.8088278 -0.2317708 -1.49201e-6 -0.9727702 -0.2317717 0.5404415 -0.8088285 -0.2317748 0.898722 -0.3722649 -0.2317708 -0.3722627 -0.8987222 -0.2317734 0.1897773 -0.9540783 -0.2317743 0.7937205 -0.1578815 -0.5874363 0.5076792 -0.2102864 -0.8354888 0.5389509 -0.1072041 -0.8354876 -0.9683375 -0.09537565 -0.2307075 -0.793721 -0.1578785 -0.5874364 -0.6728826 -0.4496073 -0.5874372 -0.5722429 -0.5722355 -0.587439 -0.3096952 -0.7476665 -0.5874383 -0.157881 -0.7937169 -0.5874412 0.1578801 -0.7937188 -0.587439 0.309693 -0.7476654 -0.5874409 0.6728818 -0.4496058 -0.5874393 0.8067099 -0.07945883 -0.5855815 -0.7476654 -0.3096925 -0.5874411 -0.4496083 -0.6728803 -0.587439 1.56405e-6 -0.8092679 -0.5874399 0.4496056 -0.672883 -0.5874379 0.7476656 -0.3096915 -0.5874414 0.5722394 -0.5722396 -0.5874384 0.305289 -0.4568977 -0.8354898 0.4881563 -0.4881715 -0.7234585 0.3885673 -0.3885545 -0.8354886 -0.5487022 -0.05404871 -0.8342689 -0.5389497 -0.107204 -0.8354883 -0.3885636 -0.3885562 -0.8354893 -0.1071951 -0.5389481 -0.8354905 0.2102808 -0.5076786 -0.8354905 0.456901 -0.3052853 -0.8354893 0.5487045 -0.05404824 -0.8342674 -0.5076838 -0.210285 -0.8354865 -0.3052908 -0.4568954 -0.8354905 2.80864e-6 -0.5495058 -0.8354901 -0.4569017 -0.3052893 -0.8354874 -0.2102813 -0.5076786 -0.8354904 0.1071985 -0.5389485 -0.8354897 -1.5052e-7 -0.6903737 -0.7234531 0.1026434 -0.516795 -0.8499336 0.134724 -0.6771073 -0.7234467 0.6378235 -0.2641883 -0.7234541 0.6771115 -0.134671 -0.7234527 -0.6887944 -0.06781518 -0.7217779 -0.6771101 -0.1346768 -0.7234528 -0.4881604 -0.4881602 -0.7234632 -0.1347041 -0.6771066 -0.7234512 0.2642011 -0.6378127 -0.7234589 0.5740359 -0.3835384 -0.7234508 0.6887851 -0.06781661 -0.7217867 -0.6378139 -0.2641984 -0.7234588 -0.3835719 -0.5740185 -0.7234469 0.383522 -0.5740321 -0.7234626 -0.5740165 -0.383549 -0.7234606 -0.2642236 -0.6378224 -0.7234421 8.29598e-5 -0.5269046 -0.8499246 -0.1027797 -0.5167881 -0.8499214 0.2015927 -0.4868292 -0.8499164 -0.2016099 -0.48681 -0.8499233 0.2927219 -0.438122 -0.8499195 -0.29269 -0.4381487 -0.8499166 0.3726399 -0.3725841 -0.8498945 -0.3725529 -0.372578 -0.8499353 0.438081 -0.2927282 -0.8499383 -0.4381324 -0.2927474 -0.8499053 0.4867764 -0.2016964 -0.8499219 -0.4868009 -0.2016369 -0.849922 0.5168118 -0.1028085 -0.8499035 -0.5168036 -0.1028155 -0.8499078 0.3514921 -0.03458672 -0.9355518 -0.3515338 -0.03463691 -0.9355343 0 0 -1 -2.9119e-7 0 -1 0 0 -1 1.8545e-6 0 -1 -5.33653e-6 0 -1 -2.72504e-5 0 -1 -3.16962e-5 0 -1 -4.12847e-5 0 -1 -6.57532e-5 0 -1 -0.5438916 -0.8139917 0.20396 -0.380698 -0.9190843 0.1017507 -0.5526886 -0.8271532 0.1017494 0.9601677 -0.1909917 0.2039616 0.9044581 -0.3746406 0.2039613 0.9744594 -0.09597802 0.2030201 -0.1909892 -0.9601686 0.2039592 -0.9755459 -0.194047 0.1032279 -0.9744593 -0.09597736 0.2030209 -0.9044586 -0.3746392 0.2039615 -0.9601676 -0.1909915 0.2039623 -0.6922423 -0.6922433 0.2039605 -0.8139918 -0.543891 0.2039608 -0.3746387 -0.9044592 0.2039595 -7.1466e-7 -0.9789794 0.2039592 0.3746374 -0.9044599 0.2039592 0.1909881 -0.9601689 0.2039589 0.6922417 -0.6922439 0.2039602 0.5438901 -0.8139926 0.2039598 0.703327 -0.7033317 0.1032277 -0.8271529 -0.5526892 0.1017485 -0.9238777 -0.3826878 -1.25884e-6 -0.9190847 -0.3806966 0.1017525 0 -0.9948102 0.1017477 0.7034363 -0.7034373 0.1017516 0.5526864 -0.8271548 0.1017487 0.9190831 -0.3807017 0.1017479 -0.9900683 -0.0975151 0.1012701 -0.7034358 -0.7034375 0.1017529 0.3806958 -0.9190853 0.1017501 0.1940776 -0.9756951 0.1017488 0.8271497 -0.5526943 0.1017481 0.9900695 -0.09750473 0.1012692 0.9756954 -0.1940754 0.1017509 -0.9756956 -0.1940746 0.1017516 -0.1940777 -0.9756951 0.1017497 -0.5555662 -0.8314724 -2.6855e-6 0.1950865 -0.9807861 -3.5865e-6 3.47928e-7 -1 -4.02826e-6 0.7071059 -0.7071077 -4.28108e-6 0.5555654 -0.831473 -3.13016e-6 0.980785 -0.1950919 -6.49856e-7 0.9238816 -0.3826785 -1.23083e-6 -0.9951847 -0.09801864 -3.16803e-7 -0.7071072 -0.7071064 -2.24081e-6 -0.8314709 -0.5555684 -1.9022e-6 -0.3826807 -0.9238807 -2.68548e-6 0.3826777 -0.923882 -2.91219e-6 0.9951857 -0.09800791 -3.16715e-7 -0.9807851 -0.1950912 -6.53712e-7 -0.1950883 -0.9807857 -2.91218e-6 0.8314705 -0.5555689 -7.95628e-6 -0.19509 -0.9807853 -3.0697e-6 -0.3826835 -0.9238796 -2.9083e-6 -0.5555707 -0.8314693 -2.57434e-6 -0.7071074 -0.7071062 -2.27771e-6 -0.8314698 -0.5555701 -1.92806e-6 -0.9238793 -0.3826841 -1.45196e-6 -0.9807852 -0.1950913 -7.03634e-7 -0.9951846 -0.09801906 -2.27773e-7 0.9951848 -0.09801691 -3.00963e-7 0.9807852 -0.1950913 -6.14741e-7 0.9238782 -0.3826867 -1.26357e-6 0.8314681 -0.5555728 -1.82754e-6 0.7071057 -0.7071079 -2.24088e-6 0.5555683 -0.831471 -2.58445e-6 0.4160138 -0.9093584 -2.82476e-6 -0.05706453 -0.9458624 0.319512 0.6313826 -0.5177093 0.5773501 0.2818525 -0.906614 0.3140228 0 0 0 -0.5177162 -0.6313802 0.5773466 0.6313897 -0.5176994 -0.5773513 -0.5177081 -0.6313815 -0.5773525 -0.6715583 0.7409517 2.45777e-6 0.6021673 0.545771 -0.5826909 -0.550677 0.6075751 -0.5723701 0.6021714 0.5457677 0.5826897 -0.5506736 0.6075723 0.5723764 -3.4255e-6 0 -1 1.65164e-6 0 -1 2.81255e-6 0 -1 -2.67969e-6 1.26095e-5 -1 -1.94454e-6 1.26095e-5 -1 1.02001e-6 0 -1 0 0 -1 -1.61545e-6 0 -1 0 1.05861e-5 -1 2.4478e-6 1.05861e-5 -1 -7.86045e-7 0 -1 -1.75004e-6 0 -1 -5.40759e-7 0 -1 -4.83636e-7 0 -1 0 1.66067e-5 -1 9.43244e-7 1.66067e-5 -1 2.7223e-6 0 -1 -7.32698e-7 0 -1 -6.418e-6 0 -1 1.02554e-5 0 -1 -0.8819205 -0.4713982 -5.51969e-7 0 9.14934e-6 -1 4.85942e-6 0 -1 -5.19446e-5 0 -1 -4.15554e-5 7.48561e-6 -1 -2.07776e-5 0 -1 2.56114e-5 0 -1 3.88747e-5 1.90912e-5 -1 -3.88738e-5 0 -1 -2.07778e-5 5.88131e-6 -1 2.07779e-5 0 -1 2.07775e-5 0 -1 0 8.23412e-6 -1 -3.70366e-5 1.0586e-5 -1 2.07777e-5 0 -1 2.07778e-5 0 -1 -2.07775e-5 1.90911e-5 -1 0 9.71295e-6 -1 -1.34409e-5 -9.71295e-6 1 -0.4713975 -0.8819209 -2.30708e-6 0.09801608 -0.9951849 -3.31188e-6 0.6343905 -0.7730128 -2.39187e-6 0.9569388 -0.2902898 -8.27957e-7 0.956943 0.2902758 9.19945e-7 0.6343885 0.7730144 2.57586e-6 0.09801781 0.9951847 2.94385e-6 -0.4714033 0.8819178 3.37967e-6 -0.8819206 0.4713979 2.59387e-6 -0.9951857 -0.09800738 8.32859e-7 -0.7730121 -0.6343914 -1.30763e-6 -0.2902837 -0.9569407 -2.64537e-6 0.2902828 -0.956941 -2.94384e-6 0.7730107 -0.6343931 -2.2079e-6 0.9951847 -0.09801828 -2.9036e-7 0.8819212 0.471397 1.56391e-6 0.4713945 0.8819225 2.57585e-6 -0.09801626 0.9951849 3.31181e-6 -0.6343907 0.7730127 2.85735e-6 -0.9569394 0.2902878 2.05599e-6 -0.9569389 -0.2902897 2.151e-7 -0.6343894 -0.7730137 -1.41332e-6 -0.09801572 -0.9951849 -2.20295e-6 0.4713912 -0.8819243 -2.57586e-6 0.88192 -0.4713994 -1.19593e-6 0.9951847 0.09801781 3.07607e-7 0.7730107 0.6343931 1.83991e-6 0.2902855 0.9569402 2.57585e-6 -0.2902828 0.956941 3.31182e-6 -0.7730135 0.6343897 2.94385e-6 -0.9951854 0.09800976 1.45469e-6 0.7730141 -0.6343889 -2.14212e-6 0 -9.14936e-6 1 2.54416e-6 -3.05877e-6 1 0 -3.45162e-6 1 0 -2.68108e-6 1 -1.01766e-5 0 1 -1.79212e-5 -1.00678e-6 1 -1.5265e-5 0 1 0 -3.45161e-6 1 1.79213e-5 -3.05877e-6 1 8.96061e-6 0 1 -5.08831e-6 0 1 0 -2.20026e-6 1 0 -3.31897e-6 1 0 -3.31897e-6 1 0 -2.20027e-6 1 1.52649e-5 0 1 0 0 1 0 -3.05878e-6 1 -6.36029e-6 -3.45161e-6 1 2.54417e-5 -2.68103e-6 1 1.01765e-5 0 1 4.4803e-6 0 1 -1.79211e-5 -2.68105e-6 1 2.2897e-5 -3.45161e-6 1 1.01767e-5 -3.05878e-6 1 0 -9.86915e-6 1 2.78365e-6 -9.90321e-6 1 -5.0883e-6 0 1 -1.79212e-5 -3.31897e-6 1 1.01767e-5 -3.31896e-6 1 5.08822e-6 -2.2003e-6 1 2.27827e-6 0 1 3.64109e-6 0 1 3.29802e-6 0 1 -3.23465e-6 0 1 6.59605e-6 -2.27146e-5 1 0 -2.27146e-5 1 0.995186 -0.09800505 0 0.8819251 0.4713898 1.64675e-6 0.4713909 0.8819245 2.66867e-6 -0.09801602 0.9951849 3.11435e-6 -0.6343858 0.7730167 2.2439e-6 -0.9569376 0.2902938 6.21082e-7 -0.9569447 -0.2902706 -7.63131e-7 -0.6343989 -0.7730059 -2.56475e-6 -0.09801822 -0.9951847 -3.1477e-6 0.4713913 -0.8819242 -2.65082e-6 0.8819234 -0.4713928 -1.30758e-6 0.9951838 0.09802764 0 0.7730116 0.6343919 2.11534e-6 0.2902868 0.9569397 3.03803e-6 -0.2902846 0.9569404 3.01431e-6 -0.7730094 0.6343947 2.09785e-6 -0.9951843 0.09802293 4.49965e-7 -0.8819249 -0.4713899 -1.72093e-6 -0.4713892 -0.8819254 -2.67533e-6 0.09801602 -0.9951849 -3.14952e-6 0.6343981 -0.7730067 -2.53485e-6 0.9569376 -0.2902936 -7.15151e-7 0.9569375 0.2902939 1.08779e-6 0.6343968 0.7730076 2.29386e-6 0.09801626 0.9951849 3.09322e-6 -0.4713986 0.8819203 2.60596e-6 -0.8819254 0.471389 1.59989e-6 -0.9951834 -0.09803187 -1.60295e-7 -0.7730149 -0.6343879 -2.2055e-6 -0.2902867 -0.9569398 -3.0619e-6 0.2902821 -0.9569411 -2.9097e-6 -0.9197796 -0.01416057 0.39218 0.9984631 -0.006881594 0.05499088 -0.9712311 -0.006673872 0.2380456 -0.9853598 -0.004196941 0.1704364 0.986787 -0.0113213 0.1616277 -0.9853543 -0.004198312 0.1704677 0.9982594 -0.00701183 0.05855804 -0.2299976 -0.04300558 0.9722406 0.9197707 0.01415884 0.3922008 -0.9984636 0.006881058 0.0549829 0.9712311 0.006672322 0.2380457 0.9853592 0.004196047 0.1704397 -0.9867864 0.01132076 0.1616311 0.9853556 0.00419718 0.1704606 -0.9982591 0.007011473 0.05856239 0.2299987 0.04299634 0.9722408 0.2339907 0 -0.9722389 0 -1 -3.04715e-6 -0.1941153 0 0.9809788 0 1 3.05683e-6 -1 0 0 1 0 -1.91661e-7 -0.1452573 -0.3115106 -0.9390748 -0.9063079 0.422618 1.29548e-6 0.1339603 0.2872259 0.9484493 0.9063078 -0.4226183 -1.34094e-6 0.4226199 0.9063071 2.76031e-6 -0.4226138 -0.9063099 -2.59204e-6 -0.1452527 0.3115162 -0.9390737 0.9063078 0.4226183 1.13531e-6 0.133932 -0.2872394 0.9484492 -0.9063079 -0.4226182 -1.10431e-6 0.422616 -0.9063089 -2.84042e-6 -0.4226175 0.9063082 2.88005e-6 0.001516938 -0.006573975 -0.9999772 0 -0.9999997 -8.01282e-4 3.8876e-4 -0.9999999 -2.54038e-4 0 0.9999891 0.004672825 -0.001535654 0.006577908 -0.9999772 0 0.9999997 -8.01282e-4 -3.88773e-4 0.9999999 -2.54048e-4 0 -0.9999891 0.004672825 0.8067094 0.07946044 -0.5855818 0.8676152 0.08537185 -0.4898525 0.9899185 -0.09749984 0.1027384 -0.8067099 -0.07945269 -0.5855822 -0.8819217 -0.4713959 -5.32278e-7 -1.03888e-5 1.41862e-5 -1 7.77501e-5 0 -1 2.07772e-5 0 -1 3.88748e-5 5.50184e-6 -1 3.88749e-5 0 -1 7.7748e-5 0 -1 0 7.48561e-6 -1 -3.1167e-5 0 -1 3.70366e-5 0 -1 2.07777e-5 0 -1 -2.07776e-5 0 -1 3.88742e-5 2.32627e-5 -1 -1.0389e-5 0 -1 -4.15556e-5 0 -1 1.03889e-5 9.78021e-6 -1 0 9.71299e-6 -1 -3.88748e-5 8.23427e-6 -1 -2.56114e-5 1.05861e-5 -1 0 -2.24942e-5 1 -0.4714006 -0.8819192 -2.2079e-6 0.0980165 -0.9951848 -2.94389e-6 0.6343905 -0.7730127 -2.57587e-6 0.9569393 -0.2902883 -8.7395e-7 0.9569411 0.2902824 9.65955e-7 0.6343978 0.7730069 2.02389e-6 0.09801781 0.9951847 2.94386e-6 -0.4713948 0.8819223 3.31185e-6 -0.8819187 0.4714017 2.57587e-6 -0.9951858 -0.0980069 8.42322e-7 -0.7730144 -0.6343885 -7.35963e-7 -0.2902828 -0.956941 -1.8399e-6 0.2902819 -0.9569412 -2.94385e-6 0.7730131 -0.6343901 -1.65591e-6 0.9951846 -0.0980187 -3.0761e-7 0.8819195 0.4714 1.37992e-6 0.4713942 0.8819226 2.57585e-6 -0.09801506 0.995185 3.31841e-6 -0.6343905 0.7730128 3.31181e-6 -0.9569393 0.2902879 2.06987e-6 -0.9569397 -0.2902871 1.37993e-7 -0.6343905 -0.7730128 -1.65591e-6 -0.09801679 -0.9951848 -3.67981e-6 0.4713926 -0.8819236 -2.94383e-6 0.8819215 -0.4713963 -1.28793e-6 0.9951846 0.09801852 3.19108e-7 0.7730144 0.6343885 2.02389e-6 0.2902846 0.9569404 2.57586e-6 -0.2902824 0.9569411 3.61197e-6 -0.7730131 0.6343901 2.74186e-6 -0.9951857 0.09800761 1.43539e-6 0.7730004 -0.6344055 -1.82612e-6 -2.03533e-5 -1.63494e-6 1 0 -3.05877e-6 1 -2.22615e-5 -3.45161e-6 1 0 -2.68105e-6 1 -4.4803e-6 0 1 4.07061e-5 -2.07819e-5 1 1.79212e-5 -8.18296e-6 1 -5.08834e-6 -3.45161e-6 1 -1.27208e-5 -3.05877e-6 1 -1.01766e-5 0 1 8.96063e-6 0 1 1.01764e-5 -2.2003e-6 1 -3.56184e-5 -3.31896e-6 1 1.78091e-5 -3.31898e-6 1 1.5265e-5 -2.20027e-6 1 -2.78365e-6 0 1 2.5441e-6 -3.05878e-6 1 0 -3.45162e-6 1 0 -2.68104e-6 1 4.4803e-6 0 1 -5.08828e-6 0 1 4.07067e-5 -2.68103e-6 1 -1.79212e-5 -3.45161e-6 1 1.01766e-5 0 1 -5.08829e-6 -3.3999e-7 1 1.78091e-5 -3.31896e-6 1 0 -3.31897e-6 1 -1.79213e-5 -8.23424e-6 1 0.9951834 -0.0980314 -4.99129e-7 0.881923 0.4713937 1.62145e-6 0.4714006 0.8819193 2.83498e-6 -0.0980159 0.9951849 3.1418e-6 -0.6344034 0.7730023 2.49918e-6 -0.9569452 0.2902687 1.04205e-6 -0.9569378 -0.2902934 -1.17985e-6 -0.6343902 -0.773013 -2.32954e-6 -0.09801697 -0.9951848 -3.10604e-6 0.4714003 -0.8819195 -2.84728e-6 0.8819247 -0.4713904 -1.29086e-6 0.9951855 0.09800946 4.98239e-7 0.7730038 0.6344014 1.83071e-6 0.2902844 0.9569405 3.0525e-6 -0.2902751 0.9569433 2.8918e-6 -0.7730138 0.6343892 2.0975e-6 -0.9951834 0.09803211 4.50736e-7 -0.8819215 -0.4713964 -1.73154e-6 -0.4713971 -0.8819212 -2.89184e-6 0.09801799 -0.9951847 -3.08823e-6 0.6343981 -0.7730066 -2.54983e-6 0.9569377 -0.2902936 -7.2078e-7 0.9569377 0.2902932 1.09285e-6 0.634397 0.7730074 2.28438e-6 0.09801536 0.995185 3.10607e-6 -0.4713962 0.8819216 2.63301e-6 -0.8819097 0.4714184 1.20939e-6 -0.9951843 -0.09802311 -1.58985e-7 -0.7730108 -0.634393 -2.17335e-6 -0.2902872 -0.9569396 -3.08823e-6 0.2902854 -0.9569402 -2.94151e-6 -0.9197673 -0.01416099 0.3922088 0.9984632 -0.006881654 0.05498886 -0.9712309 -0.006673872 0.2380459 -0.98536 -0.004197239 0.1704354 0.9867884 -0.01132136 0.1616185 -0.9853574 -0.004197716 0.1704502 0.9982593 -0.00701183 0.05856138 -0.2298412 -0.04300552 0.9722775 0.9197703 0.01415866 0.3922017 -0.9984631 0.006881296 0.05499196 0.97123 0.006672322 0.23805 0.9853591 0.004196465 0.1704402 -0.9867889 0.01132005 0.1616159 0.9853574 0.004196763 0.1704502 -0.9982594 0.007011473 0.05855828 0.2298505 0.04299789 0.9722757 0.2339911 9.61132e-6 -0.9722388 0 -1 -3.05348e-6 -0.1941131 0 0.9809792 0 1 3.05663e-6 1 0 -1.91661e-7 -0.1452526 -0.3115125 -0.9390749 -0.9063078 0.4226185 1.4987e-6 0.1339319 0.2872272 0.9484529 0.906308 -0.4226178 -1.36538e-6 0.4226167 0.9063085 2.70186e-6 -0.4226135 -0.9063101 -2.66232e-6 -0.1452847 0.3115162 -0.9390687 0.9063081 0.4226177 1.26206e-6 0.1339344 -0.2872354 0.94845 -0.9063075 -0.4226191 -1.20521e-6 0.4226171 -0.9063083 -2.79469e-6 -0.4226163 0.9063087 2.80339e-6</float_array>
          <technique_common>
            <accessor source="#Cylinder_005-mesh-normals-array" count="1151" stride="3">
              <param name="X" type="float"/>
              <param name="Y" type="float"/>
              <param name="Z" type="float"/>
            </accessor>
          </technique_common>
        </source>
        <source id="Cylinder_005-mesh-map-0">
          <float_array id="Cylinder_005-mesh-map-0-array" count="10824">0.1404489 0.780141 0.0276277 0.7608025 0.1404498 0.7805171 0.02658212 0.2389522 0.02650099 0.1984524 0.02658212 0.2389522 0.02678847 0.3415119 0.02666407 0.2794529 0.02678847 0.3415119 0.02686893 0.3817403 0.02678847 0.3415119 0.02686893 0.3817403 0.02666407 0.2794529 0.02658212 0.2389522 0.02666407 0.2794529 0.02711081 0.5024268 0.02718192 0.537943 0.02720147 0.5477315 0.02731239 0.6030706 0.02734315 0.6184002 0.02742487 0.6592099 0.02686893 0.3817403 0.02694958 0.4219688 0.02694958 0.4219688 0.02703016 0.4621993 0.02694958 0.4219688 0.02703016 0.4621993 0.02711081 0.5024268 0.02703016 0.4621993 0.02711081 0.5024268 0.02742487 0.6592099 0.02751439 0.7038956 0.02754724 0.7203342 0.02720147 0.5477315 0.02725315 0.5734573 0.02731239 0.6030706 0.02754724 0.7203342 0.02758616 0.7401447 0.0275985 0.7462499 0.0275985 0.7462499 0.0276277 0.7608025 0.02762693 0.7604519 0.1404489 0.7797622 0.02762693 0.7604519 0.1404489 0.780141 0.02650099 0.1984524 0.02658212 0.2389522 0.02658212 0.2389522 0.02666407 0.2794529 0.02678847 0.3415119 0.02678847 0.3415119 0.02678847 0.3415119 0.02686893 0.3817403 0.02686893 0.3817403 0.02658212 0.2389522 0.02666407 0.2794529 0.02666407 0.2794529 0.0272212 0.5575189 0.02711081 0.5024268 0.02720147 0.5477315 0.0273717 0.6326836 0.02742487 0.6592099 0.0275067 0.7000176 0.02686893 0.3817403 0.02694958 0.4219688 0.02694958 0.4219688 0.02703016 0.4621993 0.02694958 0.4219688 0.02703016 0.4621993 0.02711081 0.5024268 0.02703016 0.4621993 0.02711081 0.5024268 0.0275067 0.7000176 0.02754724 0.7203342 0.02758038 0.7367711 0.0272212 0.5575189 0.02731239 0.6030706 0.0273717 0.6326836 0.02758038 0.7367711 0.0275985 0.7462499 0.02761059 0.752355 0.02761059 0.752355 0.02762693 0.7604519 0.02762609 0.7601004 0.8219954 0.01046115 0.8848573 0.02343624 0.8220255 0.02540504 0.8865695 0.8783058 0.823798 0.9103093 0.8237329 0.8778019 0.8849853 0.08734983 0.8220255 0.02540767 0.8221532 0.08913612 0.8221532 0.08913612 0.8851131 0.1512653 0.822281 0.1528658 0.8853092 0.2492026 0.822281 0.1528658 0.822476 0.2505215 0.822281 0.1528658 0.8853092 0.2492026 0.822476 0.2505215 0.8226031 0.313825 0.8855637 0.3761786 0.8227301 0.3771281 0.8220255 0.02540504 0.8849853 0.08734983 0.8221532 0.08913612 0.8854365 0.3126912 0.822476 0.2505215 0.8226031 0.313825 0.8856908 0.439666 0.8227301 0.3771281 0.822857 0.4404316 0.822857 0.4404316 0.8858178 0.5031536 0.8229842 0.5037341 0.8851131 0.1512653 0.8221532 0.08913612 0.822281 0.1528658 0.8231579 0.5904247 0.8858178 0.5031536 0.8229842 0.5037341 0.8859302 0.559201 0.823208 0.6155065 0.823096 0.5596197 0.823607 0.8146574 0.8862302 0.7087152 0.8233945 0.7087026 0.8855637 0.3761786 0.8226031 0.313825 0.8227301 0.3771281 0.8233945 0.7087026 0.8859925 0.590095 0.8231579 0.5904247 0.8227301 0.3771281 0.8856908 0.439666 0.822857 0.4404316 0.822476 0.2505215 0.8854365 0.3126912 0.8226031 0.313825 0.8229842 0.5037341 0.8856908 0.439666 0.822857 0.4404316 0.8229842 0.5037341 0.8859302 0.559201 0.823096 0.5596197 0.886043 0.6152487 0.8233498 0.6862275 0.823208 0.6155065 0.8237228 0.8724928 0.8864429 0.8149788 0.823607 0.8146574 0.8861851 0.686176 0.8236193 0.8207613 0.8233498 0.6862275 0.8237714 0.8970138 0.8865591 0.8729833 0.8237228 0.8724928 0.8237958 0.9092047 0.8866083 0.897575 0.8237714 0.8970138 0.8864554 0.821102 0.8237329 0.8778019 0.8236193 0.8207613 0.8848573 0.02343624 0.8219954 0.01046115 0.8220255 0.02540767 0.8237329 0.8778019 0.8236193 0.8207613 0.8236193 0.8207613 0.8233945 0.7087026 0.823607 0.8146574 0.823607 0.8146574 0.02648186 0.1889548 0.1392382 0.1754651 0.02650099 0.1984524 0.1404051 0.7582928 0.0276277 0.7608025 0.02758616 0.7401447 0.02650099 0.1984524 0.1393256 0.2190397 0.1392382 0.1754651 0.02658212 0.2389522 0.1394128 0.2626158 0.02666407 0.2794529 0.1395466 0.3293879 0.02666407 0.2794529 0.02678847 0.3415119 0.02666407 0.2794529 0.1395466 0.3293879 0.02678847 0.3415119 0.02686893 0.3817403 0.1397199 0.4159545 0.02694958 0.4219688 0.02650099 0.1984524 0.1393256 0.2190397 0.02658212 0.2389522 0.1396331 0.3726707 0.02678847 0.3415119 0.02686893 0.3817403 0.1398067 0.4592404 0.02694958 0.4219688 0.02703016 0.4621993 0.02703016 0.4621993 0.1398935 0.5025231 0.02711081 0.5024268 0.1394128 0.2626158 0.02658212 0.2389522 0.02666407 0.2794529 0.0272212 0.5575189 0.1398935 0.5025231 0.02711081 0.5024268 0.13997 0.5407339 0.02725315 0.5734573 0.02718192 0.537943 0.0275067 0.7000176 0.1401741 0.6426684 0.0273717 0.6326836 0.1397199 0.4159545 0.02686893 0.3817403 0.02694958 0.4219688 0.0273717 0.6326836 0.1400122 0.561798 0.0272212 0.5575189 0.02694958 0.4219688 0.1398067 0.4592404 0.02703016 0.4621993 0.02678847 0.3415119 0.1396331 0.3726707 0.02686893 0.3817403 0.1398935 0.5025231 0.02703016 0.4621993 0.02711081 0.5024268 0.1398935 0.5025231 0.02718192 0.537943 0.02711081 0.5024268 0.1400465 0.5789462 0.02734315 0.6184002 0.02725315 0.5734573 0.02758038 0.7367711 0.1403194 0.7151169 0.0275067 0.7000176 0.1401433 0.6273017 0.02751439 0.7038956 0.02734315 0.6184002 0.02761059 0.752355 0.1403986 0.7546613 0.02758038 0.7367711 0.02762609 0.7601004 0.1404315 0.7714282 0.02761059 0.752355 0.1403277 0.7192907 0.02758616 0.7401447 0.02751439 0.7038956 0.1392382 0.1754651 0.02648186 0.1889548 0.02650099 0.1984524 0.8231579 0.5904247 0.8233945 0.7087026 0.8233945 0.7087026 0.8237966 0.9097556 0.886635 0.9109091 0.886634 0.9103539 0.1392176 0.165246 0.8220255 0.02540504 0.1392382 0.1754651 0.1393256 0.2190397 0.822281 0.1528658 0.1394128 0.2626158 0.1392382 0.1754651 0.8221532 0.08913612 0.1393256 0.2190397 0.8237228 0.8724928 0.8237714 0.8970138 0.8237714 0.8970138 0.1396331 0.3726707 0.8227301 0.3771281 0.1397199 0.4159545 0.822281 0.1528658 0.1393256 0.2190397 0.1394128 0.2626158 0.823607 0.8146574 0.8237228 0.8724928 0.8237228 0.8724928 0.1394128 0.2626158 0.822476 0.2505215 0.1395466 0.3293879 0.8229842 0.5037341 0.1398067 0.4592404 0.1398935 0.5025231 0.823208 0.6155065 0.8231579 0.5904247 0.8231579 0.5904247 0.1397199 0.4159545 0.822857 0.4404316 0.1398067 0.4592404 0.823798 0.9103093 0.8237329 0.8778019 0.8237329 0.8778019 0.822476 0.2505215 0.1394128 0.2626158 0.1395466 0.3293879 0.8236193 0.8207613 0.8233498 0.6862275 0.8233498 0.6862275 0.8237958 0.9092047 0.886634 0.9103539 0.8866327 0.9098005 0.823096 0.5596197 0.1400465 0.5789462 0.13997 0.5407339 0.1398067 0.4592404 0.8229842 0.5037341 0.1398935 0.5025231 0.8233498 0.6862275 0.823208 0.6155065 0.823208 0.6155065 0.8227301 0.3771281 0.1396331 0.3726707 0.1397199 0.4159545 0.8237966 0.9097556 0.823798 0.9103093 0.823798 0.9103093 0.8237329 0.8778019 0.823798 0.9103093 0.8237966 0.9097556 0.8237329 0.8778019 0.8237966 0.9097556 0.8237714 0.8970138 0.8237329 0.8778019 0.8237714 0.8970138 0.8237228 0.8724928 0.8236193 0.8207613 0.8237329 0.8778019 0.8237228 0.8724928 0.8236193 0.8207613 0.8237228 0.8724928 0.823607 0.8146574 0.8236193 0.8207613 0.823607 0.8146574 0.8233498 0.6862275 0.823607 0.8146574 0.8233945 0.7087026 0.8233498 0.6862275 0.8233945 0.7087026 0.8231579 0.5904247 0.8233498 0.6862275 0.8231579 0.5904247 0.823208 0.6155065 0.8233498 0.6862275 0.8229842 0.5037341 0.13997 0.5407339 0.1398935 0.5025231 0.8237714 0.8970138 0.8237966 0.9097556 0.8237966 0.9097556 0.8221532 0.08913612 0.1392382 0.1754651 0.1393256 0.2190397 0.1395466 0.3293879 0.8226031 0.313825 0.1396331 0.3726707 0.8226031 0.313825 0.1395466 0.3293879 0.1396331 0.3726707 0.8220255 0.02540767 0.1392176 0.165246 0.1392382 0.1754651 0.822857 0.4404316 0.1397199 0.4159545 0.1398067 0.4592404 0.1404489 0.780141 0.1404498 0.7805171 0.1404051 0.7582928 0.1404489 0.7797622 0.1404489 0.780141 0.1404051 0.7582928 0.1404489 0.7797622 0.1404051 0.7582928 0.1404315 0.7714282 0.1404051 0.7582928 0.1403986 0.7546613 0.1404315 0.7714282 0.1404051 0.7582928 0.1403277 0.7192907 0.1403986 0.7546613 0.1403277 0.7192907 0.1403194 0.7151169 0.1403986 0.7546613 0.1403277 0.7192907 0.1401433 0.6273017 0.1403194 0.7151169 0.1401433 0.6273017 0.1401741 0.6426684 0.1403194 0.7151169 0.1401433 0.6273017 0.1400122 0.561798 0.1401741 0.6426684 0.1401433 0.6273017 0.1400465 0.5789462 0.1400122 0.561798 0.8231579 0.5904247 0.1400465 0.5789462 0.823208 0.6155065 0.1400122 0.561798 0.8229842 0.5037341 0.1398935 0.5025231 0.782352 0.5265905 0.7823529 0.5270999 0.782293 0.4971266 0.7823285 0.5148414 0.782352 0.5265905 0.782293 0.4971266 0.7822843 0.4922308 0.7823285 0.5148414 0.782293 0.4971266 0.7821884 0.4445275 0.7822843 0.4922308 0.782293 0.4971266 0.7821884 0.4445275 0.7821773 0.4389016 0.7822843 0.4922308 0.7821884 0.4445275 0.7819402 0.320474 0.7821773 0.4389016 0.7819402 0.320474 0.7819817 0.3411988 0.7821773 0.4389016 0.7819402 0.320474 0.7817631 0.2321344 0.7819817 0.3411988 0.7819402 0.320474 0.7818093 0.255261 0.7817631 0.2321344 0.7819402 0.320474 0.7818093 0.255261 0.7818093 0.255261 0.7819817 0.3411988 0.7817631 0.2321344 0.7819817 0.3411988 0.782293 0.4971266 0.7821884 0.4445275 0.7821884 0.4445275 0.7821773 0.4389016 0.7819817 0.3411988 0.7821773 0.4389016 0.7822843 0.4922308 0.7823285 0.5148414 0.7823285 0.5148414 0.7823529 0.5270999 0.782293 0.4971266 0.782293 0.4971266 0.7822843 0.4922308 0.7821773 0.4389016 0.7822843 0.4922308 0.7818093 0.255261 0.7817631 0.2321344 0.7817631 0.2321344 0.7821884 0.4445275 0.7819402 0.320474 0.7819402 0.320474 0.782352 0.5265905 0.7823529 0.5270999 0.7823529 0.5270999 0.7823285 0.5148414 0.782352 0.5265918 0.782352 0.5265905 0.09528344 0.3940198 0.09532773 0.4161501 0.09532696 0.4157751 0.09528344 0.3940198 0.09532696 0.4157751 0.09530955 0.4070991 0.09528344 0.3940198 0.09530955 0.4070991 0.09527748 0.3904058 0.09520679 0.3551886 0.09528344 0.3940198 0.09527748 0.3904058 0.09520679 0.3551886 0.09527748 0.3904058 0.09519857 0.3510329 0.09520679 0.3551886 0.09519857 0.3510329 0.09502345 0.2636002 0.09519857 0.3510329 0.09505409 0.2788995 0.09502345 0.2636002 0.09505409 0.2788995 0.09489268 0.1983784 0.09502345 0.2636002 0.09489268 0.1983784 0.09492695 0.2154539 0.09502345 0.2636002 0.7818093 0.255261 0.09502345 0.2636002 0.09492695 0.2154539 0.7817631 0.2321344 0.09505409 0.2788995 0.7819817 0.3411988 0.7817631 0.2321344 0.09492695 0.2154539 0.09489268 0.1983784 0.8188487 0.8291314 0.9315893 0.8081024 0.8188496 0.8295075 0.9305437 0.286252 0.9304623 0.2457522 0.9305437 0.286252 0.9307487 0.3888097 0.9306245 0.3267529 0.9307487 0.3888116 0.9308292 0.4290402 0.9307487 0.3888116 0.9308292 0.4290402 0.9306245 0.3267529 0.9305437 0.286252 0.9306245 0.3267529 0.9310711 0.5497266 0.9311422 0.5852429 0.9311618 0.5950314 0.9312725 0.6503706 0.9313032 0.6656998 0.9313856 0.7065097 0.9308292 0.4290402 0.93091 0.4692687 0.93091 0.4692687 0.9309903 0.5094993 0.93091 0.4692687 0.9309903 0.5094993 0.9310711 0.5497266 0.9309903 0.5094993 0.9310711 0.5497266 0.9313856 0.7065097 0.9314745 0.7511953 0.9315078 0.7676337 0.9311618 0.5950314 0.9312133 0.6207571 0.9312725 0.6503706 0.9315078 0.7676337 0.9315483 0.7874446 0.9315603 0.7935497 0.9315603 0.7935497 0.9315893 0.8081024 0.9315891 0.8077518 0.8188479 0.8287526 0.9315891 0.8077518 0.8188487 0.8291314 0.9304623 0.2457522 0.9305437 0.286252 0.9305437 0.286252 0.9306245 0.3267529 0.9307487 0.3888097 0.9307487 0.3888097 0.9307487 0.3888097 0.9308292 0.4290402 0.9308292 0.4290402 0.9305437 0.286252 0.9306245 0.3267529 0.9306245 0.3267529 0.9311817 0.6048185 0.9310711 0.5497266 0.9311618 0.5950314 0.9313322 0.6799831 0.9313856 0.7065097 0.9314669 0.7473173 0.9308292 0.4290402 0.93091 0.4692687 0.93091 0.4692687 0.9309903 0.5094993 0.93091 0.4692687 0.9309903 0.5094993 0.9310711 0.5497266 0.9309903 0.5094993 0.9310711 0.5497266 0.9314669 0.7473173 0.9315078 0.7676337 0.9315407 0.784071 0.9311817 0.6048185 0.9312725 0.6503706 0.9313322 0.6799831 0.9315407 0.784071 0.9315603 0.7935497 0.9315728 0.7996549 0.9315728 0.7996549 0.9315891 0.8077518 0.9315884 0.8074002 0.1342391 0.06968981 0.07143139 0.08360683 0.1342689 0.08463382 0.07314443 0.9384765 0.1360425 0.9695382 0.1359773 0.9370308 0.07155936 0.1475203 0.1342689 0.0846365 0.1343965 0.1483649 0.1343971 0.1483649 0.07168698 0.2114359 0.1345243 0.2120946 0.07188397 0.3093732 0.1345243 0.2120946 0.1347202 0.3097504 0.1345243 0.2120946 0.07188397 0.3093732 0.1347202 0.309748 0.1348466 0.3730538 0.07213795 0.4363493 0.1349737 0.4363569 0.1342689 0.08463382 0.07155936 0.1475203 0.1343971 0.1483649 0.07201075 0.3728618 0.1347202 0.3097504 0.1348466 0.3730538 0.07226526 0.4998366 0.1349737 0.4363569 0.1351003 0.4996603 0.1351003 0.4996603 0.07239258 0.5633243 0.1352272 0.562963 0.07168698 0.2114359 0.1343965 0.1483649 0.1345243 0.2120946 0.1354008 0.6496534 0.07239258 0.5633243 0.1352272 0.562963 0.07250475 0.6193714 0.1354513 0.6747351 0.1353393 0.6188484 0.1358502 0.8738861 0.07280397 0.7688856 0.1356379 0.7679315 0.07213795 0.4363493 0.1348466 0.3730538 0.1349737 0.4363569 0.1356379 0.7679315 0.07256621 0.6502655 0.1354008 0.6496534 0.1349737 0.4363569 0.07226526 0.4998366 0.1351003 0.4996603 0.1347202 0.309748 0.07201075 0.3728618 0.1348466 0.3730538 0.1352272 0.562963 0.07226526 0.4998366 0.1351003 0.4996603 0.1352272 0.562963 0.07250475 0.6193714 0.1353393 0.6188484 0.07261675 0.6754193 0.1355926 0.7454563 0.1354513 0.6747351 0.1359661 0.9317214 0.07301676 0.8751494 0.1358502 0.8738861 0.07275873 0.7463466 0.1358621 0.8799901 0.1355926 0.7454563 0.1360157 0.9562425 0.07313311 0.9331538 0.1359661 0.9317214 0.1360397 0.9684332 0.07318305 0.9577457 0.1360157 0.9562425 0.07302922 0.8812723 0.1359773 0.9370308 0.1358621 0.8799901 0.07143139 0.08360683 0.1342391 0.06968981 0.1342689 0.0846365 0.1359773 0.9370308 0.1358621 0.8799901 0.1358621 0.8799901 0.1356379 0.7679315 0.1358502 0.8738861 0.1358502 0.8738861 0.9304437 0.2362532 0.8176375 0.2244554 0.9304623 0.2457522 0.8188052 0.8072806 0.9315893 0.8081024 0.9315483 0.7874446 0.8177247 0.2680301 0.9304623 0.2457522 0.9305437 0.286252 0.9305437 0.286252 0.8178116 0.311606 0.9306245 0.3267529 0.8179453 0.3783782 0.9306245 0.3267529 0.9307487 0.3888097 0.9306245 0.3267529 0.8179453 0.3783782 0.9307487 0.3888116 0.9308292 0.4290402 0.8181193 0.4649449 0.93091 0.4692687 0.9304623 0.2457522 0.8177247 0.2680301 0.9305437 0.286252 0.8180321 0.4216609 0.9307487 0.3888097 0.9308292 0.4290402 0.8182056 0.5082305 0.93091 0.4692687 0.9309903 0.5094993 0.9309903 0.5094993 0.8182919 0.5515131 0.9310711 0.5497266 0.8178116 0.311606 0.9305437 0.286252 0.9306245 0.3267529 0.9311817 0.6048185 0.8182919 0.5515131 0.9310711 0.5497266 0.8183686 0.5897241 0.9312133 0.6207571 0.9311422 0.5852429 0.9314669 0.7473173 0.8185727 0.6916587 0.9313322 0.6799831 0.8181193 0.4649449 0.9308292 0.4290402 0.93091 0.4692687 0.9313322 0.6799831 0.8184108 0.6107882 0.9311817 0.6048185 0.93091 0.4692687 0.8182056 0.5082291 0.9309903 0.5094993 0.9307487 0.3888116 0.8180321 0.4216609 0.9308292 0.4290402 0.8182919 0.5515131 0.9309903 0.5094993 0.9310711 0.5497266 0.8182919 0.5515131 0.9311422 0.5852429 0.9310711 0.5497266 0.8184449 0.6279363 0.9313032 0.6656998 0.9312133 0.6207571 0.9315407 0.784071 0.8187175 0.7641069 0.9314669 0.7473173 0.8185423 0.6762918 0.9314745 0.7511953 0.9313032 0.6656998 0.9315728 0.7996549 0.8187968 0.8036517 0.9315407 0.784071 0.9315884 0.8074002 0.8188316 0.8204187 0.9315728 0.7996549 0.8187264 0.768281 0.9315483 0.7874446 0.9314745 0.7511953 0.8176375 0.2244554 0.9304437 0.2362532 0.9304623 0.2457522 0.1354008 0.6496534 0.1356379 0.7679315 0.1356379 0.7679315 0.1360412 0.9689846 0.07320976 0.9710797 0.07320863 0.9705244 0.8176169 0.2142363 0.1342689 0.08463382 0.8176375 0.2244554 0.8177247 0.2680301 0.1345243 0.2120946 0.8178116 0.311606 0.8176375 0.2244554 0.1343971 0.1483649 0.8177247 0.2680301 0.1359661 0.9317214 0.1360157 0.9562425 0.1360157 0.9562425 0.8180321 0.4216609 0.1349737 0.4363569 0.8181193 0.4649449 0.1345243 0.2120946 0.8177247 0.2680301 0.8178116 0.311606 0.1358502 0.8738861 0.1359661 0.9317214 0.1359661 0.9317214 0.8178116 0.311606 0.1347202 0.309748 0.8179453 0.3783782 0.1352272 0.562963 0.8182056 0.5082305 0.8182919 0.5515131 0.1354513 0.6747351 0.1354008 0.6496534 0.1354008 0.6496534 0.8181193 0.4649449 0.1351003 0.4996603 0.8182056 0.5082291 0.1360425 0.9695382 0.1359773 0.9370308 0.1359773 0.9370308 0.1347202 0.3097504 0.8178116 0.311606 0.8179453 0.3783782 0.1358621 0.8799901 0.1355926 0.7454563 0.1355926 0.7454563 0.1360397 0.9684332 0.07320863 0.9705244 0.07320737 0.9699708 0.1353393 0.6188484 0.8184449 0.6279363 0.8183686 0.5897241 0.8182056 0.5082291 0.1352272 0.562963 0.8182919 0.5515131 0.1355926 0.7454563 0.1354513 0.6747351 0.1354513 0.6747351 0.1349737 0.4363569 0.8180321 0.4216609 0.8181193 0.4649449 0.1360412 0.9689846 0.1360425 0.9695382 0.1360425 0.9695382 0.1359773 0.9370308 0.1360425 0.9695382 0.1360412 0.9689846 0.1359773 0.9370308 0.1360412 0.9689846 0.1360157 0.9562425 0.1359773 0.9370308 0.1360157 0.9562425 0.1359661 0.9317214 0.1358621 0.8799901 0.1359773 0.9370308 0.1359661 0.9317214 0.1358621 0.8799901 0.1359661 0.9317214 0.1358502 0.8738861 0.1358621 0.8799901 0.1358502 0.8738861 0.1355926 0.7454563 0.1358502 0.8738861 0.1356379 0.7679315 0.1355926 0.7454563 0.1356379 0.7679315 0.1354008 0.6496534 0.1355926 0.7454563 0.1354008 0.6496534 0.1354513 0.6747351 0.1355926 0.7454563 0.1352272 0.562963 0.8183686 0.5897241 0.8182919 0.5515131 0.1360157 0.9562425 0.1360412 0.9689846 0.1360412 0.9689846 0.1343965 0.1483649 0.8176375 0.2244554 0.8177247 0.2680301 0.8179453 0.3783782 0.1348466 0.3730538 0.8180321 0.4216609 0.1348466 0.3730538 0.8179453 0.3783782 0.8180321 0.4216609 0.1342689 0.0846365 0.8176169 0.2142363 0.8176375 0.2244554 0.1351003 0.4996603 0.8181193 0.4649449 0.8182056 0.5082305 0.8188487 0.8291314 0.8188496 0.8295075 0.8188052 0.8072806 0.8188479 0.8287526 0.8188487 0.8291314 0.8188052 0.8072806 0.8188479 0.8287526 0.8188052 0.8072806 0.8188316 0.8204187 0.8188052 0.8072806 0.8187968 0.8036517 0.8188316 0.8204187 0.8188052 0.8072806 0.8187264 0.768281 0.8187968 0.8036517 0.8187264 0.768281 0.8187175 0.7641069 0.8187968 0.8036517 0.8187264 0.768281 0.8185423 0.6762918 0.8187175 0.7641069 0.8185423 0.6762918 0.8185727 0.6916587 0.8187175 0.7641069 0.8185423 0.6762918 0.8184108 0.6107882 0.8185727 0.6916587 0.8185423 0.6762918 0.8184449 0.6279363 0.8184108 0.6107882 0.1354008 0.6496534 0.8184449 0.6279363 0.1354513 0.6747351 0.8184108 0.6107882 0.1352272 0.562963 0.8182919 0.5515131 0.1368148 0.641125 0.136816 0.6416399 0.1367551 0.611344 0.1367912 0.6292495 0.1368148 0.641125 0.1367551 0.611344 0.1367446 0.6063956 0.1367912 0.6292495 0.1367551 0.611344 0.1366482 0.5581784 0.1367446 0.6063956 0.1367551 0.611344 0.1366482 0.5581784 0.1366366 0.5524922 0.1367446 0.6063956 0.1366482 0.5581784 0.1363968 0.4327893 0.1366366 0.5524922 0.1363968 0.4327893 0.1364387 0.4537371 0.1366366 0.5524922 0.1363968 0.4327893 0.136218 0.3434986 0.1364387 0.4537371 0.1363968 0.4327893 0.1362647 0.3668741 0.136218 0.3434986 0.1363968 0.4327893 0.1362647 0.3668741 0.1362647 0.3668741 0.1364387 0.4537371 0.136218 0.3434986 0.1364387 0.4537371 0.1367551 0.611344 0.1366482 0.5581784 0.1366482 0.5581784 0.1366366 0.5524922 0.1364387 0.4537371 0.1366366 0.5524922 0.1367446 0.6063956 0.1367912 0.6292495 0.1367912 0.6292495 0.136816 0.6416399 0.1367551 0.611344 0.1367551 0.611344 0.1367446 0.6063956 0.1366366 0.5524922 0.1367446 0.6063956 0.1362647 0.3668741 0.136218 0.3434986 0.136218 0.3434986 0.1366482 0.5581784 0.1363968 0.4327893 0.1363968 0.4327893 0.1368148 0.641125 0.136816 0.6416399 0.136816 0.6416399 0.1367912 0.6292495 0.1368148 0.641125 0.1368148 0.641125 0.8307236 0.4967216 0.8307683 0.5190905 0.8307673 0.5187113 0.8307236 0.4967216 0.8307673 0.5187113 0.8307499 0.5099423 0.8307236 0.4967216 0.8307499 0.5099423 0.8307151 0.493069 0.8306439 0.4574727 0.8307236 0.4967216 0.8307151 0.493069 0.8306439 0.4574727 0.8307151 0.493069 0.8306356 0.4532724 0.8306439 0.4574727 0.8306356 0.4532724 0.8304584 0.3648977 0.8306356 0.4532724 0.8304895 0.3803622 0.8304584 0.3648977 0.8304895 0.3803622 0.8303266 0.298974 0.8304584 0.3648977 0.8303266 0.298974 0.830361 0.3162322 0.8304584 0.3648977 0.1362647 0.3668741 0.8304584 0.3648977 0.830361 0.3162322 0.136218 0.3434986 0.8304895 0.3803622 0.1364387 0.4537371 0.136218 0.3434986 0.830361 0.3162322 0.8303266 0.298974 0 0 0 0 0 0 0 0 0 0 0 0 0 0 0 0 0 0 0 0 0 0 0 0 0 0 0 0 0 0 0 0 0 0 0 0 0 0 0 0 0 0 0 0 0 0 0 0 0 0 0 0 0 0 0 0 0 0 0 0 0 0 0 0 0 0 0 0 0 0 0 0 0 0 0 0 0 0 0 0 0 0 0 0 0 0 0 0 0 0 0 0 0 0 0 0 0 0 0 0 0 0 0 0 0 0 0 0 0 0 0 0 0 0 0 0 0 0 0 0 0 0 0 0 0 0 0 0 0 0 0 0 0 0 0 0 0 0 0 0 0 0 0 0 0 0 0 0 0 0 0 0 0 0 0 0 0 0 0 0 0 0 0 0 0 0 0 0 0 0 0 0 0 0 0 0 0 0 0 0 0 0 0 0 0 0 0 0 0 0 0 0 0 0 0 0 0 0 0 0 0 0 0 0 0 0 0 0 0 0 0 0 0 0 0 0 0 0 0 0 0 0 0 0 0 0 0 0 0 0 0 0 0 0 0 0 0 0 0 0 0 0 0 0 0 0 0 0 0 0 0 0 0 0 0 0 0 0 0 0 0 0 0 0 0 0 0 0 0 0 0 0 0 0 0 0 0 0 0 0 0 0 0 0 0 0 0 0 0 0 0 0 0 0 0 0 0 0 0 0 0 0 0 0 0 0 0 0 0 0 0 0 0 0 0 0 0 0 0 0 0 0 0 0 0 0 0 0 0 0 0 0 0 0 0 0 0 0 0 0 0 0 0 0 0 0 0 0 0 0 0 0 0 0 0 0 0 0 0 0 0 0 0 0 0 0 0 0 0 0 0 0 0 0 0 0 0 0 0 0 0 0 0 0 0 0 0 0 0 0 0 0 0 0 0 0 0 0 0 0 0 0 0 0 0 0 0 0 0 0 0 0 0 0 0 0 0 0 0 0 0 0 0 0 0 0 0 0 0 0 0 0 0 0 0 0 0 0 0 0 0 0 0 0 0 0 0 0 0 0 0 0 0 0 0 0 0 0 0 0 0 0 0 0 0 0 0 0 0 0 0 0 0 0 0 0 0 0 0 0 0 0 0 0 0 0 0 0 0 0 0 0 0 0 0 0 0 0 0 0 0 0 0 0 0 0 0 0 0 0 0 0 0 0 0 0 0 0 0 0 0 0 0 0 0 0 0 0 0 0 0 0 0 0 0 0 0 0 0 0 0 0 0 0 0 0 0 0 0 0 0 0 0 0 0 0 0 0 0 0 0 0 0 0 0 0 0 0 0 0 0 0 0 0 0 0 0 0 0 0 0 0 0 0 0 0 0 0 0 0 0 0 0 0 0 0 0 0 0 0 0 0 0 0 0 0 0 0 0 0 0 0 0 0 0 0 0 0 0 0 0 0 0 0 0 0 0 0 0 0 0 0 0 0 0 0 0 0 0 0 0 0 0 0 0 0 0 0 0 0 0 0 0 0 0 0 0 0 0 0 0 0 0 0 0 0 0 0 0 0 0 0 0 0 0 0 0 0 0 0 0 0 0 0 0 0 0 0 0 0 0 0 0 0 0 0 0 0 0 0 0 0 0 0 0 0 0 0 0 0 0 0 0 0 0 0 0 0 0 0 0 0 0 0 0 0 0 0 0 0 0 0 0 0 0 0 0 0 0 0 0 0 0 0 0 0 0 0 0 0 0 0 0 0 0 0 0 0 0 0 0 0 0 0 0 0 0 0 0 0 0 0 0 0 0 0 0 0 0 0 0 0 0 0 0 0 0 0 0 0 0 0 0 0 0 0 0 0 0 0 0 0 0 0 0 0 0 0 0 0 0 0 0 0 0 0 0 0 0 0 0 0 0 0 0 0 0 0 0 0 0 0 0 0 0 0 0 0 0 0 0 0 0 0 0 0 0 0 0 0 0 0 0 0 0 0 0 0 0 0 0 0 0 0 0 0 0 0 0 0 0 0 0 0 0 0 0 0 0 0 0 0 0 0 0 0 0 0 0 0 0 0 0 0 0 0 0 0 0 0 0 0 0 0 0 0 0 0 0 0 0 0 0 0 0 0 0 0 0 0 0 0 0 0 0 0 0 0 0 0 0 0 0 0 0 0 0 0 0 0 0 0 0 0 0 0 0 0 0 0 0 0 0 0 0 0 0 0 0 0 0 0 0 0 0 0 0 0 0 0 0 0 0 0 0 0 0 0 0 0 0 0 0 0 0 0 0 0 0 0 0 0 0 0 0 0 0 0 0 0 0 0 0 0 0 0 0 0 0 0 0 0 0 0 0 0 0 0 0 0 0 0 0 0 0 0 0 0 0 0 0 0 0 0 0 0 0 0 0 0 0 0 0 0 0 0 0 0 0 0 0 0 0 0 0 0 0 0 0 0 0 0 0 0 0 0 0 0 0 0 0 0 0 0 0 0 0 0 0 0 0 0 0 0 0 0 0 0 0 0 0 0 0 0 0 0 0 0 0 0 0 0 0 0 0 0 0 0 0 0 0 0 0 0 0 0 0 0 0 0 0 0 0 0 0 0 0 0 0 0 0 0 0 0 0 0 0 0 0 0 0 0 0 0 0 0 0 0 0 0 0 0 0 0 0 0 0 0 0 0 0 0 0 0 0 0 0 0 0 0 0 0 0 0 0 0 0 0 0 0 0 0 0 0 0 0 0 0 0 0 0 0 0 0 0 0 0 0 0 0 0 0 0 0 0 0 0 0 0 0 0 0 0 0 0 0 0 0 0 0 0 0 0 0 0 0 0 0 0 0 0 0 0 0 0 0 0 0 0 0 0 0 0 0 0 0 0 0 0 0 0 0 0 0 0 0 0 0 0 0 0 0 0 0 0 0 0 0 0 0 0 0 0 0 0 0 0 0 0 0 0 0 0 0 0 0 0 0 0 0 0 0 0 0 0 0 0 0 0 0 0 0 0 0 0 0 0 0 0 0 0 0 0 0 0 0 0 0 0 0 0 0 0 0 0 0 0 0 0 0 0 0 0 0 0 0 0 0 0 0 0 0 0 0 0 0 0 0 0 0 0 0 0 0 0 0 0 0 0 0 0 0 0 0 0 0 0 0 0 0 0 0 0 0 0 0 0 0 0 0 0 0 0 0 0 0 0 0 0 0 0 0 0 0 0 0 0 0 0 0 0 0 0 0 0 0 0 0 0 0 0 0 0 0 0 0 0 0 0 0 0 0 0 0 0 0 0 0 0 0 0 0 0 0 0 0 0 0 0 0 0 0 0 0 0 0 0 0 0 0 0 0 0 0 0 0 0 0 0 0 0 0 0 0 0 0 0 0 0 0 0 0 0 0 0 0 0 0 0 0 0 0 0 0 0 0 0 0 0 0 0 0 0 0 0 0 0 0 0 0 0 0 0 0 0 0 0 0 0 0 0 0 0 0 0 0 0 0 0 0 0 0 0 0 0 0 0 0 0 0 0 0 0 0 0 0 0 0 0 0 0 0 0 0 0 0 0 0 0 0 0 0 0 0 0 0 0 0 0 0 0 0 0 0 0 0 0 0 0 0 0 0 0 0 0 0 0 0 0 0 0 0 0 0 0 0 0 0 0 0 0 0 0 0 0 0 0 0 0 0 0 0 0 0 0 0 0 0 0 0 0 0 0 0 0 0 0 0 0 0 0 0 0 0 0 0 0 0 0 0 0 0 0 0 0 0 0 0 0 0 0 0 0 0 0 0 0 0 0 0 0 0 0 0 0 0 0 0 0 0 0 0 0 0 0 0 0 0 0 0 0 0 0 0 0 0 0 0 0 0 0 0 0 0 0 0 0 0 0 0 0 0 0 0 0 0 0 0 0 0 0 0 0 0 0 0 0 0 0 0 0 0 0 0 0 0 0 0 0 0 0 0 0 0 0 0 0 0 0 0 0 0 0 0 0 0 0 0 0 0 0 0 0 0 0 0 0 0 0 0 0 0 0 0 0 0 0 0 0 0 0 0 0 0 0 0 0 0 0 0 0 0 0 0 0 0 0 0 0 0 0 0 0 0 0 0 0 0 0 0 0 0 0 0 0 0 0 0 0 0 0 0 0 0 0 0 0 0 0 0 0 0 0 0 0 0 0 0 0 0 0 0 0 0 0 0 0 0 0 0 0 0 0 0 0 0 0 0 0 0 0 0 0 0 0 0 0 0 0 0 0 0 0 0 0 0 0 0 0 0 0 0 0 0 0 0 0 0 0 0 0 0 0 0 0 0 0 0 0 0 0 0 0 0 0 0 0 0 0 0 0 0 0 0 0 0 0 0 0 0 0 0 0 0 0 0 0 0 0 0 0 0 0 0 0 0 0 0 0 0 0 0 0 0 0 0 0 0 0 0 0 0 0 0 0 0 0 0 0 0 0 0 0 0 0 0 0 0 0 0 0 0 0 0 0 0 0 0 0 0 0 0 0 0 0 0 0 0 0 0 0 0 0 0 0 0 0 0 0 0 0 0 0 0 0 0 0 0 0 0 0 0 0 0 0 0 0 0 0 0 0 0 0 0 0 0 0 0 0 0 0 0 0 0 0 0 0 0 0 0 0 0 0 0 0 0 0 0 0 0 0 0 0 0 0 0 0 0 0 0 0 0 0 0 0 0 0 0 0 0 0 0 0 0 0 0 0 0 0 0 0 0 0 0 0 0 0 0 0 0 0 0 0 0 0 0 0 0 0 0 0 0 0 0 0 0 0 0 0 0 0 0 0 0 0 0 0 0 0 0 0 0 0 0 0 0 0 0 0 0 0 0 0 0 0 0 0 0 0 0 0 0 0 0 0 0 0 0 0 0 0 0 0 0 0 0 0 0 0 0 0 0 0 0 0 0 0 0 0 0 0 0 0 0 0 0 0 0 0 0 0 0 0 0 0 0 0 0 0 0 0 0 0 0 0 0 0 0 0 0 0 0 0 0 0 0 0 0 0 0 0 0 0 0 0 0 0 0 0 0 0 0 0 0 0 0 0 0 0 0 0 0 0 0 0 0 0 0 0 0 0 0 0 0 0 0 0 0 0 0 0 0 0 0 0 0 0 0 0 0 0 0 0 0 0 0 0 0 0 0 0 0 0 0 0 0 0 0 0 0 0 0 0 0 0 0 0 0 0 0 0 0 0 0 0 0 0 0 0 0 0 0 0 0 0 0 0 0 0 0 0 0 0 0 0 0 0 0 0 0 0 0 0 0 0 0 0 0 0 0 0 0 0 0 0 0 0 0 0 0 0 0 0 0 0 0 0 0 0 0 0 0 0 0 0 0 0 0 0 0 0 0 0 0 0 0 0 0 0 0 0 0 0 0 0 0 0 0 0 0 0 0 0 0 0 0 0 0 0 0 0 0 0 0 0 0 0 0 0 0 0 0 0 0 0 0 0 0 0 0 0 0 0 0 0 0 0 0 0 0 0 0 0 0 0 0 0 0 0 0 0 0 0 0 0 0 0 0 0 0 0 0 0 0 0 0 0 0 0 0 0 0 0 0 0 0 0 0 0 0 0 0 0 0 0 0 0 0 0 0 0 0 0 0 0 0 0 0 0 0 0 0 0 0 0 0 0 0 0 0 0 0 0 0 0 0 0 0 0 0 0 0 0 0 0 0 0 0 0 0 0 0 0 0 0 0 0 0 0 0 0 0 0 0 0 0 0 0 0 0 0 0 0 0 0 0 0 0 0 0 0 0 0 0 0 0 0 0 0 0 0 0 0 0 0 0 0 0 0 0 0 0 0 0 0 0 0 0 0 0 0 0 0 0 0 0 0 0 0 0 0 0 0 0 0 0 0 0 0 0 0 0 0 0 0 0 0 0 0 0 0 0 0 0 0 0 0 0 0 0 0 0 0 0 0 0 0 0 0 0 0 0 0 0 0 0 0 0 0 0 0 0 0 0 0 0 0 0 0 0 0 0 0 0 0 0 0 0 0 0 0 0 0 0 0 0 0 0 0 0 0 0 0 0 0 0 0 0 0 0 0 0 0 0 0 0 0 0 0 0 0 0 0 0 0 0 0 0 0 0 0 0 0 0 0 0 0 0 0 0 0 0 0 0 0 0 0 0 0 0 0 0 0 0 0 0 0 0 0 0 0 0 0 0 0 0 0 0 0 0 0 0 0 0 0 0 0 0 0 0 0 0 0 0 0 0 0 0 0 0 0 0 0 0 0 0 0 0 0 0 0 0 0 0 0 0 0 0 0 0 0 0 0 0 0 0 0 0 0 0 0 0 0 0 0 0 0 0 0 0 0 0 0 0 0 0 0 0 0 0 0 0 0 0 0 0 0 0 0 0 0 0 0 0 0 0 0 0 0 0 0 0 0 0 0 0 0 0 0 0 0 0 0 0 0 0 0 0 0 0 0 0 0 0 0 0 0 0 0 0 0 0 0 0 0 0 0 0 0 0 0 0 0 0 0 0 0 0 0 0 0 0 0 0 0 0 0 0 0 0 0 0 0 0 0 0 0 0 0 0 0 0 0 0 0 0 0 0 0 0 0 0 0 0 0 0 0 0 0 0 0 0 0 0 0 0 0 0 0 0 0 0 0 0 0 0 0 0 0 0 0 0 0 0 0 0 0 0 0 0 0 0 0 0 0 0 0 0 0 0 0 0 0 0 0 0 0 0 0 0 0 0 0 0 0 0 0 0 0 0 0 0 0 0 0 0 0 0 0 0 0 0 0 0 0 0 0 0 0 0 0 0 0 0 0 0 0 0 0 0 0 0 0 0 0 0 0 0 0 0 0 0 0 0 0 0 0 0 0 0 0 0 0 0 0 0 0 0 0 0 0 0 0 0 0 0 0 0 0 0 0 0 0 0 0 0 0 0 0 0 0 0 0 0 0 0 0 0 0 0 0 0 0 0 0 0 0 0 0 0 0 0 0 0 0 0 0 0 0 0 0 0 0 0 0 0 0 0 0 0 0 0 0 0 0 0 0 0 0 0 0 0 0 0 0 0 0 0 0 0 0 0 0 0 0 0 0 0 0 0 0 0 0 0 0 0 0 0 0 0 0 0 0 0 0 0 0 0 0 0 0 0 0 0 0 0 0 0 0 0 0 0 0 0 0 0 0 0 0 0 0 0 0 0 0 0 0 0 0 0 0 0 0 0 0 0 0 0 0 0 0 0 0 0 0 0 0 0 0 0 0 0 0 0 0 0 0 0 0 0 0 0 0 0 0 0 0 0 0 0 0 0 0 0 0 0 0 0 0 0 0 0 0 0 0 0 0 0 0 0 0 0 0 0 0 0 0 0 0 0 0 0 0 0 0 0 0 0 0 0 0 0 0 0 0 0 0 0 0 0 0 0 0 0 0 0 0 0 0 0 0 0 0 0 0 0 0 0 0 0 0 0 0 0 0 0 0 0 0 0 0 0 0 0 0 0 0 0 0 0 0 0 0 0 0 0 0 0 0 0 0 0 0 0 0 0 0 0 0 0 0 0 0 0 0 0 0 0 0 0 0 0 0 0 0 0 0 0 0 0 0 0 0 0 0 0 0 0 0 0 0 0 0 0 0 0 0 0 0 0 0 0 0 0 0 0 0 0 0 0 0 0 0 0 0 0 0 0 0 0 0 0 0 0 0 0 0 0 0 0 0 0 0 0 0 0 0 0 0 0 0 0 0 0 0 0 0 0 0 0 0 0 0 0 0 0 0 0 0 0 0 0 0 0 0 0 0 0 0 0 0 0 0 0 0 0 0 0 0 0 0 0 0 0 0 0 0 0 0 0 0 0 0 0 0 0 0 0 0 0 0 0 0 0 0 0 0 0 0 0 0 0 0 0 0 0 0 0 0 0 0 0 0 0 0 0 0 0 0 0 0 0 0 0 0 0 0 0 0 0 0 0 0 0 0 0 0 0 0 0 0 0 0 0 0 0 0 0 0 0 0 0 0 0 0 0 0 0 0 0 0 0 0 0 0 0 0 0 0 0 0 0 0 0 0 0 0 0 0 0 0 0 0 0 0 0 0 0 0 0 0 0 0 0 0 0 0 0 0 0 0 0 0 0 0 0 0 0 0 0 0 0 0 0 0 0 0 0 0 0 0 0 0 0 0 0 0 0 0 0 0 0 0 0 0 0 0 0 0 0 0 0 0 0 0 0 0 0 0 0 0 0 0 0 0 0 0 0 0 0 0 0 0 0 0 0 0 0 0 0 0 0 0 0 0 0 0 0 0 0 0 0 0 0 0 0 0 0 0 0 0 0 0 0 0 0 0 0 0 0 0 0 0 0 0 0 0 0 0 0 0 0 0 0 0 0 0 0 0 0 0 0 0 0 0 0 0 0 0 0 0 0 0 0 0 0 0 0 0 0 0 0 0 0 0 0 0 0 0 0 0 0 0 0 0 0 0 0 0 0 0 0 0 0 0 0 0 0 0 0 0 0 0 0 0 0 0 0 0 0 0 0 0 0 0 0 0 0 0 0 0 0 0 0 0 0 0 0 0 0 0 0 0 0 0 0 0 0 0 0 0 0 0 0 0 0 0 0 0 0 0 0 0 0 0 0 0 0 0 0 0 0 0 0 0 0 0 0 0 0 0 0 0 0 0 0 0 0 0 0 0 0 0 0 0 0 0 0 0 0 0 0 0 0 0 0 0 0 0 0 0 0 0 0 0 0 0 0 0 0 0 0 0 0 0 0 0 0 0 0 0 0 0 0 0 0 0 0 0 0 0 0 0 0 0 0 0 0 0 0 0 0 0 0 0 0 0 0 0 0 0 0 0 0 0 0 0 0 0 0 0 0 0 0 0 0 0 0 0 0 0 0 0 0 0 0 0 0 0 0 0 0 0 0 0 0 0.1404489 0.780141 0.02762693 0.7604519 0.0276277 0.7608025 0.02658212 0.2389522 0.02648186 0.1889548 0.02650099 0.1984524 0.02678847 0.3415119 0.02666407 0.2794529 0.02666407 0.2794529 0.02686893 0.3817403 0.02678847 0.3415119 0.02678847 0.3415119 0.02666407 0.2794529 0.02658212 0.2389522 0.02658212 0.2389522 0.02711081 0.5024268 0.02711081 0.5024268 0.02718192 0.537943 0.02731239 0.6030706 0.02725315 0.5734573 0.02734315 0.6184002 0.02686893 0.3817403 0.02686893 0.3817403 0.02694958 0.4219688 0.02703016 0.4621993 0.02694958 0.4219688 0.02694958 0.4219688 0.02711081 0.5024268 0.02703016 0.4621993 0.02703016 0.4621993 0.02742487 0.6592099 0.02734315 0.6184002 0.02751439 0.7038956 0.02720147 0.5477315 0.02718192 0.537943 0.02725315 0.5734573 0.02754724 0.7203342 0.02751439 0.7038956 0.02758616 0.7401447 0.0275985 0.7462499 0.02758616 0.7401447 0.0276277 0.7608025 0.1404489 0.7797622 0.02762609 0.7601004 0.02762693 0.7604519 0.02650099 0.1984524 0.02648186 0.1889548 0.02658212 0.2389522 0.02666407 0.2794529 0.02666407 0.2794529 0.02678847 0.3415119 0.02678847 0.3415119 0.02678847 0.3415119 0.02686893 0.3817403 0.02658212 0.2389522 0.02658212 0.2389522 0.02666407 0.2794529 0.0272212 0.5575189 0.02711081 0.5024268 0.02711081 0.5024268 0.0273717 0.6326836 0.02731239 0.6030706 0.02742487 0.6592099 0.02686893 0.3817403 0.02686893 0.3817403 0.02694958 0.4219688 0.02703016 0.4621993 0.02694958 0.4219688 0.02694958 0.4219688 0.02711081 0.5024268 0.02703016 0.4621993 0.02703016 0.4621993 0.0275067 0.7000176 0.02742487 0.6592099 0.02754724 0.7203342 0.0272212 0.5575189 0.02720147 0.5477315 0.02731239 0.6030706 0.02758038 0.7367711 0.02754724 0.7203342 0.0275985 0.7462499 0.02761059 0.752355 0.0275985 0.7462499 0.02762693 0.7604519 0.8219954 0.01046115 0.8848273 0.008444905 0.8848573 0.02343624 0.8865695 0.8783058 0.886635 0.9109091 0.823798 0.9103093 0.8849853 0.08734983 0.8848573 0.02343624 0.8220255 0.02540767 0.8221532 0.08913612 0.8849853 0.08734983 0.8851131 0.1512653 0.8853092 0.2492026 0.8851131 0.1512653 0.822281 0.1528658 0.822281 0.1528658 0.8851131 0.1512653 0.8853092 0.2492026 0.8226031 0.313825 0.8854365 0.3126912 0.8855637 0.3761786 0.8220255 0.02540504 0.8848573 0.02343624 0.8849853 0.08734983 0.8854365 0.3126912 0.8853092 0.2492026 0.822476 0.2505215 0.8856908 0.439666 0.8855637 0.3761786 0.8227301 0.3771281 0.822857 0.4404316 0.8856908 0.439666 0.8858178 0.5031536 0.8851131 0.1512653 0.8849853 0.08734983 0.8221532 0.08913612 0.8231579 0.5904247 0.8859925 0.590095 0.8858178 0.5031536 0.8859302 0.559201 0.886043 0.6152487 0.823208 0.6155065 0.823607 0.8146574 0.8864429 0.8149788 0.8862302 0.7087152 0.8855637 0.3761786 0.8854365 0.3126912 0.8226031 0.313825 0.8233945 0.7087026 0.8862302 0.7087152 0.8859925 0.590095 0.8227301 0.3771281 0.8855637 0.3761786 0.8856908 0.439666 0.822476 0.2505215 0.8853092 0.2492026 0.8854365 0.3126912 0.8229842 0.5037341 0.8858178 0.5031536 0.8856908 0.439666 0.8229842 0.5037341 0.8858178 0.5031536 0.8859302 0.559201 0.886043 0.6152487 0.8861851 0.686176 0.8233498 0.6862275 0.8237228 0.8724928 0.8865591 0.8729833 0.8864429 0.8149788 0.8861851 0.686176 0.8864554 0.821102 0.8236193 0.8207613 0.8237714 0.8970138 0.8866083 0.897575 0.8865591 0.8729833 0.8237958 0.9092047 0.8866327 0.9098005 0.8866083 0.897575 0.8864554 0.821102 0.8865695 0.8783058 0.8237329 0.8778019 0.8848573 0.02343624 0.8848273 0.008444905 0.8219954 0.01046115 0.8237329 0.8778019 0.8237329 0.8778019 0.8236193 0.8207613 0.8233945 0.7087026 0.8233945 0.7087026 0.823607 0.8146574 0.02648186 0.1889548 0.1392176 0.165246 0.1392382 0.1754651 0.1404051 0.7582928 0.1404498 0.7805171 0.0276277 0.7608025 0.02650099 0.1984524 0.02658212 0.2389522 0.1393256 0.2190397 0.02658212 0.2389522 0.1393256 0.2190397 0.1394128 0.2626158 0.1395466 0.3293879 0.1394128 0.2626158 0.02666407 0.2794529 0.02666407 0.2794529 0.1394128 0.2626158 0.1395466 0.3293879 0.02686893 0.3817403 0.1396331 0.3726707 0.1397199 0.4159545 0.02650099 0.1984524 0.1392382 0.1754651 0.1393256 0.2190397 0.1396331 0.3726707 0.1395466 0.3293879 0.02678847 0.3415119 0.1398067 0.4592404 0.1397199 0.4159545 0.02694958 0.4219688 0.02703016 0.4621993 0.1398067 0.4592404 0.1398935 0.5025231 0.1394128 0.2626158 0.1393256 0.2190397 0.02658212 0.2389522 0.0272212 0.5575189 0.1400122 0.561798 0.1398935 0.5025231 0.13997 0.5407339 0.1400465 0.5789462 0.02725315 0.5734573 0.0275067 0.7000176 0.1403194 0.7151169 0.1401741 0.6426684 0.1397199 0.4159545 0.1396331 0.3726707 0.02686893 0.3817403 0.0273717 0.6326836 0.1401741 0.6426684 0.1400122 0.561798 0.02694958 0.4219688 0.1397199 0.4159545 0.1398067 0.4592404 0.02678847 0.3415119 0.1395466 0.3293879 0.1396331 0.3726707 0.1398935 0.5025231 0.1398067 0.4592404 0.02703016 0.4621993 0.1398935 0.5025231 0.13997 0.5407339 0.02718192 0.537943 0.1400465 0.5789462 0.1401433 0.6273017 0.02734315 0.6184002 0.02758038 0.7367711 0.1403986 0.7546613 0.1403194 0.7151169 0.1401433 0.6273017 0.1403277 0.7192907 0.02751439 0.7038956 0.02761059 0.752355 0.1404315 0.7714282 0.1403986 0.7546613 0.02762609 0.7601004 0.1404489 0.7797622 0.1404315 0.7714282 0.1403277 0.7192907 0.1404051 0.7582928 0.02758616 0.7401447 0.1392382 0.1754651 0.1392176 0.165246 0.02648186 0.1889548 0.8231579 0.5904247 0.8231579 0.5904247 0.8233945 0.7087026 0.8237966 0.9097556 0.823798 0.9103093 0.886635 0.9109091 0.1392176 0.165246 0.8219954 0.01046115 0.8220255 0.02540504 0.1393256 0.2190397 0.8221532 0.08913612 0.822281 0.1528658 0.1392382 0.1754651 0.8220255 0.02540504 0.8221532 0.08913612 0.8237228 0.8724928 0.8237228 0.8724928 0.8237714 0.8970138 0.1396331 0.3726707 0.8226031 0.313825 0.8227301 0.3771281 0.822281 0.1528658 0.8221532 0.08913612 0.1393256 0.2190397 0.823607 0.8146574 0.823607 0.8146574 0.8237228 0.8724928 0.1394128 0.2626158 0.822281 0.1528658 0.822476 0.2505215 0.8229842 0.5037341 0.822857 0.4404316 0.1398067 0.4592404 0.823208 0.6155065 0.823208 0.6155065 0.8231579 0.5904247 0.1397199 0.4159545 0.8227301 0.3771281 0.822857 0.4404316 0.823798 0.9103093 0.823798 0.9103093 0.8237329 0.8778019 0.822476 0.2505215 0.822281 0.1528658 0.1394128 0.2626158 0.8236193 0.8207613 0.8236193 0.8207613 0.8233498 0.6862275 0.8237958 0.9092047 0.8237966 0.9097556 0.886634 0.9103539 0.823096 0.5596197 0.823208 0.6155065 0.1400465 0.5789462 0.1398067 0.4592404 0.822857 0.4404316 0.8229842 0.5037341 0.8233498 0.6862275 0.8233498 0.6862275 0.823208 0.6155065 0.8227301 0.3771281 0.8226031 0.313825 0.1396331 0.3726707 0.8237966 0.9097556 0.8237966 0.9097556 0.823798 0.9103093 0.8229842 0.5037341 0.823096 0.5596197 0.13997 0.5407339 0.8237714 0.8970138 0.8237714 0.8970138 0.8237966 0.9097556 0.8221532 0.08913612 0.8220255 0.02540767 0.1392382 0.1754651 0.1395466 0.3293879 0.822476 0.2505215 0.8226031 0.313825 0.8226031 0.313825 0.822476 0.2505215 0.1395466 0.3293879 0.8220255 0.02540767 0.8219954 0.01046115 0.1392176 0.165246 0.822857 0.4404316 0.8227301 0.3771281 0.1397199 0.4159545 0.8231579 0.5904247 0.1400122 0.561798 0.1400465 0.5789462 0.1400122 0.561798 0.8231579 0.5904247 0.8229842 0.5037341 0.7819402 0.320474 0.7819402 0.320474 0.7818093 0.255261 0.7819817 0.3411988 0.7817631 0.2321344 0.7817631 0.2321344 0.782293 0.4971266 0.782293 0.4971266 0.7821884 0.4445275 0.7821773 0.4389016 0.7819817 0.3411988 0.7819817 0.3411988 0.7822843 0.4922308 0.7822843 0.4922308 0.7823285 0.5148414 0.7823529 0.5270999 0.7823529 0.5270999 0.782293 0.4971266 0.7822843 0.4922308 0.7821773 0.4389016 0.7821773 0.4389016 0.7818093 0.255261 0.7818093 0.255261 0.7817631 0.2321344 0.7821884 0.4445275 0.7821884 0.4445275 0.7819402 0.320474 0.782352 0.5265905 0.782352 0.5265918 0.7823529 0.5270999 0.7823285 0.5148414 0.7823285 0.5148414 0.782352 0.5265918 0.7818093 0.255261 0.7819402 0.320474 0.09502345 0.2636002 0.7817631 0.2321344 0.09489268 0.1983784 0.09505409 0.2788995 0.7817631 0.2321344 0.7818093 0.255261 0.09492695 0.2154539 0.8188487 0.8291314 0.9315891 0.8077518 0.9315893 0.8081024 0.9305437 0.286252 0.9304437 0.2362532 0.9304623 0.2457522 0.9307487 0.3888097 0.9306245 0.3267529 0.9306245 0.3267529 0.9308292 0.4290402 0.9307487 0.3888097 0.9307487 0.3888116 0.9306245 0.3267529 0.9305437 0.286252 0.9305437 0.286252 0.9310711 0.5497266 0.9310711 0.5497266 0.9311422 0.5852429 0.9312725 0.6503706 0.9312133 0.6207571 0.9313032 0.6656998 0.9308292 0.4290402 0.9308292 0.4290402 0.93091 0.4692687 0.9309903 0.5094993 0.93091 0.4692687 0.93091 0.4692687 0.9310711 0.5497266 0.9309903 0.5094993 0.9309903 0.5094993 0.9313856 0.7065097 0.9313032 0.6656998 0.9314745 0.7511953 0.9311618 0.5950314 0.9311422 0.5852429 0.9312133 0.6207571 0.9315078 0.7676337 0.9314745 0.7511953 0.9315483 0.7874446 0.9315603 0.7935497 0.9315483 0.7874446 0.9315893 0.8081024 0.8188479 0.8287526 0.9315884 0.8074002 0.9315891 0.8077518 0.9304623 0.2457522 0.9304437 0.2362532 0.9305437 0.286252 0.9306245 0.3267529 0.9306245 0.3267529 0.9307487 0.3888097 0.9307487 0.3888097 0.9307487 0.3888097 0.9308292 0.4290402 0.9305437 0.286252 0.9305437 0.286252 0.9306245 0.3267529 0.9311817 0.6048185 0.9310711 0.5497266 0.9310711 0.5497266 0.9313322 0.6799831 0.9312725 0.6503706 0.9313856 0.7065097 0.9308292 0.4290402 0.9308292 0.4290402 0.93091 0.4692687 0.9309903 0.5094993 0.93091 0.4692687 0.93091 0.4692687 0.9310711 0.5497266 0.9309903 0.5094993 0.9309903 0.5094993 0.9314669 0.7473173 0.9313856 0.7065097 0.9315078 0.7676337 0.9311817 0.6048185 0.9311618 0.5950314 0.9312725 0.6503706 0.9315407 0.784071 0.9315078 0.7676337 0.9315603 0.7935497 0.9315728 0.7996549 0.9315603 0.7935497 0.9315891 0.8077518 0.1342391 0.06968981 0.07140135 0.06861549 0.07143139 0.08360683 0.07314443 0.9384765 0.07320976 0.9710797 0.1360425 0.9695382 0.07155936 0.1475203 0.07143139 0.08360683 0.1342689 0.0846365 0.1343971 0.1483649 0.07155936 0.1475203 0.07168698 0.2114359 0.07188397 0.3093732 0.07168698 0.2114359 0.1345243 0.2120946 0.1345243 0.2120946 0.07168698 0.2114359 0.07188397 0.3093732 0.1348466 0.3730538 0.07201075 0.3728618 0.07213795 0.4363493 0.1342689 0.08463382 0.07143139 0.08360683 0.07155936 0.1475203 0.07201075 0.3728618 0.07188397 0.3093732 0.1347202 0.3097504 0.07226526 0.4998366 0.07213795 0.4363493 0.1349737 0.4363569 0.1351003 0.4996603 0.07226526 0.4998366 0.07239258 0.5633243 0.07168698 0.2114359 0.07155936 0.1475203 0.1343965 0.1483649 0.1354008 0.6496534 0.07256621 0.6502655 0.07239258 0.5633243 0.07250475 0.6193714 0.07261675 0.6754193 0.1354513 0.6747351 0.1358502 0.8738861 0.07301676 0.8751494 0.07280397 0.7688856 0.07213795 0.4363493 0.07201075 0.3728618 0.1348466 0.3730538 0.1356379 0.7679315 0.07280397 0.7688856 0.07256621 0.6502655 0.1349737 0.4363569 0.07213795 0.4363493 0.07226526 0.4998366 0.1347202 0.309748 0.07188397 0.3093732 0.07201075 0.3728618 0.1352272 0.562963 0.07239258 0.5633243 0.07226526 0.4998366 0.1352272 0.562963 0.07239258 0.5633243 0.07250475 0.6193714 0.07261675 0.6754193 0.07275873 0.7463466 0.1355926 0.7454563 0.1359661 0.9317214 0.07313311 0.9331538 0.07301676 0.8751494 0.07275873 0.7463466 0.07302922 0.8812723 0.1358621 0.8799901 0.1360157 0.9562425 0.07318305 0.9577457 0.07313311 0.9331538 0.1360397 0.9684332 0.07320737 0.9699708 0.07318305 0.9577457 0.07302922 0.8812723 0.07314443 0.9384765 0.1359773 0.9370308 0.07143139 0.08360683 0.07140135 0.06861549 0.1342391 0.06968981 0.1359773 0.9370308 0.1359773 0.9370308 0.1358621 0.8799901 0.1356379 0.7679315 0.1356379 0.7679315 0.1358502 0.8738861 0.9304437 0.2362532 0.8176169 0.2142363 0.8176375 0.2244554 0.8188052 0.8072806 0.8188496 0.8295075 0.9315893 0.8081024 0.8177247 0.2680301 0.8176375 0.2244554 0.9304623 0.2457522 0.9305437 0.286252 0.8177247 0.2680301 0.8178116 0.311606 0.8179453 0.3783782 0.8178116 0.311606 0.9306245 0.3267529 0.9306245 0.3267529 0.8178116 0.311606 0.8179453 0.3783782 0.9308292 0.4290402 0.8180321 0.4216609 0.8181193 0.4649449 0.9304623 0.2457522 0.8176375 0.2244554 0.8177247 0.2680301 0.8180321 0.4216609 0.8179453 0.3783782 0.9307487 0.3888097 0.8182056 0.5082305 0.8181193 0.4649449 0.93091 0.4692687 0.9309903 0.5094993 0.8182056 0.5082291 0.8182919 0.5515131 0.8178116 0.311606 0.8177247 0.2680301 0.9305437 0.286252 0.9311817 0.6048185 0.8184108 0.6107882 0.8182919 0.5515131 0.8183686 0.5897241 0.8184449 0.6279363 0.9312133 0.6207571 0.9314669 0.7473173 0.8187175 0.7641069 0.8185727 0.6916587 0.8181193 0.4649449 0.8180321 0.4216609 0.9308292 0.4290402 0.9313322 0.6799831 0.8185727 0.6916587 0.8184108 0.6107882 0.93091 0.4692687 0.8181193 0.4649449 0.8182056 0.5082291 0.9307487 0.3888116 0.8179453 0.3783782 0.8180321 0.4216609 0.8182919 0.5515131 0.8182056 0.5082305 0.9309903 0.5094993 0.8182919 0.5515131 0.8183686 0.5897241 0.9311422 0.5852429 0.8184449 0.6279363 0.8185423 0.6762918 0.9313032 0.6656998 0.9315407 0.784071 0.8187968 0.8036517 0.8187175 0.7641069 0.8185423 0.6762918 0.8187264 0.768281 0.9314745 0.7511953 0.9315728 0.7996549 0.8188316 0.8204187 0.8187968 0.8036517 0.9315884 0.8074002 0.8188479 0.8287526 0.8188316 0.8204187 0.8187264 0.768281 0.8188052 0.8072806 0.9315483 0.7874446 0.8176375 0.2244554 0.8176169 0.2142363 0.9304437 0.2362532 0.1354008 0.6496534 0.1354008 0.6496534 0.1356379 0.7679315 0.1360412 0.9689846 0.1360425 0.9695382 0.07320976 0.9710797 0.8176169 0.2142363 0.1342391 0.06968981 0.1342689 0.08463382 0.8177247 0.2680301 0.1343971 0.1483649 0.1345243 0.2120946 0.8176375 0.2244554 0.1342689 0.08463382 0.1343971 0.1483649 0.1359661 0.9317214 0.1359661 0.9317214 0.1360157 0.9562425 0.8180321 0.4216609 0.1348466 0.3730538 0.1349737 0.4363569 0.1345243 0.2120946 0.1343965 0.1483649 0.8177247 0.2680301 0.1358502 0.8738861 0.1358502 0.8738861 0.1359661 0.9317214 0.8178116 0.311606 0.1345243 0.2120946 0.1347202 0.309748 0.1352272 0.562963 0.1351003 0.4996603 0.8182056 0.5082305 0.1354513 0.6747351 0.1354513 0.6747351 0.1354008 0.6496534 0.8181193 0.4649449 0.1349737 0.4363569 0.1351003 0.4996603 0.1360425 0.9695382 0.1360425 0.9695382 0.1359773 0.9370308 0.1347202 0.3097504 0.1345243 0.2120946 0.8178116 0.311606 0.1358621 0.8799901 0.1358621 0.8799901 0.1355926 0.7454563 0.1360397 0.9684332 0.1360412 0.9689846 0.07320863 0.9705244 0.1353393 0.6188484 0.1354513 0.6747351 0.8184449 0.6279363 0.8182056 0.5082291 0.1351003 0.4996603 0.1352272 0.562963 0.1355926 0.7454563 0.1355926 0.7454563 0.1354513 0.6747351 0.1349737 0.4363569 0.1348466 0.3730538 0.8180321 0.4216609 0.1360412 0.9689846 0.1360412 0.9689846 0.1360425 0.9695382 0.1352272 0.562963 0.1353393 0.6188484 0.8183686 0.5897241 0.1360157 0.9562425 0.1360157 0.9562425 0.1360412 0.9689846 0.1343965 0.1483649 0.1342689 0.0846365 0.8176375 0.2244554 0.8179453 0.3783782 0.1347202 0.309748 0.1348466 0.3730538 0.1348466 0.3730538 0.1347202 0.3097504 0.8179453 0.3783782 0.1342689 0.0846365 0.1342391 0.06968981 0.8176169 0.2142363 0.1351003 0.4996603 0.1349737 0.4363569 0.8181193 0.4649449 0.1354008 0.6496534 0.8184108 0.6107882 0.8184449 0.6279363 0.8184108 0.6107882 0.1354008 0.6496534 0.1352272 0.562963 0.1363968 0.4327893 0.1363968 0.4327893 0.1362647 0.3668741 0.1364387 0.4537371 0.136218 0.3434986 0.136218 0.3434986 0.1367551 0.611344 0.1367551 0.611344 0.1366482 0.5581784 0.1366366 0.5524922 0.1364387 0.4537371 0.1364387 0.4537371 0.1367446 0.6063956 0.1367446 0.6063956 0.1367912 0.6292495 0.136816 0.6416399 0.136816 0.6416399 0.1367551 0.611344 0.1367446 0.6063956 0.1366366 0.5524922 0.1366366 0.5524922 0.1362647 0.3668741 0.1362647 0.3668741 0.136218 0.3434986 0.1366482 0.5581784 0.1366482 0.5581784 0.1363968 0.4327893 0.1368148 0.641125 0.1368148 0.641125 0.136816 0.6416399 0.1367912 0.6292495 0.1367912 0.6292495 0.1368148 0.641125 0.1362647 0.3668741 0.1363968 0.4327893 0.8304584 0.3648977 0.136218 0.3434986 0.8303266 0.298974 0.8304895 0.3803622 0.136218 0.3434986 0.1362647 0.3668741 0.830361 0.3162322 0 0 0 0 0 0 0 0 0 0 0 0 0 0 0 0 0 0 0 0 0 0 0 0 0 0 0 0 0 0 0 0 0 0 0 0 0 0 0 0 0 0 0 0 0 0 0 0 0 0 0 0 0 0 0 0 0 0 0 0 0 0 0 0 0 0 0 0 0 0 0 0 0 0 0 0 0 0 0 0 0 0 0 0 0 0 0 0 0 0 0 0 0 0 0 0 0 0 0 0 0 0 0 0 0 0 0 0 0 0 0 0 0 0 0 0 0 0 0 0 0 0 0 0 0 0 0 0 0 0 0 0 0 0 0 0 0 0 0 0 0 0 0 0 0 0 0 0 0 0 0 0 0 0 0 0 0 0 0 0 0 0 0 0 0 0 0 0 0 0 0 0 0 0 0 0 0 0 0 0 0 0 0 0 0 0 0 0 0 0 0 0 0 0 0 0 0 0 0 0 0 0 0 0 0 0 0 0 0 0 0 0 0 0 0 0 0 0 0 0 0 0 0 0 0 0 0 0 0 0 0 0 0 0 0 0 0 0 0 0 0 0 0 0 0 0 0 0 0 0 0 0 0 0 0 0 0 0 0 0 0 0 0 0 0 0 0 0 0 0 0 0 0 0 0 0 0 0 0 0 0 0 0 0 0 0 0 0 0 0 0 0 0 0 0 0 0 0 0 0 0 0 0 0 0 0 0 0 0 0 0 0 0 0 0 0 0 0 0 0 0 0 0 0 0 0 0 0 0 0 0 0 0 0 0 0 0 0 0 0 0 0 0 0 0 0 0 0 0 0 0 0 0 0 0 0 0 0 0 0 0 0 0 0 0 0 0 0 0 0 0 0 0 0 0 0 0 0 0 0 0 0 0 0 0 0 0 0 0 0 0 0 0 0 0 0 0 0 0 0 0 0 0 0 0 0 0 0 0 0 0 0 0 0 0 0 0 0 0 0 0 0 0 0 0 0 0 0 0 0 0 0 0 0 0 0 0 0 0 0 0 0 0 0 0 0 0 0 0 0 0 0 0 0 0 0 0 0 0 0 0 0 0 0 0 0 0 0 0 0 0 0 0 0 0 0 0 0 0 0 0 0 0 0 0 0 0 0 0 0 0 0 0 0 0 0 0 0 0 0 0 0 0 0 0 0 0 0 0 0 0 0 0 0 0 0 0 0 0 0 0 0 0 0 0 0 0 0 0 0 0 0 0 0 0 0 0 0 0 0 0 0 0 0 0 0 0 0 0 0 0 0 0 0 0 0 0 0 0 0 0 0 0 0 0 0 0 0 0 0 0 0 0 0 0 0 0 0 0 0 0 0 0 0 0 0 0 0 0 0 0 0 0 0 0 0 0 0 0 0 0 0 0 0 0 0 0 0 0 0 0 0 0 0 0 0 0 0 0 0 0 0 0 0 0 0 0 0 0 0 0 0 0 0 0 0 0 0 0 0 0 0 0 0 0 0 0 0 0 0 0 0 0 0 0 0 0 0 0 0 0 0 0 0 0 0 0 0 0 0 0 0 0 0 0 0 0 0 0 0 0 0 0 0 0 0 0 0 0 0 0 0 0 0 0 0 0 0 0 0 0 0 0 0 0 0 0 0 0 0 0 0 0 0 0 0 0 0 0 0 0 0 0 0 0 0 0 0 0 0 0 0 0 0 0 0 0 0 0 0 0 0 0 0 0 0 0 0 0 0 0 0 0 0 0 0 0 0 0 0 0 0 0 0 0 0 0 0 0 0 0 0 0 0 0 0 0 0 0 0 0 0 0 0 0 0 0 0 0 0 0 0 0 0 0 0 0 0 0 0 0 0 0 0 0 0 0 0 0 0 0 0 0 0 0 0 0 0 0 0 0 0 0 0 0 0 0 0 0 0 0 0 0 0 0 0 0 0 0 0 0 0 0 0 0 0 0 0 0 0 0 0 0 0 0 0 0 0 0 0 0 0 0 0 0 0 0 0 0 0 0 0 0 0 0 0 0 0 0 0 0 0 0 0 0 0 0 0 0 0 0 0 0 0 0 0 0 0 0 0 0 0 0 0 0 0 0 0 0 0 0 0 0 0 0 0 0 0 0 0 0 0 0 0 0 0 0 0 0 0 0 0 0 0 0 0 0 0 0 0 0 0 0 0 0 0 0 0 0 0 0 0 0 0 0 0 0 0 0 0 0 0 0 0 0 0 0 0 0 0 0 0 0 0 0 0 0 0 0 0 0 0 0 0 0 0 0 0 0 0 0 0 0 0 0 0 0 0 0 0 0 0 0 0 0 0 0 0 0 0 0 0 0 0 0 0 0 0 0 0 0 0 0 0 0 0 0 0 0 0 0 0 0 0 0 0 0 0 0 0 0 0 0 0 0 0 0 0 0 0 0 0 0 0 0 0 0 0 0 0 0 0 0 0 0 0 0 0 0 0 0 0 0 0 0 0 0 0 0 0 0 0 0 0 0 0 0 0 0 0 0 0 0 0 0 0 0 0 0 0 0 0 0 0 0 0 0 0 0 0 0 0 0 0 0 0 0 0 0 0 0 0 0 0 0 0 0 0 0 0 0 0 0 0 0 0 0 0 0 0 0 0 0 0 0 0 0 0 0 0 0 0 0 0 0 0 0 0 0 0 0 0 0 0 0 0 0 0 0 0 0 0 0 0 0 0 0 0 0 0 0 0 0 0 0 0 0 0 0 0 0 0 0 0 0 0 0 0 0 0 0 0 0 0 0 0 0 0 0 0 0 0 0 0 0 0 0 0 0 0 0 0 0 0 0 0 0 0 0 0 0 0 0 0 0 0 0 0 0 0 0 0 0 0 0 0 0 0 0 0 0 0 0 0 0 0 0 0 0 0 0 0 0 0 0 0 0 0 0 0 0 0 0 0 0 0 0 0 0 0 0 0 0 0 0 0 0 0 0 0 0 0 0 0 0 0 0 0 0 0 0 0 0 0 0 0 0 0 0 0 0 0 0 0 0 0 0 0 0 0 0 0 0 0 0 0 0 0 0 0 0 0 0 0 0 0 0 0 0 0 0 0 0 0 0 0 0 0 0 0 0 0 0 0 0 0 0 0 0 0 0 0 0 0 0 0 0 0 0 0 0 0 0 0 0 0 0 0 0 0 0 0 0 0 0 0 0 0 0 0 0 0 0 0 0 0 0 0 0 0 0 0 0 0 0 0 0 0 0 0 0 0 0 0 0 0 0 0 0 0 0 0 0 0 0 0 0 0 0 0 0 0 0 0 0 0 0 0 0 0 0 0 0 0 0 0 0 0 0 0 0 0 0 0 0 0 0 0 0 0 0 0 0 0 0 0 0 0 0 0 0 0 0 0 0 0 0 0 0 0 0 0 0 0 0 0 0 0 0 0 0 0 0 0 0 0 0 0 0 0 0 0 0 0 0 0 0 0 0 0 0 0 0 0 0 0 0 0 0 0 0 0 0 0 0 0 0 0 0 0 0 0 0 0 0 0 0 0 0 0 0 0 0 0 0 0 0 0 0 0 0 0 0 0 0 0 0 0 0 0 0 0 0 0 0 0 0 0 0 0 0 0 0 0 0 0 0 0 0 0 0 0 0 0 0 0 0 0 0 0 0 0 0 0 0 0 0 0 0 0 0 0 0 0 0 0 0 0 0 0 0 0 0 0 0 0 0 0 0 0 0 0 0 0 0 0 0 0 0 0 0 0 0 0 0 0 0 0 0 0 0 0 0 0 0 0 0 0 0 0 0 0 0 0 0 0 0 0 0 0 0 0 0 0 0 0 0 0 0 0 0 0 0 0 0 0 0 0 0 0 0 0 0 0 0 0 0 0 0 0 0 0 0 0 0 0 0 0 0 0 0 0 0 0 0 0 0 0 0 0 0 0 0 0 0 0 0 0 0 0 0 0 0 0 0 0 0 0 0 0 0 0 0 0 0 0 0 0 0 0 0 0 0 0 0 0 0 0 0 0 0 0 0 0 0 0 0 0 0 0 0 0 0 0 0 0 0 0 0 0 0 0 0 0 0 0 0 0 0 0 0 0 0 0 0 0 0 0 0 0 0 0 0 0 0 0 0 0 0 0 0 0 0 0 0 0 0 0 0 0 0 0 0 0 0 0 0 0 0 0 0 0 0 0 0 0 0 0 0 0 0 0 0 0 0 0 0 0 0 0 0 0 0 0 0 0 0 0 0 0 0 0 0 0 0 0 0 0 0 0 0 0 0 0 0 0 0 0 0 0 0 0 0 0 0 0 0 0 0 0 0 0 0 0 0 0 0 0 0 0 0 0 0 0 0 0 0 0 0 0 0 0 0 0 0 0 0 0 0 0 0 0 0 0 0 0 0 0 0 0 0 0 0 0 0 0 0 0 0 0 0 0 0 0 0 0 0 0 0 0 0 0 0 0 0 0 0 0 0 0 0 0 0 0 0 0 0 0 0 0 0 0 0 0 0 0 0 0 0 0 0 0 0 0 0 0 0 0 0 0 0 0 0 0 0 0 0 0 0 0 0 0 0 0 0 0 0 0 0 0 0 0 0 0 0 0 0 0 0 0 0 0 0 0 0 0 0 0 0 0 0 0 0 0 0 0 0 0 0 0 0 0 0 0 0 0 0 0 0 0 0 0 0 0 0 0 0 0 0 0 0 0 0 0 0 0 0 0 0 0 0 0 0 0 0 0 0 0 0 0 0 0 0 0 0 0 0 0 0 0 0 0 0 0 0 0 0 0 0 0 0 0 0 0 0 0 0 0 0 0 0 0 0 0 0 0 0 0 0 0 0 0 0 0 0 0 0 0 0 0 0 0 0 0 0 0 0 0 0 0 0 0 0 0 0 0 0 0 0 0 0 0 0 0 0 0 0 0 0 0 0 0 0 0 0 0 0 0 0 0 0 0 0 0 0 0 0 0 0 0 0 0 0 0 0 0 0 0 0 0 0 0 0 0 0 0 0 0 0 0 0 0 0 0 0 0 0 0 0 0 0 0 0 0 0 0 0 0 0 0 0 0 0 0 0 0 0 0 0 0 0 0 0 0 0 0 0 0 0 0 0 0 0 0 0 0 0 0 0 0 0 0 0 0 0 0 0 0 0 0 0 0 0 0 0 0 0 0 0 0 0 0 0 0 0 0 0 0 0 0 0 0 0 0 0 0 0 0 0 0 0 0 0 0 0 0 0 0 0 0 0 0 0 0 0 0 0 0 0 0 0 0 0 0 0 0 0 0 0 0 0 0 0 0 0 0 0 0 0 0 0 0 0 0 0 0 0 0 0 0 0 0 0 0 0 0 0 0 0 0 0 0 0 0 0 0 0 0 0 0 0 0 0 0 0 0 0 0 0 0 0 0 0 0 0 0 0 0 0 0 0 0 0 0 0 0 0 0 0 0 0 0 0 0 0 0 0 0 0 0 0 0 0 0 0 0 0 0 0 0 0 0 0 0 0 0 0 0 0 0 0 0 0 0 0 0 0 0 0 0 0 0 0 0 0 0 0 0 0 0 0 0 0 0 0 0 0 0 0 0 0 0 0 0 0 0 0 0 0 0 0 0 0 0 0 0 0 0 0 0 0 0 0 0 0 0 0 0 0 0 0 0 0 0 0 0 0 0 0 0 0 0 0 0 0 0 0 0 0 0 0 0 0 0 0 0 0 0 0 0 0 0 0 0 0 0 0 0 0 0 0 0 0 0 0 0 0 0 0 0 0 0 0 0 0 0 0 0 0 0 0 0 0 0 0 0 0 0 0 0 0 0 0 0 0 0 0 0 0 0 0 0 0 0 0 0 0 0 0 0 0 0 0 0 0 0 0 0 0 0 0 0 0 0 0 0 0 0 0 0 0 0 0 0 0 0 0 0 0 0 0 0 0 0 0 0 0 0 0 0 0 0 0 0 0 0 0 0 0 0 0 0 0 0 0 0 0 0 0 0 0 0 0 0 0 0 0 0 0 0 0 0 0 0 0 0 0 0 0 0 0 0 0 0 0 0 0 0 0 0 0 0 0 0 0 0 0 0 0 0 0 0 0 0 0 0 0 0 0 0 0 0 0 0 0 0 0 0 0 0 0 0 0 0 0 0 0 0 0 0 0 0 0 0 0 0 0 0 0 0 0 0 0 0 0 0 0 0 0 0 0 0 0 0 0 0 0 0 0 0 0 0 0 0 0 0 0 0 0 0 0 0 0 0 0 0 0 0 0 0 0 0 0 0 0 0 0 0 0 0 0 0 0 0 0 0 0 0 0 0 0 0 0 0 0 0 0 0 0 0 0 0 0 0 0 0 0 0 0 0 0 0 0 0 0 0 0 0 0 0 0 0 0 0 0 0 0 0 0 0 0 0 0 0 0 0 0 0 0 0 0 0 0 0 0 0 0 0 0 0 0 0 0 0 0 0 0 0 0 0 0 0 0 0 0 0 0 0 0 0 0 0 0 0 0 0 0 0 0 0 0 0 0 0 0 0 0 0 0 0 0 0 0 0 0 0 0 0 0 0 0 0 0 0 0 0 0 0 0 0 0 0 0 0 0 0 0 0 0 0 0 0 0 0 0 0 0 0 0 0 0 0 0 0 0 0 0 0 0 0 0 0 0 0 0 0 0 0 0 0 0 0 0 0 0 0 0 0 0 0 0 0 0 0 0 0 0 0 0 0 0 0 0 0 0 0 0 0 0 0 0 0 0 0 0 0 0 0 0 0 0 0 0 0 0 0 0 0 0 0 0 0 0 0 0 0 0 0 0 0 0 0 0 0 0 0 0 0 0 0 0 0 0 0 0 0 0 0 0 0 0 0 0 0 0 0 0 0 0 0 0 0 0 0 0 0 0 0 0 0 0 0 0 0 0 0 0 0 0 0 0 0 0 0 0 0 0 0 0 0 0 0 0 0 0 0 0 0 0 0 0 0 0 0 0 0 0 0 0 0 0 0 0 0 0 0 0 0 0 0 0 0 0 0 0 0 0 0 0 0 0 0 0 0 0 0 0 0 0 0 0 0 0 0 0 0 0 0 0 0 0 0 0 0 0 0 0 0 0 0 0 0 0 0 0 0 0 0 0 0 0 0 0 0 0 0 0 0 0 0 0 0 0 0 0 0 0 0 0 0 0 0 0 0 0 0 0 0 0 0 0 0 0 0 0 0 0 0 0 0 0 0 0 0 0 0 0 0 0 0 0 0 0 0 0 0 0 0 0 0 0 0 0 0 0 0 0 0 0 0 0 0 0 0 0 0 0 0 0 0 0 0 0 0 0 0 0 0 0 0 0 0 0 0 0 0 0 0 0 0 0 0 0 0 0 0 0 0 0 0 0 0 0 0 0 0 0 0 0 0 0 0 0 0 0 0 0 0 0 0 0 0 0 0 0 0 0 0 0 0 0 0 0 0 0 0 0 0 0 0 0 0 0 0 0 0 0 0 0 0 0 0 0 0 0 0 0 0 0 0 0 0 0 0 0 0 0 0 0 0 0 0 0 0 0 0 0 0 0 0 0 0 0 0 0 0 0 0 0 0 0 0 0 0 0 0 0 0 0 0</float_array>
          <technique_common>
            <accessor source="#Cylinder_005-mesh-map-0-array" count="5412" stride="2">
              <param name="S" type="float"/>
              <param name="T" type="float"/>
            </accessor>
          </technique_common>
        </source>
        <source id="Cylinder_005-mesh-map-1">
          <float_array id="Cylinder_005-mesh-map-1-array" count="10824">0 0 0 0 0 0 0 0 0 0 0 0 0 0 0 0 0 0 0 0 0 0 0 0 0 0 0 0 0 0 0 0 0 0 0 0 0 0 0 0 0 0 0 0 0 0 0 0 0 0 0 0 0 0 0 0 0 0 0 0 0 0 0 0 0 0 0 0 0 0 0 0 0 0 0 0 0 0 0 0 0 0 0 0 0 0 0 0 0 0 0 0 0 0 0 0 0 0 0 0 0 0 0 0 0 0 0 0 0 0 0 0 0 0 0 0 0 0 0 0 0 0 0 0 0 0 0 0 0 0 0 0 0 0 0 0 0 0 0 0 0 0 0 0 0 0 0 0 0 0 0 0 0 0 0 0 0 0 0 0 0 0 0 0 0 0 0 0 0 0 0 0 0 0 0 0 0 0 0 0 0 0 0 0 0 0 0 0 0 0 0 0 0 0 0 0 0 0 0 0 0 0 0 0 0 0 0 0 0 0 0 0 0 0 0 0 0 0 0 0 0 0 0 0 0 0 0 0 0 0 0 0 0 0 0 0 0 0 0 0 0 0 0 0 0 0 0 0 0 0 0 0 0 0 0 0 0 0 0 0 0 0 0 0 0 0 0 0 0 0 0 0 0 0 0 0 0 0 0 0 0 0 0 0 0 0 0 0 0 0 0 0 0 0 0 0 0 0 0 0 0 0 0 0 0 0 0 0 0 0 0 0 0 0 0 0 0 0 0 0 0 0 0 0 0 0 0 0 0 0 0 0 0 0 0 0 0 0 0 0 0 0 0 0 0 0 0 0 0 0 0 0 0 0 0 0 0 0 0 0 0 0 0 0 0 0 0 0 0 0 0 0 0 0 0 0 0 0 0 0 0 0 0 0 0 0 0 0 0 0 0 0 0 0 0 0 0 0 0 0 0 0 0 0 0 0 0 0 0 0 0 0 0 0 0 0 0 0 0 0 0 0 0 0 0 0 0 0 0 0 0 0 0 0 0 0 0 0 0 0 0 0 0 0 0 0 0 0 0 0 0 0 0 0 0 0 0 0 0 0 0 0 0 0 0 0 0 0 0 0 0 0 0 0 0 0 0 0 0 0 0 0 0 0 0 0 0 0 0 0 0 0 0 0 0 0 0 0 0 0 0 0 0 0 0 0 0 0 0 0 0 0 0 0 0 0 0 0 0 0 0 0 0 0 0 0 0 0 0 0 0 0 0 0 0 0 0 0 0 0 0 0 0 0 0 0 0 0 0 0 0 0 0 0 0 0 0 0 0 0 0 0 0 0 0 0 0 0 0 0 0 0 0 0 0 0 0 0 0 0 0 0 0 0 0 0 0 0 0 0 0 0 0 0 0 0 0 0 0 0 0 0 0 0 0 0 0 0 0 0 0 0 0 0 0 0 0 0 0 0 0 0 0 0 0 0 0 0 0 0 0 0 0 0 0 0 0 0 0 0 0 0 0 0 0 0 0 0 0 0 0 0 0 0 0 0 0 0 0 0 0 0 0 0 0 0 0 0 0 0 0 0 0 0 0 0 0 0 0 0 0 0 0 0 0 0 0 0 0 0 0 0 0 0 0 0 0 0 0 0 0 0 0 0 0 0 0 0 0 0 0 0 0 0 0 0 0 0 0 0 0 0 0 0 0 0 0 0 0 0 0 0 0 0 0 0 0 0 0 0 0 0 0 0 0 0 0 0 0 0 0 0 0 0 0 0 0 0 0 0 0 0 0 0 0 0 0 0 0 0 0 0 0 0 0 0 0 0 0 0 0 0 0 0 0 0 0 0 0 0 0 0 0 0 0 0 0 0 0 0 0 0 0 0 0 0 0 0 0 0 0 0 0 0 0 0 0 0 0 0 0 0 0 0 0 0 0 0 0 0 0 0 0 0 0 0 0 0 0 0 0 0 0 0 0 0 0 0 0 0 0 0 0 0 0 0 0 0 0 0 0 0 0 0 0 0 0 0 0 0 0 0 0 0 0 0 0 0 0 0 0 0 0 0 0 0 0 0 0 0 0 0 0 0 0 0 0 0 0 0 0 0 0 0 0 0 0 0 0 0 0 0 0 0 0 0 0 0 0 0 0 0 0 0 0 0 0 0 0 0 0 0 0 0 0 0 0 0 0 0 0 0 0 0 0 0 0 0 0 0 0 0 0 0 0 0 0 0 0 0 0 0 0 0 0 0 0 0 0 0 0 0 0 0 0 0 0 0 0 0 0 0 0 0 0 0 0 0 0 0 0 0 0 0 0 0 0 0 0 0 0 0 0 0 0 0 0 0 0 0 0 0 0 0 0 0 0 0 0 0 0 0 0 0 0 0 0 0 0 0 0 0 0 0 0 0 0 0 0 0 0 0 0 0 0 0 0 0 0 0 0 0 0 0 0 0 0 0 0 0 0 0 0 0 0 0 0 0 0 0 0 0 0 0 0 0 0 0 0 0 0 0 0 0 0 0 0 0 0 0 0 0 0 0 0 0 0 0 0 0 0 0 0 0 0 0 0 0 0 0 0 0 0 0 0 0 0 0 0 0 0 0 0 0 0 0 0 0 0 0 0 0 0 0 0 0 0 0 0 0 0 0 0 0 0 0 0 0 0 0 0 0 0 0 0 0 0 0 0 0 0 0 0 0 0 0 0 0 0 0 0 0 0 0 0 0 0 0 0 0 0 0 0 0 0 0 0 0 0 0 0 0 0 0 0 0 0 0 0 0 0 0 0 0 0 0 0 0 0 0 0 0 0 0 0 0 0 0 0 0 0 0 0 0 0 0 0 0 0 0 0 0 0 0 0 0 0 0 0 0 0 0 0 0 0 0 0 0 0 0 0 0 0 0 0 0 0 0 0 0 0 0 0 0 0 0 0 0 0 0 0 0 0 0 0 0 0 0 0 0 0 0 0 0 0 0 0 0 0 0 0 0 0 0 0 0 0 0 0 0 0 0 0 0 0 0 0 0 0 0 0 0 0 0 0 0 0 0 0 0 0 0 0 0 0 0 0 0 0 0 0 0 0 0 0 0 0 0 0 0 0 0 0 0 0 0 0 0 0 0 0 0 0 0 0 0 0 0 0 0 0 0 0 0 0 0 0 0 0 0 0 0 0 0 0 0 0 0 0 0 0 0 0 0 0 0 0 0 0 0 0 0 0 0 0 0 0 0 0 0 0 0 0 0 0 0 0 0 0 0 0 0 0 0 0 0 0 0 0 0 0 0 0 0 0 0 0 0 0 0 0 0 0 0 0 0 0 0 0 0 0 0 0 0 0 0 0 0 0 0 0 0 0 0 0 0 0 0 0 0 0 0 0 0 0 0 0 0 0 0 0 0 0 0 0 0 0 0 0 0 0 0 0 0 0 0 0 0 0 0 0 0 0 0 0 0 0 0 0 0 0 0 0 0 0 0 0 0 0 0 0 0 0 0 0 0 0 0 0 0 0 0 0 0 0 0 0 0 0 0 0 0 0 0 0 0 0 0 0 0 0 0 0 0 0 0 0 0 0 0 0 0 0 0 0 0 0 0 0 0 0 0 0 0 0 0 0 0 0 0 0 0 0 0 0 0 0 0 0 0 0 0 0 0 0 0 0 0 0 0 0 0 0 0 0 0 0 0 0 0 0 0 0 0 0 0 0 0 0 0 0 0 0 0 0 0 0 0 0 0 0 0 0 0 0 0 0 0 0 0 0 0 0 0 0 0 0 0 0 0 0 0 0 0 0 0 0 0 0 0 0 0 0 0 0 0 0 0 0 0 0 0 0 0 0 0 0 0 0 0 0 0 0 0 0 0 0 0 0 0 0 0 0 0 0 0 0 0 0 0 0 0 0 0 0 0 0 0 0 0 0 0 0 0 0 0 0 0 0 0 0 0 0 0 0 0 0 0 0 0 0 0 0 0 0 0 0 0 0 0 0 0 0 0 0 0 0 0 0 0 0 0 0 0 0 0 0 0 0 0 0 0 0 0 0 0 0 0 0 0 0 0 0 0 0 0 0 0 0 0 0 0 0 0 0 0 0 0 0 0 0 0 0 0 0 0 0 0 0 0 0 0 0 0 0 0 0 0 0 0 0 0 0 0 0 0 0 0 0 0 0 0 0 0 0 0 0 0 0 0 0 0 0 0 0 0 0 0 0 0 0 0 0 0 0 0 0 0 0 0 0 0 0 0 0 0 0 0 0 0 0 0 0 0 0 0 0 0 0 0 0 0 0 0 0 0 0 0 0 0 0 0 0 0 0 0 0 0 0 0 0 0 0 0 0 0 0 0 0 0 0 0 0 0 0 0 0 0 0 0 0 0 0 0 0 0 0 0 0 0 0 0 0 0 0 0 0 0 0 0 0 0 0 0 0 0 0 0 0 0 0 0 0 0 0 0 0 0 0 0 0 0 0 0 0 0 0 0 0 0 0 0 0 0 0 0 0 0 0 0 0 0 0 0 0 0 0 0 0 0 0 0 0 0 0 0 0 0 0 0 0 0 0 0 0 0 0 0 0 0 0 0 0 0 0 0 0 0 0 0 0 0 0 0 0 0 0 0 0 0 0 0 0 0 0 0 0.8661882 0.004246175 0.4865074 0.00554347 0.4865074 0.004246056 0.8661882 0.00554347 0.4865074 0.009385824 0.4865074 0.00554347 0.4865074 0.009385824 0.8661882 0.01562529 0.4865074 0.01562529 0.8661882 0.01562529 0.4865074 0.0240224 0.4865074 0.01562529 0.4865074 0.0240224 0.8661882 0.03425413 0.4865074 0.03425413 0.8661882 0.03425413 0.4865074 0.04592758 0.4865074 0.03425413 0.8661882 0.04592758 0.4865074 0.0585938 0.4865074 0.04592758 0.8661882 0.05859392 0.4865073 0.07176643 0.4865074 0.0585938 0.4865073 0.07176643 0.8661882 0.08493906 0.4865073 0.08493906 0.4865073 0.08493906 0.8661882 0.09760546 0.4865073 0.09760546 0.8661882 0.09760546 0.4865073 0.1092787 0.4865073 0.09760546 0.8661882 0.1092787 0.4865073 0.1195105 0.4865073 0.1092787 0.8661882 0.1195105 0.4865073 0.1279076 0.4865073 0.1195105 0.4865073 0.1279076 0.8661882 0.1341471 0.4865073 0.1341471 0.8661882 0.1341471 0.4865073 0.1379894 0.4865073 0.1341471 0.4865073 0.1379894 0.8661882 0.1392866 0.4865073 0.1392866 0.0749529 0.1078025 0.04722875 0.1146095 0.04722875 0.105428 0.1260236 0.1392866 0.0749529 0.1353833 0.1260237 0.1379894 0.1260237 0.1341471 0.0749529 0.1353833 0.0749529 0.1316922 0.1260237 0.1279076 0.0749529 0.1316922 0.0749529 0.1256983 0.1260237 0.1279076 0.0749529 0.1176317 0.1260237 0.1195105 0.1260237 0.1092787 0.0749529 0.1176317 0.0749529 0.1078025 0.1260237 0.1092787 0.0749529 0.09658861 0.1260237 0.09760546 0.1260237 0.08493906 0.0749529 0.09658861 0.0749529 0.08442074 0.1260237 0.08493906 0.0749529 0.07176643 0.1260237 0.07176643 0.1260237 0.07176643 0.0749529 0.05911231 0.1260237 0.0585938 0.1260237 0.04592758 0.0749529 0.05911231 0.0749529 0.04694437 0.1260237 0.03425413 0.0749529 0.04694437 0.0749529 0.03573036 0.1260237 0.03425413 0.0749529 0.02590119 0.1260237 0.0240224 0.1260237 0.01562529 0.0749529 0.02590119 0.0749529 0.01783466 0.1260237 0.01562529 0.0749529 0.01184064 0.1260237 0.009385824 0.1260237 0.00554347 0.0749529 0.01184064 0.0749529 0.008149504 0.1260237 0.00554347 0.0749529 0.006903231 0.1260237 0.004246056 0.04722875 0.1277437 0.02631407 0.1196494 0.02631407 0.1168711 0.0749529 0.08442074 0.04722881 0.07176631 0.0749529 0.07176643 0.0749529 0.03573036 0.04722881 0.04857981 0.04722881 0.03810477 0.0749529 0.01783466 0.04722881 0.01578903 0.0749529 0.01184064 0.0749529 0.1316922 0.04722875 0.1221446 0.0749529 0.1256983 0.0749529 0.09658861 0.04722875 0.105428 0.04722875 0.09495294 0.0749529 0.05911231 0.04722881 0.07176631 0.04722881 0.05994606 0.0749529 0.03573036 0.04722881 0.02892315 0.0749529 0.02590119 0.0749529 0.008149504 0.04722881 0.01578903 0.04722881 0.0123412 0.0749529 0.1366297 0.04722875 0.1311916 0.0749529 0.1353833 0.0749529 0.1176317 0.04722875 0.1221446 0.04722875 0.1146095 0.0749529 0.08442074 0.04722875 0.09495294 0.04722881 0.08358687 0.0749529 0.04694437 0.04722881 0.05994606 0.04722881 0.04857981 0.0749529 0.01783466 0.04722881 0.02892315 0.04722881 0.02138805 0.0749529 0.006903231 0.04722881 0.0123412 0.04722881 0.011177 0.0749529 0.1316922 0.04722875 0.1311916 0.04722875 0.1277437 0.04722875 0.1146095 0.02631407 0.09888994 0.04722875 0.105428 0.04722881 0.08358687 0.02631407 0.07176643 0.04722881 0.07176631 0.04722881 0.03810477 0.02631407 0.05308336 0.02631407 0.0446428 0.04722881 0.02138805 0.02631407 0.02666151 0.04722881 0.01578903 0.04722875 0.1277437 0.02631407 0.1123597 0.04722875 0.1221446 0.04722875 0.105428 0.02631407 0.09044939 0.04722875 0.09495294 0.04722881 0.07176631 0.02631407 0.06224197 0.04722881 0.05994606 0.04722881 0.03810477 0.02631407 0.03724461 0.04722881 0.02892315 0.04722881 0.0123412 0.02631407 0.02666151 0.02631407 0.02388334 0.04722875 0.1323556 0.02631407 0.1196494 0.04722875 0.1311916 0.04722875 0.1146095 0.02631407 0.1123597 0.02631407 0.1062881 0.04722875 0.09495294 0.02631407 0.08129096 0.04722881 0.08358687 0.04722881 0.05994606 0.02631407 0.05308336 0.04722881 0.04857981 0.04722881 0.02138805 0.02631407 0.03724461 0.02631407 0.03117311 0.04722881 0.011177 0.02631407 0.02388334 0.02631407 0.02294522 0.02631407 0.1168711 0.0122087 0.09365546 0.0122087 0.09238541 0.02631407 0.1062881 0.0122087 0.08416557 0.02631407 0.09888994 0.02631407 0.07176643 0.0122087 0.07612043 0.0122087 0.07176631 0.02631407 0.05308336 0.0122087 0.05936712 0.02631407 0.0446428 0.02631407 0.03117311 0.0122087 0.05114722 0.02631407 0.02666151 0.02631407 0.1168711 0.0122087 0.09032309 0.02631407 0.1123597 0.02631407 0.09044939 0.0122087 0.08416557 0.0122087 0.08030706 0.02631407 0.07176643 0.0122087 0.06741231 0.02631407 0.06224197 0.02631407 0.03724461 0.0122087 0.05936712 0.0122087 0.05598521 0.02631407 0.02388334 0.0122087 0.05114722 0.0122087 0.04987722 0.02631407 0.1196494 0.0122087 0.09408432 0.0122087 0.09365546 0.02631407 0.1062881 0.0122087 0.09032309 0.0122087 0.08754754 0.02631407 0.08129096 0.0122087 0.08030706 0.0122087 0.07612043 0.02631407 0.05308336 0.0122087 0.06741231 0.0122087 0.06322568 0.02631407 0.03724461 0.0122087 0.05320966 0.02631407 0.03117311 0.02631407 0.02294522 0.0122087 0.04987722 0.0122087 0.04944843 0.0122087 0.09238541 0.005885839 0.07672387 0.005885839 0.07643634 0.0122087 0.08754754 0.005885839 0.07457453 0.0122087 0.08416557 0.0122087 0.07176631 0.005885839 0.07275241 0.005885839 0.07176631 0.0122087 0.06322568 0.005885839 0.06895804 0.0122087 0.05936712 0.0122087 0.05320966 0.005885839 0.06709641 0.0122087 0.05114722 0.0122087 0.09032309 0.005885839 0.07643634 0.005885839 0.07596909 0.0122087 0.08030706 0.005885839 0.07457453 0.005885839 0.07370078 0.0122087 0.07176631 0.005885839 0.07078033 0.0122087 0.06741231 0.0122087 0.05598521 0.005885839 0.06895804 0.005885839 0.06819224 0.0122087 0.04987722 0.005885839 0.06709641 0.005885839 0.0668087 0.0122087 0.09408432 0.005885839 0.07672387 0.0122087 0.09365546 0.0122087 0.09032309 0.005885839 0.0753405 0.0122087 0.08754754 0.0122087 0.07612043 0.005885839 0.07370078 0.005885839 0.07275241 0.0122087 0.06741231 0.005885839 0.06983196 0.0122087 0.06322568 0.0122087 0.05320966 0.005885839 0.06819224 0.005885839 0.06756347 0.0122087 0.04944843 0.005885839 0.0668087 0.005885839 0.0667116 0.005885839 0.07643634 0.001994848 0.07356756 0.001994848 0.07346296 0.005885839 0.0753405 0.001994848 0.07278656 0.005885839 0.07457453 0.005885839 0.07176631 0.001994848 0.0721246 0.001994848 0.07176631 0.005885839 0.06983196 0.001994848 0.070746 0.005885839 0.06895804 0.005885839 0.06709641 0.001994848 0.07023942 0.001994848 0.07006961 0.005885839 0.07643634 0.001994848 0.07329338 0.005885839 0.07596909 0.005885839 0.07370078 0.001994848 0.07278656 0.001994848 0.07246923 0.005885839 0.07078033 0.001994848 0.07176631 0.001994848 0.07140803 0.005885839 0.06819224 0.001994848 0.070746 0.001994848 0.07046777 0.005885839 0.06709641 0.001994848 0.06996518 0.005885839 0.0668087 0.005885839 0.07682114 0.001994848 0.07356756 0.005885839 0.07672387 0.005885839 0.0753405 0.001994848 0.07329338 0.001994848 0.07306486 0.005885839 0.07275241 0.001994848 0.07246923 0.001994848 0.0721246 0.005885839 0.07078033 0.001994848 0.07106351 0.005885839 0.06983196 0.005885839 0.06756347 0.001994848 0.07046777 0.001994848 0.07023942 0.005885839 0.0668087 0.001994848 0.06992983 0.005885839 0.0667116 0.8661882 0.1379894 0.883221 0.1340163 0.8661882 0.1392866 0.8661882 0.1379894 0.883221 0.1292777 0.883221 0.1328201 0.8661882 0.1279076 0.883221 0.1292777 0.8661882 0.1341471 0.8661882 0.1195105 0.883221 0.1235253 0.8661882 0.1279076 0.8661882 0.1092787 0.883221 0.1157838 0.8661882 0.1195105 0.8661882 0.1092787 0.883221 0.09558844 0.883221 0.1063506 0.8661882 0.08493906 0.883221 0.09558844 0.8661882 0.09760546 0.8661882 0.08493906 0.883221 0.07176643 0.883221 0.08391082 0.8661882 0.05859392 0.883221 0.07176643 0.8661882 0.07176643 0.8661882 0.04592758 0.883221 0.05962216 0.8661882 0.05859392 0.8661882 0.04592758 0.883221 0.03718239 0.883221 0.04794442 0.8661882 0.0240224 0.883221 0.03718239 0.8661882 0.03425413 0.8661882 0.0240224 0.883221 0.02000766 0.883221 0.0277493 0.8661882 0.009385824 0.883221 0.02000766 0.8661882 0.01562529 0.8661882 0.009385824 0.883221 0.01071292 0.883221 0.01425516 0.8661882 0.00554347 0.883221 0.009516716 0.883221 0.01071292 0.883221 0.1328201 0.9864822 0.1005722 0.9864822 0.1023464 0.883221 0.1063506 0.9864822 0.09381341 0.883221 0.1157838 0.883221 0.08391082 0.9864822 0.07176661 0.9864822 0.07784932 0.883221 0.03718239 0.9864822 0.05983477 0.883221 0.04794442 0.883221 0.01425516 0.9864822 0.04584217 0.883221 0.02000766 0.883221 0.1235253 0.9864822 0.1005722 0.883221 0.1292777 0.883221 0.1063506 0.9864822 0.08369821 0.9864822 0.08908867 0.883221 0.07176643 0.9864822 0.06568384 0.9864822 0.07176661 0.883221 0.03718239 0.9864822 0.04971969 0.9864822 0.05444455 0.883221 0.01071292 0.9864822 0.042961 0.883221 0.01425516 0.883221 0.1328201 0.9864822 0.1029456 0.883221 0.1340163 0.883221 0.1235253 0.9864822 0.09381341 0.9864822 0.09769088 0.883221 0.09558844 0.9864822 0.07784932 0.9864822 0.08369821 0.883221 0.04794442 0.9864822 0.06568384 0.883221 0.05962216 0.883221 0.0277493 0.9864822 0.04584217 0.9864822 0.04971969 0.883221 0.01071292 0.9864822 0.04058766 0.9864822 0.04118669 0.9864822 0.1023464 0.9907404 0.1005722 0.9907404 0.1023464 0.9864822 0.08908867 0.9907404 0.09381341 0.9864822 0.09381341 0.9864822 0.07784932 0.9907404 0.07176661 0.9907404 0.07784932 0.9864822 0.05983477 0.9907404 0.05444455 0.9907404 0.05983477 0.9864822 0.042961 0.9907404 0.04584217 0.9864822 0.04584217 0.9864822 0.1005722 0.9907404 0.09769088 0.9907404 0.1005722 0.9864822 0.08908867 0.9907404 0.08369821 0.9907404 0.08908867 0.9864822 0.06568384 0.9907404 0.07176661 0.9864822 0.07176661 0.9864822 0.05444455 0.9907404 0.04971969 0.9907404 0.05444455 0.9864822 0.04118669 0.9907404 0.042961 0.9864822 0.042961 0.9864822 0.1023464 0.9907404 0.1029456 0.9864822 0.1029456 0.9864822 0.09769088 0.9907404 0.09381341 0.9907404 0.09769088 0.9864822 0.08369821 0.9907404 0.07784932 0.9907404 0.08369821 0.9864822 0.06568384 0.9907404 0.05983477 0.9907404 0.06568384 0.9864822 0.04584217 0.9907404 0.04971969 0.9864822 0.04971969 0.9864822 0.04118669 0.9907404 0.04058766 0.9907404 0.04118669 0.4865074 0.004246056 0.416117 0.00554347 0.416117 0.004246056 0.4865074 0.00554347 0.416117 0.009385824 0.416117 0.00554347 0.416117 0.009385824 0.4865074 0.01562529 0.416117 0.01562529 0.416117 0.01562529 0.4865074 0.0240224 0.416117 0.0240224 0.416117 0.0240224 0.4865074 0.03425413 0.416117 0.03425413 0.416117 0.03425413 0.4865074 0.04592758 0.416117 0.04592758 0.4865074 0.04592758 0.416117 0.0585938 0.416117 0.04592758 0.416117 0.0585938 0.4865073 0.07176643 0.416117 0.07176643 0.4865073 0.08493906 0.4865073 0.09760546 0.416117 0.09760546 0.430405 0.08493906 0.4865073 0.08493906 0.416117 0.09760546 0.416117 0.08493906 0.430405 0.08493906 0.416117 0.09760546 0.416117 0.09760546 0.4865073 0.1092787 0.416117 0.1092787 0.416117 0.1092787 0.4865073 0.1195105 0.416117 0.1195105 0.416117 0.1195105 0.4865073 0.1279076 0.416117 0.1279076 0.416117 0.1279076 0.4865073 0.1341471 0.416117 0.1341471 0.4865073 0.1341471 0.416117 0.1379894 0.416117 0.1341471 0.416117 0.1379894 0.4865073 0.1392866 0.416117 0.1392866 0.416117 0.1092787 0.1260237 0.1195105 0.1260237 0.1092787 0.416117 0.009385824 0.1260237 0.01562529 0.1260237 0.009385824 0.416117 0.08493906 0.1260237 0.09760546 0.1260237 0.08493906 0.1260237 0.004246056 0.416117 0.00554347 0.1260237 0.00554347 0.1260237 0.1379894 0.416117 0.1392866 0.1260236 0.1392866 0.1260237 0.04592758 0.416117 0.0585938 0.1260237 0.0585938 0.416117 0.1279076 0.1260237 0.1341471 0.1260237 0.1279076 0.1260237 0.0240224 0.416117 0.03425413 0.1260237 0.03425413 0.1260237 0.09760546 0.416117 0.1092787 0.1260237 0.1092787 0.416117 0.00554347 0.1260237 0.009385824 0.1260237 0.00554347 0.416117 0.0585938 0.1260237 0.07176643 0.1260237 0.0585938 0.1260237 0.1341471 0.416117 0.1379894 0.1260237 0.1379894 0.416117 0.03425413 0.1260237 0.04592758 0.1260237 0.03425413 0.1260237 0.1195105 0.416117 0.1279076 0.1260237 0.1279076 0.416117 0.01562529 0.1260237 0.0240224 0.1260237 0.01562529 0.416117 0.07176643 0.1260237 0.08493906 0.1260237 0.07176643 0.1347292 0.2132155 0.5143429 0.2007904 0.5143428 0.2132156 0.1347292 0.2007902 0.5143429 0.1888425 0.5143429 0.2007904 0.1347292 0.1888424 0.5143429 0.1778313 0.5143429 0.1888425 0.1347292 0.1778312 0.5143429 0.1681799 0.5143429 0.1778313 0.1347292 0.1681799 0.5143429 0.1602593 0.5143429 0.1681799 0.1347292 0.1602592 0.5143429 0.1543737 0.5143429 0.1602593 0.1347292 0.1543736 0.5143428 0.1507493 0.5143429 0.1543737 0.5143428 0.1507493 0.1347292 0.1495255 0.5143428 0.1495256 0.5143428 0.2769057 0.1347292 0.2756817 0.5143428 0.2756818 0.1347292 0.2756817 0.5143428 0.2720575 0.5143428 0.2756818 0.5143428 0.2720575 0.1347292 0.2661718 0.5143428 0.2661719 0.1347292 0.2661718 0.5143428 0.2582513 0.5143428 0.2661719 0.5143428 0.2582513 0.1347292 0.2485997 0.5143428 0.2485998 0.1347292 0.2485997 0.5143428 0.2375886 0.5143428 0.2485998 0.1347292 0.2720574 0.1176994 0.2620381 0.1347292 0.2661718 0.1347292 0.2256407 0.5143428 0.2132156 0.5143428 0.2256408 0.1347292 0.2375886 0.5143428 0.2256408 0.5143428 0.2375886 0.8747627 0.1681801 0.9258244 0.1623433 0.9258244 0.1699525 0.8747627 0.1681801 0.9258245 0.179224 0.8747627 0.1778314 0.8747627 0.1888427 0.9258245 0.179224 0.9258245 0.1898018 0.8747627 0.1888427 0.9258245 0.2012794 0.8747627 0.2007905 0.8747627 0.2256409 0.9258245 0.2132157 0.9258245 0.225152 0.8747627 0.2375887 0.9258245 0.225152 0.9258245 0.2366296 0.8747627 0.2375887 0.9258245 0.2472075 0.8747627 0.2486 0.8747627 0.2582514 0.9258245 0.2472075 0.9258245 0.2564791 0.8747627 0.2582514 0.9258245 0.2640882 0.8747627 0.2661719 0.8747627 0.2720577 0.9258245 0.2640882 0.9258245 0.269742 0.8747627 0.2720577 0.9258245 0.2732238 0.8747627 0.2756819 0.8747627 0.2769058 0.9258245 0.2732238 0.9258245 0.2743995 0.8747627 0.2132157 0.9258245 0.2012794 0.9258245 0.2132157 0.8747627 0.1495258 0.9258244 0.1532077 0.8747627 0.1507495 0.8747627 0.1543738 0.9258244 0.1532077 0.9258244 0.1566895 0.8747627 0.1543738 0.9258244 0.1623433 0.8747627 0.1602594 0.9258244 0.1520321 0.9535437 0.1571616 0.9258244 0.1532077 0.9258244 0.1699525 0.9535437 0.1656953 0.9535437 0.1728029 0.9258245 0.1898018 0.9535437 0.2020658 0.9258245 0.2012794 0.9258245 0.225152 0.9535437 0.2350869 0.9258245 0.2366296 0.9258245 0.2640882 0.9535437 0.2536286 0.9535437 0.2607361 0.9258245 0.2743995 0.9535437 0.2692699 0.9535437 0.270368 0.9258244 0.1566895 0.9535437 0.1571616 0.9535437 0.1604139 0.9258244 0.1699525 0.9535437 0.1814635 0.9258245 0.179224 0.9258245 0.2012794 0.9535437 0.2132157 0.9258245 0.2132157 0.9258245 0.2366296 0.9535437 0.2449676 0.9258245 0.2472075 0.9258245 0.2640882 0.9535437 0.2660176 0.9258245 0.269742 0.9258244 0.1566895 0.9535437 0.1656953 0.9258244 0.1623433 0.9258245 0.179224 0.9535437 0.1913444 0.9258245 0.1898018 0.9258245 0.2132157 0.9535437 0.2243655 0.9258245 0.225152 0.9258245 0.2564791 0.9535437 0.2449676 0.9535437 0.2536286 0.9258245 0.269742 0.9535437 0.2692699 0.9258245 0.2732238 0.9744547 0.2583824 0.9885576 0.232665 0.9885576 0.2338629 0.9535437 0.1560634 0.9744547 0.168049 0.9535437 0.1571616 0.9535437 0.1728029 0.9744547 0.1749252 0.9744547 0.1806523 0.9535437 0.2020658 0.9744547 0.1955926 0.9744547 0.2042315 0.9535437 0.2350869 0.9744547 0.2221999 0.9744547 0.2308388 0.9535437 0.2536286 0.9744547 0.2515062 0.9535437 0.2607361 0.9535437 0.270368 0.9744547 0.2583824 0.9744547 0.2592673 0.9535437 0.1604139 0.9744547 0.168049 0.9744547 0.1706696 0.9535437 0.1728029 0.9744547 0.1876308 0.9535437 0.1814635 0.9535437 0.2020658 0.9744547 0.2132157 0.9535437 0.2132157 0.9535437 0.2350869 0.9744547 0.2388005 0.9535437 0.2449676 0.9535437 0.2607361 0.9744547 0.2557618 0.9535437 0.2660176 0.9535437 0.1604139 0.9744547 0.1749252 0.9535437 0.1656953 0.9535437 0.1814635 0.9744547 0.1955926 0.9535437 0.1913444 0.9535437 0.2132157 0.9744547 0.2221999 0.9535437 0.2243655 0.9535437 0.2536286 0.9744547 0.2388005 0.9744547 0.245779 0.9535437 0.2660176 0.9744547 0.2583824 0.9535437 0.2692699 0.9885576 0.2249115 0.9948793 0.2165872 0.9885576 0.2281016 0.9744547 0.168049 0.9885576 0.1921638 0.9885576 0.1925684 0.9744547 0.1749252 0.9885576 0.1983298 0.9744547 0.1806523 0.9744547 0.1955926 0.9885576 0.2091087 0.9744547 0.2042315 0.9744547 0.2221999 0.9885576 0.2212718 0.9744547 0.2308388 0.9744547 0.245779 0.9885576 0.2307197 0.9744547 0.2515062 0.9744547 0.2583824 0.9885576 0.2342677 0.9744547 0.2592673 0.9744547 0.168049 0.9885576 0.1937662 0.9744547 0.1706696 0.9744547 0.1876308 0.9885576 0.1983298 0.9885576 0.20152 0.9744547 0.2132157 0.9885576 0.2091087 0.9885576 0.2132157 0.9744547 0.2388005 0.9885576 0.2212718 0.9885576 0.2249115 0.9744547 0.2515062 0.9885576 0.232665 0.9744547 0.2557618 0.9744547 0.1749252 0.9885576 0.1937662 0.9885576 0.1957117 0.9744547 0.1955926 0.9885576 0.20152 0.9885576 0.2051596 0.9744547 0.2221999 0.9885576 0.2132157 0.9885576 0.2173227 0.9744547 0.2388005 0.9885576 0.2281016 0.9744547 0.245779 0.9948793 0.2132157 0.9987695 0.2135536 0.9948793 0.2141458 0.9885576 0.2338629 0.9948793 0.2176207 0.9948793 0.217892 0.9885576 0.1925684 0.9948793 0.2084478 0.9948793 0.2085394 0.9885576 0.1957117 0.9948793 0.2098442 0.9885576 0.1983298 0.9885576 0.2051596 0.9948793 0.2122855 0.9885576 0.2091087 0.9885576 0.2173227 0.9948793 0.2150403 0.9885576 0.2212718 0.9885576 0.2281016 0.9948793 0.2171801 0.9885576 0.2307197 0.9885576 0.2338629 0.9948793 0.2179836 0.9885576 0.2342677 0.9885576 0.1925684 0.9948793 0.2088107 0.9885576 0.1937662 0.9885576 0.20152 0.9948793 0.2098442 0.9948793 0.2105666 0.9885576 0.2132157 0.9948793 0.2122855 0.9948793 0.2132157 0.9885576 0.2249115 0.9948793 0.2150403 0.9948793 0.2158647 0.9885576 0.2307197 0.9948793 0.2176207 0.9885576 0.232665 0.9885576 0.1957117 0.9948793 0.2088107 0.9948793 0.2092514 0.9885576 0.2051596 0.9948793 0.2105666 0.9948793 0.211391 0.9885576 0.2173227 0.9948793 0.2132157 0.9948793 0.2141458 0.9987695 0.2132157 0.9987695 0.2128778 0.9987695 0.2135536 0.9987695 0.2128778 0.9987695 0.2138786 0.9987695 0.2135536 0.9987695 0.2128778 0.9987695 0.2125527 0.9987695 0.2138786 0.9987695 0.2125527 0.9987695 0.2141781 0.9987695 0.2138786 0.9987695 0.2125527 0.9987695 0.2122533 0.9987695 0.2141781 0.9987695 0.2122533 0.9987695 0.2144407 0.9987695 0.2141781 0.9987695 0.2122533 0.9987695 0.2119908 0.9987695 0.2144407 0.9987695 0.2119908 0.9987695 0.2146561 0.9987695 0.2144407 0.9987695 0.2119908 0.9987695 0.2117753 0.9987695 0.2146561 0.9987695 0.2117753 0.9987695 0.2148161 0.9987695 0.2146561 0.9987695 0.2117753 0.9987695 0.2116153 0.9987695 0.2148161 0.9987695 0.2116153 0.9987695 0.2149147 0.9987695 0.2148161 0.9987695 0.2116153 0.9987695 0.2115167 0.9987695 0.2149147 0.9987695 0.2115167 0.9987695 0.2149479 0.9987695 0.2149147 0.9987695 0.2115167 0.9987695 0.2114832 0.9987695 0.2149479 0.9987695 0.2114832 0.9987695 0.2149147 0.9987695 0.2149479 0.9987695 0.2114832 0.9987695 0.2115167 0.9987695 0.2149147 0.9987695 0.2115167 0.9987695 0.2148161 0.9987695 0.2149147 0.9987695 0.2115167 0.9987695 0.2116153 0.9987695 0.2148161 0.9987695 0.2116153 0.9987695 0.2146561 0.9987695 0.2148161 0.9987695 0.2116153 0.9987695 0.2117753 0.9987695 0.2146561 0.9987695 0.2117753 0.9987695 0.2144407 0.9987695 0.2146561 0.9987695 0.2117753 0.9987695 0.2119908 0.9987695 0.2144407 0.9987695 0.2119908 0.9987695 0.2141781 0.9987695 0.2144407 0.9987695 0.2119908 0.9987695 0.2122533 0.9987695 0.2141781 0.9987695 0.2122533 0.9987695 0.2138786 0.9987695 0.2141781 0.9987695 0.2122533 0.9987695 0.2125527 0.9987695 0.2138786 0.9987695 0.2125527 0.9987695 0.2135536 0.9987695 0.2138786 0.9987695 0.2125527 0.9987695 0.2128778 0.9987695 0.2135536 0.9987695 0.2128778 0.9987695 0.2132157 0.9987695 0.2135536 0.9948793 0.2158647 0.9987695 0.2144407 0.9948793 0.2165872 0.9948793 0.2176207 0.9987695 0.2149147 0.9948793 0.217892 0.9948793 0.2084478 0.9987695 0.2115167 0.9948793 0.2085394 0.9948793 0.2098442 0.9987695 0.2117753 0.9987695 0.2119908 0.9948793 0.211391 0.9987695 0.2128778 0.9948793 0.2122855 0.9948793 0.2141458 0.9987695 0.2138786 0.9948793 0.2150403 0.9948793 0.2171801 0.9987695 0.2144407 0.9987695 0.2146561 0.9948793 0.2179836 0.9987695 0.2149147 0.9987695 0.2149479 0.9948793 0.2088107 0.9987695 0.2115167 0.9987695 0.2116153 0.9948793 0.2098442 0.9987695 0.2122533 0.9948793 0.2105666 0.9948793 0.2122855 0.9987695 0.2132157 0.9948793 0.2132157 0.9948793 0.2158647 0.9987695 0.2138786 0.9987695 0.2141781 0.9948793 0.2171801 0.9987695 0.2148161 0.9948793 0.2176207 0.9948793 0.2088107 0.9987695 0.2117753 0.9948793 0.2092514 0.9948793 0.211391 0.9987695 0.2122533 0.9987695 0.2125527 0.1176994 0.1805933 0.01445651 0.2019607 0.01445651 0.1968761 0.1347292 0.2720574 0.1176994 0.2708057 0.1176994 0.2674642 0.1347292 0.2756817 0.1176994 0.271934 0.1176994 0.2708057 0.1347292 0.2132155 0.1176994 0.2017601 0.1347292 0.2007902 0.1347292 0.1507493 0.1176994 0.154497 0.1347292 0.1495255 0.1347292 0.1507493 0.1176994 0.1589668 0.1176994 0.1556254 0.1347292 0.1602592 0.1176994 0.1589668 0.1347292 0.1543736 0.1347292 0.1602592 0.1176994 0.1716953 0.1176994 0.164393 0.1347292 0.1778312 0.1176994 0.1716953 0.1347292 0.1681799 0.1347292 0.1778312 0.1176994 0.1907449 0.1176994 0.1805933 0.1347292 0.2007902 0.1176994 0.1907449 0.1347292 0.1888424 0.1347292 0.2256407 0.1176994 0.2132155 0.1347292 0.2132155 0.1347292 0.2256407 0.1176994 0.235686 0.1176994 0.2246708 0.1347292 0.2485997 0.1176994 0.235686 0.1347292 0.2375886 0.1347292 0.2485997 0.1176994 0.2547357 0.1176994 0.2458376 0.1347292 0.2582511 0.1176994 0.2620381 0.1176994 0.2547357 0.01445651 0.1887618 0.01019901 0.186044 0.01445651 0.186044 0.1176994 0.2246708 0.01445651 0.2132156 0.1176994 0.2132155 0.1176994 0.2458376 0.01445651 0.2340117 0.01445651 0.229555 0.1176994 0.2708057 0.01445651 0.240387 0.1176994 0.2674642 0.1176994 0.1556254 0.01445651 0.1838053 0.1176994 0.154497 0.1176994 0.164393 0.01445651 0.1924193 0.01445651 0.1887618 0.1176994 0.2017601 0.01445651 0.2019607 0.1176994 0.1907449 0.1176994 0.2246708 0.01445651 0.2244703 0.01445651 0.2189532 0.1176994 0.2547357 0.01445651 0.2376693 0.01445651 0.2340117 0.1176994 0.2708057 0.01445651 0.2426258 0.01445651 0.2420607 0.1176994 0.1556254 0.01445651 0.186044 0.01445651 0.1843705 0.1176994 0.1805933 0.01445651 0.1924193 0.1176994 0.1716953 0.1176994 0.2132155 0.01445651 0.2074779 0.1176994 0.2017601 0.1176994 0.2458376 0.01445651 0.2244703 0.1176994 0.235686 0.1176994 0.2674642 0.01445651 0.2376693 0.1176994 0.2620381 0.1176994 0.164393 0.01445651 0.186044 0.1176994 0.1589668 0.01445651 0.2019607 0.01019901 0.1968761 0.01445651 0.1968761 0.01445651 0.2132156 0.01019901 0.2189532 0.01019901 0.2132156 0.01445651 0.229555 0.01019901 0.2340117 0.01019901 0.229555 0.01445651 0.240387 0.01019901 0.2420607 0.01019901 0.240387 0.01445651 0.1843705 0.01019901 0.1838053 0.01445651 0.1838053 0.01445651 0.1887618 0.01019901 0.1924193 0.01019901 0.1887618 0.01445651 0.2074779 0.01019901 0.2019607 0.01445651 0.2019607 0.01445651 0.2189532 0.01019901 0.2244703 0.01019901 0.2189532 0.01445651 0.2376693 0.01019901 0.2340117 0.01445651 0.2340117 0.01445651 0.2420607 0.01019901 0.2426258 0.01019901 0.2420607 0.01445651 0.186044 0.01019901 0.1843705 0.01445651 0.1843705 0.01445651 0.1968761 0.01019901 0.1924193 0.01445651 0.1924193 0.01445651 0.2132156 0.01019901 0.2074779 0.01445651 0.2074779 0.01445651 0.2244703 0.01019901 0.229555 0.01019901 0.2244703 0.01445651 0.240387 0.01019901 0.2376694 0.01445651 0.2376693 0.5847207 0.2007904 0.5143429 0.1888425 0.5847207 0.1888425 0.5143429 0.1888425 0.5847207 0.1778313 0.5847207 0.1888425 0.5143429 0.1778313 0.5847207 0.1681799 0.5847207 0.1778313 0.5143429 0.1681799 0.5847207 0.1602594 0.5847207 0.1681799 0.5143429 0.1602593 0.5847207 0.1543738 0.5847207 0.1602594 0.5143429 0.1543737 0.5847207 0.1507493 0.5847207 0.1543738 0.5847207 0.1507493 0.5143428 0.1495256 0.5847207 0.1495256 0.5847207 0.2769057 0.5143428 0.2756818 0.5847207 0.2756818 0.5143428 0.2756818 0.5847207 0.2720575 0.5847207 0.2756818 0.5847207 0.2720575 0.5143428 0.2661719 0.5847207 0.2661719 0.5847207 0.2661719 0.5143428 0.2582513 0.5847207 0.2582513 0.5143428 0.2582513 0.5847207 0.2485998 0.5847207 0.2582513 0.5847207 0.2485998 0.5143428 0.2375886 0.5847207 0.2375887 0.5847207 0.2256408 0.5847207 0.2132156 0.5847207 0.2132156 0.5143428 0.2375886 0.5847207 0.2256408 0.5847207 0.2375887 0.8747627 0.1602594 0.5847207 0.1543738 0.8747627 0.1543738 0.5847207 0.1507493 0.8747627 0.1495258 0.8747627 0.1507495 0.8747627 0.2486 0.5847207 0.2375887 0.8747627 0.2375887 0.8747627 0.2661719 0.5847207 0.2582513 0.8747627 0.2582514 0.5847207 0.2132156 0.8747627 0.2007905 0.8747627 0.2132157 0.8747627 0.2375887 0.5847207 0.2256408 0.8747627 0.2256409 0.5847207 0.1681799 0.8747627 0.1602594 0.8747627 0.1681801 0.5847207 0.1888425 0.8747627 0.1778314 0.8747627 0.1888427 0.5847207 0.2582513 0.8747627 0.2486 0.8747627 0.2582514 0.8747627 0.2756819 0.5847207 0.2720575 0.8747627 0.2720577 0.5847207 0.1543738 0.8747627 0.1507495 0.8747627 0.1543738 0.8747627 0.2256409 0.5847207 0.2132156 0.8747627 0.2132157 0.5847207 0.1778313 0.8747627 0.1681801 0.8747627 0.1778314 0.8747627 0.2007905 0.5847207 0.1888425 0.8747627 0.1888427 0.5847207 0.2720575 0.8747627 0.2661719 0.8747627 0.2720577 0.5847207 0.2769057 0.8747627 0.2756819 0.8747627 0.2769058 0.5153152 0.2030954 0.5852289 0.2154387 0.5153152 0.2154387 0.5847207 0.2132156 0.5143428 0.2132156 0.5143428 0.2132156 0.5143428 0.2256408 0.5847207 0.2256408 0.5847207 0.2256408 0.5847207 0.2256408 0.5143428 0.2132156 0.5847207 0.2132156 0.5143428 0.2256408 0.5143428 0.2132156 0.5143428 0.2256408 0.5143428 0.2256408 0.5847207 0.2256408 0.5847207 0.2256408 0.5153152 0.2154387 0.5153152 0.2030954 0.5153152 0.2030954 0.416117 0.08493906 0.430405 0.08493906 0.430405 0.08493906 0.4865073 0.08591562 0.430405 0.08591562 0.416117 0.08591562 0.4865073 0.07274299 0.4865073 0.08591562 0.416117 0.08591562 0.4865073 0.07274299 0.416117 0.08591562 0.416117 0.07274299 0.4865073 0.07176643 0.416117 0.07176643 0.416117 0.07176643 0.430405 0.08493906 0.4865073 0.08493906 0.4865073 0.08493906 0.4865073 0.08493906 0.4865073 0.07176643 0.4865073 0.07176643 0.416117 0.08493906 0.416117 0.07176643 0.416117 0.08493906 0 0 0 0 0 0 0 0 0 0 0 0 0 0 0 0 0 0 0 0 0 0 0 0 0 0 0 0 0 0 0 0 0 0 0 0 0 0 0 0 0 0 0 0 0 0 0 0 0 0 0 0 0 0 0 0 0 0 0 0 0 0 0 0 0 0 0 0 0 0 0 0 0 0 0 0 0 0 0 0 0 0 0 0 0 0 0 0 0 0 0 0 0 0 0 0 0 0 0 0 0 0 0 0 0 0 0 0 0 0 0 0 0 0 0 0 0 0 0 0 0 0 0 0 0 0 0 0 0 0 0 0 0 0 0 0 0 0 0 0 0 0 0 0 0 0 0 0 0 0 0 0 0 0 0 0 0 0 0 0 0 0 0 0 0 0 0 0 0 0 0 0 0 0 0 0 0 0 0 0 0 0 0 0 0 0 0 0 0 0 0 0 0 0 0 0 0 0 0 0 0 0 0 0 0 0 0 0 0 0 0 0 0 0 0 0 0 0 0 0 0 0 0 0 0 0 0 0 0 0 0 0 0 0 0 0 0 0 0 0 0 0 0 0 0 0 0 0 0 0 0 0 0 0 0 0 0 0 0 0 0 0 0 0 0 0 0 0 0 0 0 0 0 0 0 0 0 0 0 0 0 0 0 0 0 0 0 0 0 0 0 0 0 0 0 0 0 0 0 0 0 0 0 0 0 0 0 0 0 0 0 0 0 0 0 0 0 0 0 0 0 0 0 0 0 0 0 0 0 0 0 0 0 0 0 0 0 0 0 0 0 0 0 0 0 0 0 0 0 0 0 0 0 0 0 0 0 0 0 0 0 0 0 0 0 0 0 0 0 0 0 0 0 0 0 0 0 0 0 0 0 0 0 0 0 0 0 0 0 0 0 0 0 0 0 0 0 0 0 0 0 0 0 0 0 0 0 0 0 0 0 0 0 0 0 0 0 0 0 0 0 0 0 0 0 0 0 0 0 0 0 0 0 0 0 0 0 0 0 0 0 0 0 0 0 0 0 0 0 0 0 0 0 0 0 0 0 0 0 0 0 0 0 0 0 0 0 0 0 0 0 0 0 0 0 0 0 0 0 0 0 0 0 0 0 0 0 0 0 0 0 0 0 0 0 0 0 0 0 0 0 0 0 0 0 0 0 0 0 0 0 0 0 0 0 0 0 0 0 0 0 0 0 0 0 0 0 0 0 0 0 0 0 0 0 0 0 0 0 0 0 0 0 0 0 0 0 0 0 0 0 0 0 0 0 0 0 0 0 0 0 0 0 0 0 0 0 0 0 0 0 0 0 0 0 0 0 0 0 0 0 0 0 0 0 0 0 0 0 0 0 0 0 0 0 0 0 0 0 0 0 0 0 0 0 0 0 0 0 0 0 0 0 0 0 0 0 0 0 0 0 0 0 0 0 0 0 0 0 0 0 0 0 0 0 0 0 0 0 0 0 0 0 0 0 0 0 0 0 0 0 0 0 0 0 0 0 0 0 0 0 0 0 0 0 0 0 0 0 0 0 0 0 0 0 0 0 0 0 0 0 0 0 0 0 0 0 0 0 0 0 0 0 0 0 0 0 0 0 0 0 0 0 0 0 0 0 0 0 0 0 0 0 0 0 0 0 0 0 0 0 0 0 0 0 0 0 0 0 0 0 0 0 0 0 0 0 0 0 0 0 0 0 0 0 0 0 0 0 0 0 0 0 0 0 0 0 0 0 0 0 0 0 0 0 0 0 0 0 0 0 0 0 0 0 0 0 0 0 0 0 0 0 0 0 0 0 0 0 0 0 0 0 0 0 0 0 0 0 0 0 0 0 0 0 0 0 0 0 0 0 0 0 0 0 0 0 0 0 0 0 0 0 0 0 0 0 0 0 0 0 0 0 0 0 0 0 0 0 0 0 0 0 0 0 0 0 0 0 0 0 0 0 0 0 0 0 0 0 0 0 0 0 0 0 0 0 0 0 0 0 0 0 0 0 0 0 0 0 0 0 0 0 0 0 0 0 0 0 0 0 0 0 0 0 0 0 0 0 0 0 0 0 0 0 0 0 0 0 0 0 0 0 0 0 0 0 0 0 0 0 0 0 0 0 0 0 0 0 0 0 0 0 0 0 0 0 0 0 0 0 0 0 0 0 0 0 0 0 0 0 0 0 0 0 0 0 0 0 0 0 0 0 0 0 0 0 0 0 0 0 0 0 0 0 0 0 0 0 0 0 0 0 0 0 0 0 0 0 0 0 0 0 0 0 0 0 0 0 0 0 0 0 0 0 0 0 0 0 0 0 0 0 0 0 0 0 0 0 0 0 0 0 0 0 0 0 0 0 0 0 0 0 0 0 0 0 0 0 0 0 0 0 0 0 0 0 0 0 0 0 0 0 0 0 0 0 0 0 0 0 0 0 0 0 0 0 0 0 0 0 0 0 0 0 0 0 0 0 0 0 0 0 0 0 0 0 0 0 0 0 0 0 0 0 0 0 0 0 0 0 0 0 0 0 0 0 0 0 0 0 0 0 0 0 0 0 0 0 0 0 0 0 0 0 0 0 0 0 0 0 0 0 0 0 0 0 0 0 0 0 0 0 0 0 0 0 0 0 0 0 0 0 0 0 0 0 0 0 0 0 0 0 0 0 0 0 0 0 0 0 0 0 0 0 0 0 0 0 0 0 0 0 0 0 0 0 0 0 0 0 0 0 0 0 0 0 0 0 0 0 0 0 0 0 0 0 0 0 0 0 0 0 0 0 0 0 0 0 0 0 0 0 0 0 0 0 0 0 0 0 0 0 0 0 0 0 0 0 0 0 0 0 0 0 0 0 0 0 0 0 0 0 0 0 0 0 0 0 0 0 0 0 0 0 0 0 0 0 0 0 0 0 0 0 0 0 0 0 0 0 0 0 0 0 0 0 0 0 0 0 0 0 0 0 0 0 0 0 0 0 0 0 0 0 0 0 0 0 0 0 0 0 0 0 0 0 0 0 0 0 0 0 0 0 0 0 0 0 0 0 0 0 0 0 0 0 0 0 0 0 0 0 0 0 0 0 0 0 0 0 0 0 0 0 0 0 0 0 0 0 0 0 0 0 0 0 0 0 0 0 0 0 0 0 0 0 0 0 0 0 0 0 0 0 0 0 0 0 0 0 0 0 0 0 0 0 0 0 0 0 0 0 0 0 0 0 0 0 0 0 0 0 0 0 0 0 0 0 0 0 0 0 0 0 0 0 0 0 0 0 0 0 0 0 0 0 0 0 0 0 0 0 0 0 0 0 0 0 0 0 0 0 0 0 0 0 0 0 0 0 0 0 0 0 0 0 0 0 0 0 0 0 0 0 0 0 0 0 0 0 0 0 0 0 0 0 0 0 0 0 0 0 0 0 0 0 0 0 0 0 0 0 0 0 0 0 0 0 0 0 0 0 0 0 0 0 0 0 0 0 0 0 0 0 0 0 0 0 0 0 0 0 0 0 0 0 0 0 0 0 0 0 0 0 0 0 0 0 0 0 0 0 0 0 0 0 0 0 0 0 0 0 0 0 0 0 0 0 0 0 0 0 0 0 0 0 0 0 0 0 0 0 0 0 0 0 0 0 0 0 0 0 0 0 0 0 0 0 0 0 0 0 0 0 0 0 0 0 0 0 0 0 0 0 0 0 0 0 0 0 0 0 0 0 0 0 0 0 0 0 0 0 0 0 0 0 0 0 0 0 0 0 0 0 0 0 0 0 0 0 0 0 0 0 0 0 0 0 0 0 0 0 0 0 0 0 0 0 0 0 0 0 0 0 0 0 0 0 0 0 0 0 0 0 0 0 0 0 0 0 0 0 0 0 0 0 0 0 0 0 0 0 0 0 0 0 0 0 0 0 0 0 0 0 0 0 0 0 0 0 0 0 0 0 0 0 0 0 0 0 0 0 0 0 0 0 0 0 0 0 0 0 0 0 0 0 0 0 0 0 0 0 0 0 0 0 0 0 0 0 0 0 0 0 0 0 0 0 0 0 0 0 0 0 0 0 0 0 0 0 0 0 0 0 0 0 0 0 0 0 0 0 0 0 0 0 0 0 0 0 0 0 0 0 0 0 0 0 0 0 0 0 0 0 0 0 0 0 0 0 0 0 0 0 0 0 0 0 0 0 0 0 0 0 0 0 0 0 0 0 0 0 0 0 0 0 0 0 0 0 0 0 0 0 0 0 0 0 0 0 0 0 0 0 0 0 0 0 0 0 0 0 0 0 0 0 0 0 0 0 0 0 0 0 0 0 0 0 0 0 0 0 0 0 0 0 0 0 0 0 0 0 0 0 0 0 0 0 0 0 0 0 0 0 0 0 0 0 0 0 0 0 0 0 0 0 0 0 0 0 0 0 0 0 0 0 0 0 0 0 0 0 0 0 0 0 0 0 0 0 0 0 0 0 0 0 0 0 0 0 0 0 0 0 0 0 0 0 0 0 0 0 0 0 0 0 0 0 0 0 0 0 0 0 0 0 0 0 0 0 0 0 0 0 0 0 0 0 0 0 0 0 0 0 0 0 0 0 0 0 0 0 0 0 0 0 0 0 0 0 0 0 0 0 0 0 0 0 0 0 0 0 0 0 0 0 0 0 0 0 0 0 0 0 0 0 0 0 0 0 0 0 0 0 0 0 0 0 0 0 0 0 0 0 0 0 0 0 0 0 0 0 0 0 0 0 0 0 0 0 0 0 0 0 0 0 0 0 0 0 0 0 0 0 0 0 0 0 0 0 0 0 0 0 0 0 0 0 0 0 0 0 0 0 0 0 0 0 0 0 0 0 0 0 0 0 0 0 0 0 0 0 0 0 0 0 0 0 0 0 0 0 0 0 0 0 0 0 0 0 0 0 0 0 0 0 0 0 0 0 0 0 0 0 0 0 0 0 0 0 0 0 0 0 0 0 0 0 0 0 0 0 0 0 0 0 0 0 0 0 0 0 0 0 0 0 0 0 0 0 0 0 0 0 0 0 0 0 0 0 0 0 0 0 0 0 0 0 0 0 0 0 0 0 0 0 0 0 0 0 0 0 0 0 0 0 0 0 0 0 0 0 0 0 0 0 0 0 0 0 0 0 0 0 0 0 0 0 0 0 0 0 0 0 0 0 0 0 0 0 0 0 0 0 0 0 0 0 0 0 0 0 0 0 0 0 0 0 0 0 0 0 0 0 0 0 0 0 0 0 0 0 0 0 0 0 0 0 0 0 0 0 0 0 0 0 0 0 0 0 0 0 0 0 0 0 0 0 0 0 0 0 0 0 0 0 0 0 0 0 0 0 0 0 0 0 0 0 0 0 0 0 0 0 0 0 0 0 0 0 0 0 0 0 0 0 0 0 0 0 0 0 0 0 0 0 0 0 0 0 0 0 0 0 0 0 0 0 0 0 0 0 0 0 0 0 0 0 0 0 0 0 0 0 0 0 0 0 0 0 0 0 0 0 0 0 0 0 0 0 0 0 0 0 0 0 0 0 0 0 0 0 0 0 0 0 0 0 0 0 0 0 0 0 0 0 0 0 0 0 0 0 0 0 0 0 0 0 0 0 0 0 0 0 0 0 0 0 0 0 0 0 0 0 0 0 0 0 0 0 0 0 0 0 0 0 0 0 0 0 0 0 0 0 0 0 0 0 0 0 0 0 0 0 0 0 0 0 0 0 0 0 0 0 0 0 0 0 0 0 0 0 0 0 0 0 0 0 0 0 0 0 0 0 0 0 0 0 0 0 0 0 0 0 0 0 0 0 0 0 0 0 0 0 0 0 0 0 0 0 0 0 0 0 0 0 0 0 0 0 0 0 0 0 0 0 0 0 0 0 0 0 0 0 0 0 0 0 0 0 0 0 0 0 0 0 0 0 0 0 0 0 0 0 0 0 0 0 0 0 0 0 0 0 0 0 0 0 0 0 0 0 0 0 0 0 0 0 0 0 0 0 0 0 0 0 0 0 0 0 0 0 0 0 0 0 0 0 0 0 0 0 0 0 0 0 0 0 0 0 0 0 0 0 0 0 0 0 0 0 0 0 0 0 0 0 0 0 0 0 0 0 0 0 0 0 0 0 0 0 0 0 0 0 0 0 0 0 0 0 0 0 0 0 0 0 0 0 0 0 0 0 0 0 0 0 0 0 0 0 0 0 0 0 0 0 0 0 0 0 0 0 0 0 0 0 0 0 0 0 0 0 0 0 0 0 0 0 0 0 0 0 0 0 0 0 0 0 0 0 0 0 0 0 0 0 0 0 0 0 0 0 0 0 0 0 0 0 0 0 0 0 0 0 0 0 0 0 0 0 0 0 0 0 0 0 0 0 0 0 0 0 0 0 0 0 0 0 0 0 0 0 0 0 0 0 0 0 0 0 0 0 0 0 0 0 0 0 0 0 0 0 0 0 0 0 0 0 0 0 0 0 0 0 0 0 0 0 0 0 0 0 0 0 0 0 0 0 0 0 0 0 0 0 0 0 0 0 0 0 0 0 0 0 0 0 0 0 0 0 0 0 0 0 0 0 0 0 0 0 0 0 0 0 0 0 0 0 0 0 0 0 0 0.8661882 0.004246175 0.8661882 0.00554347 0.4865074 0.00554347 0.8661882 0.00554347 0.8661882 0.009385824 0.4865074 0.009385824 0.4865074 0.009385824 0.8661882 0.009385824 0.8661882 0.01562529 0.8661882 0.01562529 0.8661882 0.0240224 0.4865074 0.0240224 0.4865074 0.0240224 0.8661882 0.0240224 0.8661882 0.03425413 0.8661882 0.03425413 0.8661882 0.04592758 0.4865074 0.04592758 0.8661882 0.04592758 0.8661882 0.05859392 0.4865074 0.0585938 0.8661882 0.05859392 0.8661882 0.07176643 0.4865073 0.07176643 0.4865073 0.07176643 0.8661882 0.07176643 0.8661882 0.08493906 0.4865073 0.08493906 0.8661882 0.08493906 0.8661882 0.09760546 0.8661882 0.09760546 0.8661882 0.1092787 0.4865073 0.1092787 0.8661882 0.1092787 0.8661882 0.1195105 0.4865073 0.1195105 0.8661882 0.1195105 0.8661882 0.1279076 0.4865073 0.1279076 0.4865073 0.1279076 0.8661882 0.1279076 0.8661882 0.1341471 0.8661882 0.1341471 0.8661882 0.1379894 0.4865073 0.1379894 0.4865073 0.1379894 0.8661882 0.1379894 0.8661882 0.1392866 0.0749529 0.1078025 0.0749529 0.1176317 0.04722875 0.1146095 0.1260236 0.1392866 0.0749529 0.1366297 0.0749529 0.1353833 0.1260237 0.1341471 0.1260237 0.1379894 0.0749529 0.1353833 0.1260237 0.1279076 0.1260237 0.1341471 0.0749529 0.1316922 0.1260237 0.1279076 0.0749529 0.1256983 0.0749529 0.1176317 0.1260237 0.1092787 0.1260237 0.1195105 0.0749529 0.1176317 0.1260237 0.1092787 0.0749529 0.1078025 0.0749529 0.09658861 0.1260237 0.08493906 0.1260237 0.09760546 0.0749529 0.09658861 0.1260237 0.08493906 0.0749529 0.08442074 0.0749529 0.07176643 0.1260237 0.07176643 0.0749529 0.07176643 0.0749529 0.05911231 0.1260237 0.04592758 0.1260237 0.0585938 0.0749529 0.05911231 0.1260237 0.03425413 0.1260237 0.04592758 0.0749529 0.04694437 0.1260237 0.03425413 0.0749529 0.03573036 0.0749529 0.02590119 0.1260237 0.01562529 0.1260237 0.0240224 0.0749529 0.02590119 0.1260237 0.01562529 0.0749529 0.01783466 0.0749529 0.01184064 0.1260237 0.00554347 0.1260237 0.009385824 0.0749529 0.01184064 0.1260237 0.00554347 0.0749529 0.008149504 0.0749529 0.006903231 0.04722875 0.1277437 0.04722875 0.1311916 0.02631407 0.1196494 0.0749529 0.08442074 0.04722881 0.08358687 0.04722881 0.07176631 0.0749529 0.03573036 0.0749529 0.04694437 0.04722881 0.04857981 0.0749529 0.01783466 0.04722881 0.02138805 0.04722881 0.01578903 0.0749529 0.1316922 0.04722875 0.1277437 0.04722875 0.1221446 0.0749529 0.09658861 0.0749529 0.1078025 0.04722875 0.105428 0.0749529 0.05911231 0.0749529 0.07176643 0.04722881 0.07176631 0.0749529 0.03573036 0.04722881 0.03810477 0.04722881 0.02892315 0.0749529 0.008149504 0.0749529 0.01184064 0.04722881 0.01578903 0.0749529 0.1366297 0.04722875 0.1323556 0.04722875 0.1311916 0.0749529 0.1176317 0.0749529 0.1256983 0.04722875 0.1221446 0.0749529 0.08442074 0.0749529 0.09658861 0.04722875 0.09495294 0.0749529 0.04694437 0.0749529 0.05911231 0.04722881 0.05994606 0.0749529 0.01783466 0.0749529 0.02590119 0.04722881 0.02892315 0.0749529 0.006903231 0.0749529 0.008149504 0.04722881 0.0123412 0.0749529 0.1316922 0.0749529 0.1353833 0.04722875 0.1311916 0.04722875 0.1146095 0.02631407 0.1062881 0.02631407 0.09888994 0.04722881 0.08358687 0.02631407 0.08129096 0.02631407 0.07176643 0.04722881 0.03810477 0.04722881 0.04857981 0.02631407 0.05308336 0.04722881 0.02138805 0.02631407 0.03117311 0.02631407 0.02666151 0.04722875 0.1277437 0.02631407 0.1168711 0.02631407 0.1123597 0.04722875 0.105428 0.02631407 0.09888994 0.02631407 0.09044939 0.04722881 0.07176631 0.02631407 0.07176643 0.02631407 0.06224197 0.04722881 0.03810477 0.02631407 0.0446428 0.02631407 0.03724461 0.04722881 0.0123412 0.04722881 0.01578903 0.02631407 0.02666151 0.04722875 0.1323556 0.02631407 0.1205874 0.02631407 0.1196494 0.04722875 0.1146095 0.04722875 0.1221446 0.02631407 0.1123597 0.04722875 0.09495294 0.02631407 0.09044939 0.02631407 0.08129096 0.04722881 0.05994606 0.02631407 0.06224197 0.02631407 0.05308336 0.04722881 0.02138805 0.04722881 0.02892315 0.02631407 0.03724461 0.04722881 0.011177 0.04722881 0.0123412 0.02631407 0.02388334 0.02631407 0.1168711 0.02631407 0.1196494 0.0122087 0.09365546 0.02631407 0.1062881 0.0122087 0.08754754 0.0122087 0.08416557 0.02631407 0.07176643 0.02631407 0.08129096 0.0122087 0.07612043 0.02631407 0.05308336 0.0122087 0.06322568 0.0122087 0.05936712 0.02631407 0.03117311 0.0122087 0.05320966 0.0122087 0.05114722 0.02631407 0.1168711 0.0122087 0.09238541 0.0122087 0.09032309 0.02631407 0.09044939 0.02631407 0.09888994 0.0122087 0.08416557 0.02631407 0.07176643 0.0122087 0.07176631 0.0122087 0.06741231 0.02631407 0.03724461 0.02631407 0.0446428 0.0122087 0.05936712 0.02631407 0.02388334 0.02631407 0.02666151 0.0122087 0.05114722 0.02631407 0.1196494 0.02631407 0.1205874 0.0122087 0.09408432 0.02631407 0.1062881 0.02631407 0.1123597 0.0122087 0.09032309 0.02631407 0.08129096 0.02631407 0.09044939 0.0122087 0.08030706 0.02631407 0.05308336 0.02631407 0.06224197 0.0122087 0.06741231 0.02631407 0.03724461 0.0122087 0.05598521 0.0122087 0.05320966 0.02631407 0.02294522 0.02631407 0.02388334 0.0122087 0.04987722 0.0122087 0.09238541 0.0122087 0.09365546 0.005885839 0.07672387 0.0122087 0.08754754 0.005885839 0.0753405 0.005885839 0.07457453 0.0122087 0.07176631 0.0122087 0.07612043 0.005885839 0.07275241 0.0122087 0.06322568 0.005885839 0.06983196 0.005885839 0.06895804 0.0122087 0.05320966 0.005885839 0.06756347 0.005885839 0.06709641 0.0122087 0.09032309 0.0122087 0.09238541 0.005885839 0.07643634 0.0122087 0.08030706 0.0122087 0.08416557 0.005885839 0.07457453 0.0122087 0.07176631 0.005885839 0.07176631 0.005885839 0.07078033 0.0122087 0.05598521 0.0122087 0.05936712 0.005885839 0.06895804 0.0122087 0.04987722 0.0122087 0.05114722 0.005885839 0.06709641 0.0122087 0.09408432 0.005885839 0.07682114 0.005885839 0.07672387 0.0122087 0.09032309 0.005885839 0.07596909 0.005885839 0.0753405 0.0122087 0.07612043 0.0122087 0.08030706 0.005885839 0.07370078 0.0122087 0.06741231 0.005885839 0.07078033 0.005885839 0.06983196 0.0122087 0.05320966 0.0122087 0.05598521 0.005885839 0.06819224 0.0122087 0.04944843 0.0122087 0.04987722 0.005885839 0.0668087 0.005885839 0.07643634 0.005885839 0.07672387 0.001994848 0.07356756 0.005885839 0.0753405 0.001994848 0.07306486 0.001994848 0.07278656 0.005885839 0.07176631 0.005885839 0.07275241 0.001994848 0.0721246 0.005885839 0.06983196 0.001994848 0.07106351 0.001994848 0.070746 0.005885839 0.06709641 0.005885839 0.06756347 0.001994848 0.07023942 0.005885839 0.07643634 0.001994848 0.07346296 0.001994848 0.07329338 0.005885839 0.07370078 0.005885839 0.07457453 0.001994848 0.07278656 0.005885839 0.07078033 0.005885839 0.07176631 0.001994848 0.07176631 0.005885839 0.06819224 0.005885839 0.06895804 0.001994848 0.070746 0.005885839 0.06709641 0.001994848 0.07006961 0.001994848 0.06996518 0.005885839 0.07682114 0.001994848 0.07360291 0.001994848 0.07356756 0.005885839 0.0753405 0.005885839 0.07596909 0.001994848 0.07329338 0.005885839 0.07275241 0.005885839 0.07370078 0.001994848 0.07246923 0.005885839 0.07078033 0.001994848 0.07140803 0.001994848 0.07106351 0.005885839 0.06756347 0.005885839 0.06819224 0.001994848 0.07046777 0.005885839 0.0668087 0.001994848 0.06996518 0.001994848 0.06992983 0.8661882 0.1379894 0.883221 0.1328201 0.883221 0.1340163 0.8661882 0.1379894 0.8661882 0.1341471 0.883221 0.1292777 0.8661882 0.1279076 0.883221 0.1235253 0.883221 0.1292777 0.8661882 0.1195105 0.883221 0.1157838 0.883221 0.1235253 0.8661882 0.1092787 0.883221 0.1063506 0.883221 0.1157838 0.8661882 0.1092787 0.8661882 0.09760546 0.883221 0.09558844 0.8661882 0.08493906 0.883221 0.08391082 0.883221 0.09558844 0.8661882 0.08493906 0.8661882 0.07176643 0.883221 0.07176643 0.8661882 0.05859392 0.883221 0.05962216 0.883221 0.07176643 0.8661882 0.04592758 0.883221 0.04794442 0.883221 0.05962216 0.8661882 0.04592758 0.8661882 0.03425413 0.883221 0.03718239 0.8661882 0.0240224 0.883221 0.0277493 0.883221 0.03718239 0.8661882 0.0240224 0.8661882 0.01562529 0.883221 0.02000766 0.8661882 0.009385824 0.883221 0.01425516 0.883221 0.02000766 0.8661882 0.009385824 0.8661882 0.00554347 0.883221 0.01071292 0.8661882 0.00554347 0.8661882 0.004246175 0.883221 0.009516716 0.883221 0.1328201 0.883221 0.1292777 0.9864822 0.1005722 0.883221 0.1063506 0.9864822 0.08908867 0.9864822 0.09381341 0.883221 0.08391082 0.883221 0.07176643 0.9864822 0.07176661 0.883221 0.03718239 0.9864822 0.05444455 0.9864822 0.05983477 0.883221 0.01425516 0.9864822 0.042961 0.9864822 0.04584217 0.883221 0.1235253 0.9864822 0.09769088 0.9864822 0.1005722 0.883221 0.1063506 0.883221 0.09558844 0.9864822 0.08369821 0.883221 0.07176643 0.883221 0.05962216 0.9864822 0.06568384 0.883221 0.03718239 0.883221 0.0277493 0.9864822 0.04971969 0.883221 0.01071292 0.9864822 0.04118669 0.9864822 0.042961 0.883221 0.1328201 0.9864822 0.1023464 0.9864822 0.1029456 0.883221 0.1235253 0.883221 0.1157838 0.9864822 0.09381341 0.883221 0.09558844 0.883221 0.08391082 0.9864822 0.07784932 0.883221 0.04794442 0.9864822 0.05983477 0.9864822 0.06568384 0.883221 0.0277493 0.883221 0.02000766 0.9864822 0.04584217 0.883221 0.01071292 0.883221 0.009516716 0.9864822 0.04058766 0.9864822 0.1023464 0.9864822 0.1005722 0.9907404 0.1005722 0.9864822 0.08908867 0.9907404 0.08908867 0.9907404 0.09381341 0.9864822 0.07784932 0.9864822 0.07176661 0.9907404 0.07176661 0.9864822 0.05983477 0.9864822 0.05444455 0.9907404 0.05444455 0.9864822 0.042961 0.9907404 0.042961 0.9907404 0.04584217 0.9864822 0.1005722 0.9864822 0.09769088 0.9907404 0.09769088 0.9864822 0.08908867 0.9864822 0.08369821 0.9907404 0.08369821 0.9864822 0.06568384 0.9907404 0.06568384 0.9907404 0.07176661 0.9864822 0.05444455 0.9864822 0.04971969 0.9907404 0.04971969 0.9864822 0.04118669 0.9907404 0.04118669 0.9907404 0.042961 0.9864822 0.1023464 0.9907404 0.1023464 0.9907404 0.1029456 0.9864822 0.09769088 0.9864822 0.09381341 0.9907404 0.09381341 0.9864822 0.08369821 0.9864822 0.07784932 0.9907404 0.07784932 0.9864822 0.06568384 0.9864822 0.05983477 0.9907404 0.05983477 0.9864822 0.04584217 0.9907404 0.04584217 0.9907404 0.04971969 0.9864822 0.04118669 0.9864822 0.04058766 0.9907404 0.04058766 0.4865074 0.004246056 0.4865074 0.00554347 0.416117 0.00554347 0.4865074 0.00554347 0.4865074 0.009385824 0.416117 0.009385824 0.416117 0.009385824 0.4865074 0.009385824 0.4865074 0.01562529 0.416117 0.01562529 0.4865074 0.01562529 0.4865074 0.0240224 0.416117 0.0240224 0.4865074 0.0240224 0.4865074 0.03425413 0.416117 0.03425413 0.4865074 0.03425413 0.4865074 0.04592758 0.4865074 0.04592758 0.4865074 0.0585938 0.416117 0.0585938 0.416117 0.0585938 0.4865074 0.0585938 0.4865073 0.07176643 0.416117 0.09760546 0.4865073 0.09760546 0.4865073 0.1092787 0.416117 0.1092787 0.4865073 0.1092787 0.4865073 0.1195105 0.416117 0.1195105 0.4865073 0.1195105 0.4865073 0.1279076 0.416117 0.1279076 0.4865073 0.1279076 0.4865073 0.1341471 0.4865073 0.1341471 0.4865073 0.1379894 0.416117 0.1379894 0.416117 0.1379894 0.4865073 0.1379894 0.4865073 0.1392866 0.416117 0.1092787 0.416117 0.1195105 0.1260237 0.1195105 0.416117 0.009385824 0.416117 0.01562529 0.1260237 0.01562529 0.416117 0.08493906 0.416117 0.09760546 0.1260237 0.09760546 0.1260237 0.004246056 0.416117 0.004246056 0.416117 0.00554347 0.1260237 0.1379894 0.416117 0.1379894 0.416117 0.1392866 0.1260237 0.04592758 0.416117 0.04592758 0.416117 0.0585938 0.416117 0.1279076 0.416117 0.1341471 0.1260237 0.1341471 0.1260237 0.0240224 0.416117 0.0240224 0.416117 0.03425413 0.1260237 0.09760546 0.416117 0.09760546 0.416117 0.1092787 0.416117 0.00554347 0.416117 0.009385824 0.1260237 0.009385824 0.416117 0.0585938 0.416117 0.07176643 0.1260237 0.07176643 0.1260237 0.1341471 0.416117 0.1341471 0.416117 0.1379894 0.416117 0.03425413 0.416117 0.04592758 0.1260237 0.04592758 0.1260237 0.1195105 0.416117 0.1195105 0.416117 0.1279076 0.416117 0.01562529 0.416117 0.0240224 0.1260237 0.0240224 0.416117 0.07176643 0.416117 0.08493906 0.1260237 0.08493906 0.1347292 0.2132155 0.1347292 0.2007902 0.5143429 0.2007904 0.1347292 0.2007902 0.1347292 0.1888424 0.5143429 0.1888425 0.1347292 0.1888424 0.1347292 0.1778312 0.5143429 0.1778313 0.1347292 0.1778312 0.1347292 0.1681799 0.5143429 0.1681799 0.1347292 0.1681799 0.1347292 0.1602592 0.5143429 0.1602593 0.1347292 0.1602592 0.1347292 0.1543736 0.5143429 0.1543737 0.1347292 0.1543736 0.1347292 0.1507493 0.5143428 0.1507493 0.5143428 0.1507493 0.1347292 0.1507493 0.1347292 0.1495255 0.5143428 0.2769057 0.1347292 0.2769055 0.1347292 0.2756817 0.1347292 0.2756817 0.1347292 0.2720574 0.5143428 0.2720575 0.5143428 0.2720575 0.1347292 0.2720574 0.1347292 0.2661718 0.1347292 0.2661718 0.1347292 0.2582511 0.5143428 0.2582513 0.5143428 0.2582513 0.1347292 0.2582511 0.1347292 0.2485997 0.1347292 0.2485997 0.1347292 0.2375886 0.5143428 0.2375886 0.1347292 0.2720574 0.1176994 0.2674642 0.1176994 0.2620381 0.1347292 0.2256407 0.1347292 0.2132155 0.5143428 0.2132156 0.1347292 0.2375886 0.1347292 0.2256407 0.5143428 0.2256408 0.8747627 0.1681801 0.8747627 0.1602594 0.9258244 0.1623433 0.8747627 0.1681801 0.9258244 0.1699525 0.9258245 0.179224 0.8747627 0.1888427 0.8747627 0.1778314 0.9258245 0.179224 0.8747627 0.1888427 0.9258245 0.1898018 0.9258245 0.2012794 0.8747627 0.2256409 0.8747627 0.2132157 0.9258245 0.2132157 0.8747627 0.2375887 0.8747627 0.2256409 0.9258245 0.225152 0.8747627 0.2375887 0.9258245 0.2366296 0.9258245 0.2472075 0.8747627 0.2582514 0.8747627 0.2486 0.9258245 0.2472075 0.8747627 0.2582514 0.9258245 0.2564791 0.9258245 0.2640882 0.8747627 0.2720577 0.8747627 0.2661719 0.9258245 0.2640882 0.8747627 0.2720577 0.9258245 0.269742 0.9258245 0.2732238 0.8747627 0.2769058 0.8747627 0.2756819 0.9258245 0.2732238 0.8747627 0.2132157 0.8747627 0.2007905 0.9258245 0.2012794 0.8747627 0.1495258 0.9258244 0.1520321 0.9258244 0.1532077 0.8747627 0.1543738 0.8747627 0.1507495 0.9258244 0.1532077 0.8747627 0.1543738 0.9258244 0.1566895 0.9258244 0.1623433 0.9258244 0.1520321 0.9535437 0.1560634 0.9535437 0.1571616 0.9258244 0.1699525 0.9258244 0.1623433 0.9535437 0.1656953 0.9258245 0.1898018 0.9535437 0.1913444 0.9535437 0.2020658 0.9258245 0.225152 0.9535437 0.2243655 0.9535437 0.2350869 0.9258245 0.2640882 0.9258245 0.2564791 0.9535437 0.2536286 0.9258245 0.2743995 0.9258245 0.2732238 0.9535437 0.2692699 0.9258244 0.1566895 0.9258244 0.1532077 0.9535437 0.1571616 0.9258244 0.1699525 0.9535437 0.1728029 0.9535437 0.1814635 0.9258245 0.2012794 0.9535437 0.2020658 0.9535437 0.2132157 0.9258245 0.2366296 0.9535437 0.2350869 0.9535437 0.2449676 0.9258245 0.2640882 0.9535437 0.2607361 0.9535437 0.2660176 0.9258244 0.1566895 0.9535437 0.1604139 0.9535437 0.1656953 0.9258245 0.179224 0.9535437 0.1814635 0.9535437 0.1913444 0.9258245 0.2132157 0.9535437 0.2132157 0.9535437 0.2243655 0.9258245 0.2564791 0.9258245 0.2472075 0.9535437 0.2449676 0.9258245 0.269742 0.9535437 0.2660176 0.9535437 0.2692699 0.9744547 0.2583824 0.9744547 0.2557618 0.9885576 0.232665 0.9535437 0.1560634 0.9744547 0.1671642 0.9744547 0.168049 0.9535437 0.1728029 0.9535437 0.1656953 0.9744547 0.1749252 0.9535437 0.2020658 0.9535437 0.1913444 0.9744547 0.1955926 0.9535437 0.2350869 0.9535437 0.2243655 0.9744547 0.2221999 0.9535437 0.2536286 0.9744547 0.245779 0.9744547 0.2515062 0.9535437 0.270368 0.9535437 0.2692699 0.9744547 0.2583824 0.9535437 0.1604139 0.9535437 0.1571616 0.9744547 0.168049 0.9535437 0.1728029 0.9744547 0.1806523 0.9744547 0.1876308 0.9535437 0.2020658 0.9744547 0.2042315 0.9744547 0.2132157 0.9535437 0.2350869 0.9744547 0.2308388 0.9744547 0.2388005 0.9535437 0.2607361 0.9744547 0.2515062 0.9744547 0.2557618 0.9535437 0.1604139 0.9744547 0.1706696 0.9744547 0.1749252 0.9535437 0.1814635 0.9744547 0.1876308 0.9744547 0.1955926 0.9535437 0.2132157 0.9744547 0.2132157 0.9744547 0.2221999 0.9535437 0.2536286 0.9535437 0.2449676 0.9744547 0.2388005 0.9535437 0.2660176 0.9744547 0.2557618 0.9744547 0.2583824 0.9885576 0.2249115 0.9948793 0.2158647 0.9948793 0.2165872 0.9744547 0.168049 0.9744547 0.1671642 0.9885576 0.1921638 0.9744547 0.1749252 0.9885576 0.1957117 0.9885576 0.1983298 0.9744547 0.1955926 0.9885576 0.2051596 0.9885576 0.2091087 0.9744547 0.2221999 0.9885576 0.2173227 0.9885576 0.2212718 0.9744547 0.245779 0.9885576 0.2281016 0.9885576 0.2307197 0.9744547 0.2583824 0.9885576 0.2338629 0.9885576 0.2342677 0.9744547 0.168049 0.9885576 0.1925684 0.9885576 0.1937662 0.9744547 0.1876308 0.9744547 0.1806523 0.9885576 0.1983298 0.9744547 0.2132157 0.9744547 0.2042315 0.9885576 0.2091087 0.9744547 0.2388005 0.9744547 0.2308388 0.9885576 0.2212718 0.9744547 0.2515062 0.9885576 0.2307197 0.9885576 0.232665 0.9744547 0.1749252 0.9744547 0.1706696 0.9885576 0.1937662 0.9744547 0.1955926 0.9744547 0.1876308 0.9885576 0.20152 0.9744547 0.2221999 0.9744547 0.2132157 0.9885576 0.2132157 0.9744547 0.2388005 0.9885576 0.2249115 0.9885576 0.2281016 0.9948793 0.2132157 0.9987695 0.2132157 0.9987695 0.2135536 0.9885576 0.2338629 0.9885576 0.232665 0.9948793 0.2176207 0.9885576 0.1925684 0.9885576 0.1921638 0.9948793 0.2084478 0.9885576 0.1957117 0.9948793 0.2092514 0.9948793 0.2098442 0.9885576 0.2051596 0.9948793 0.211391 0.9948793 0.2122855 0.9885576 0.2173227 0.9948793 0.2141458 0.9948793 0.2150403 0.9885576 0.2281016 0.9948793 0.2165872 0.9948793 0.2171801 0.9885576 0.2338629 0.9948793 0.217892 0.9948793 0.2179836 0.9885576 0.1925684 0.9948793 0.2085394 0.9948793 0.2088107 0.9885576 0.20152 0.9885576 0.1983298 0.9948793 0.2098442 0.9885576 0.2132157 0.9885576 0.2091087 0.9948793 0.2122855 0.9885576 0.2249115 0.9885576 0.2212718 0.9948793 0.2150403 0.9885576 0.2307197 0.9948793 0.2171801 0.9948793 0.2176207 0.9885576 0.1957117 0.9885576 0.1937662 0.9948793 0.2088107 0.9885576 0.2051596 0.9885576 0.20152 0.9948793 0.2105666 0.9885576 0.2173227 0.9885576 0.2132157 0.9948793 0.2132157 0.9948793 0.2158647 0.9987695 0.2141781 0.9987695 0.2144407 0.9948793 0.2176207 0.9987695 0.2148161 0.9987695 0.2149147 0.9948793 0.2084478 0.9987695 0.2114832 0.9987695 0.2115167 0.9948793 0.2098442 0.9948793 0.2092514 0.9987695 0.2117753 0.9948793 0.211391 0.9987695 0.2125527 0.9987695 0.2128778 0.9948793 0.2141458 0.9987695 0.2135536 0.9987695 0.2138786 0.9948793 0.2171801 0.9948793 0.2165872 0.9987695 0.2144407 0.9948793 0.2179836 0.9948793 0.217892 0.9987695 0.2149147 0.9948793 0.2088107 0.9948793 0.2085394 0.9987695 0.2115167 0.9948793 0.2098442 0.9987695 0.2119908 0.9987695 0.2122533 0.9948793 0.2122855 0.9987695 0.2128778 0.9987695 0.2132157 0.9948793 0.2158647 0.9948793 0.2150403 0.9987695 0.2138786 0.9948793 0.2171801 0.9987695 0.2146561 0.9987695 0.2148161 0.9948793 0.2088107 0.9987695 0.2116153 0.9987695 0.2117753 0.9948793 0.211391 0.9948793 0.2105666 0.9987695 0.2122533 0.1176994 0.1805933 0.1176994 0.1907449 0.01445651 0.2019607 0.1347292 0.2720574 0.1347292 0.2756817 0.1176994 0.2708057 0.1347292 0.2756817 0.1347292 0.2769055 0.1176994 0.271934 0.1347292 0.2132155 0.1176994 0.2132155 0.1176994 0.2017601 0.1347292 0.1507493 0.1176994 0.1556254 0.1176994 0.154497 0.1347292 0.1507493 0.1347292 0.1543736 0.1176994 0.1589668 0.1347292 0.1602592 0.1176994 0.164393 0.1176994 0.1589668 0.1347292 0.1602592 0.1347292 0.1681799 0.1176994 0.1716953 0.1347292 0.1778312 0.1176994 0.1805933 0.1176994 0.1716953 0.1347292 0.1778312 0.1347292 0.1888424 0.1176994 0.1907449 0.1347292 0.2007902 0.1176994 0.2017601 0.1176994 0.1907449 0.1347292 0.2256407 0.1176994 0.2246708 0.1176994 0.2132155 0.1347292 0.2256407 0.1347292 0.2375886 0.1176994 0.235686 0.1347292 0.2485997 0.1176994 0.2458376 0.1176994 0.235686 0.1347292 0.2485997 0.1347292 0.2582511 0.1176994 0.2547357 0.1347292 0.2582511 0.1347292 0.2661718 0.1176994 0.2620381 0.01445651 0.1887618 0.01019901 0.1887618 0.01019901 0.186044 0.1176994 0.2246708 0.01445651 0.2189532 0.01445651 0.2132156 0.1176994 0.2458376 0.1176994 0.2547357 0.01445651 0.2340117 0.1176994 0.2708057 0.01445651 0.2420607 0.01445651 0.240387 0.1176994 0.1556254 0.01445651 0.1843705 0.01445651 0.1838053 0.1176994 0.164393 0.1176994 0.1716953 0.01445651 0.1924193 0.1176994 0.2017601 0.01445651 0.2074779 0.01445651 0.2019607 0.1176994 0.2246708 0.1176994 0.235686 0.01445651 0.2244703 0.1176994 0.2547357 0.1176994 0.2620381 0.01445651 0.2376693 0.1176994 0.2708057 0.1176994 0.271934 0.01445651 0.2426258 0.1176994 0.1556254 0.1176994 0.1589668 0.01445651 0.186044 0.1176994 0.1805933 0.01445651 0.1968761 0.01445651 0.1924193 0.1176994 0.2132155 0.01445651 0.2132156 0.01445651 0.2074779 0.1176994 0.2458376 0.01445651 0.229555 0.01445651 0.2244703 0.1176994 0.2674642 0.01445651 0.240387 0.01445651 0.2376693 0.1176994 0.164393 0.01445651 0.1887618 0.01445651 0.186044 0.01445651 0.2019607 0.01019901 0.2019607 0.01019901 0.1968761 0.01445651 0.2132156 0.01445651 0.2189532 0.01019901 0.2189532 0.01445651 0.229555 0.01445651 0.2340117 0.01019901 0.2340117 0.01445651 0.240387 0.01445651 0.2420607 0.01019901 0.2420607 0.01445651 0.1843705 0.01019901 0.1843705 0.01019901 0.1838053 0.01445651 0.1887618 0.01445651 0.1924193 0.01019901 0.1924193 0.01445651 0.2074779 0.01019901 0.2074779 0.01019901 0.2019607 0.01445651 0.2189532 0.01445651 0.2244703 0.01019901 0.2244703 0.01445651 0.2376693 0.01019901 0.2376694 0.01019901 0.2340117 0.01445651 0.2420607 0.01445651 0.2426258 0.01019901 0.2426258 0.01445651 0.186044 0.01019901 0.186044 0.01019901 0.1843705 0.01445651 0.1968761 0.01019901 0.1968761 0.01019901 0.1924193 0.01445651 0.2132156 0.01019901 0.2132156 0.01019901 0.2074779 0.01445651 0.2244703 0.01445651 0.229555 0.01019901 0.229555 0.01445651 0.240387 0.01019901 0.240387 0.01019901 0.2376694 0.5847207 0.2007904 0.5143429 0.2007904 0.5143429 0.1888425 0.5143429 0.1888425 0.5143429 0.1778313 0.5847207 0.1778313 0.5143429 0.1778313 0.5143429 0.1681799 0.5847207 0.1681799 0.5143429 0.1681799 0.5143429 0.1602593 0.5847207 0.1602594 0.5143429 0.1602593 0.5143429 0.1543737 0.5847207 0.1543738 0.5143429 0.1543737 0.5143428 0.1507493 0.5847207 0.1507493 0.5847207 0.1507493 0.5143428 0.1507493 0.5143428 0.1495256 0.5847207 0.2769057 0.5143428 0.2769057 0.5143428 0.2756818 0.5143428 0.2756818 0.5143428 0.2720575 0.5847207 0.2720575 0.5847207 0.2720575 0.5143428 0.2720575 0.5143428 0.2661719 0.5847207 0.2661719 0.5143428 0.2661719 0.5143428 0.2582513 0.5143428 0.2582513 0.5143428 0.2485998 0.5847207 0.2485998 0.5847207 0.2485998 0.5143428 0.2485998 0.5143428 0.2375886 0.5847207 0.2256408 0.5847207 0.2256408 0.5847207 0.2132156 0.5143428 0.2375886 0.5143428 0.2256408 0.5847207 0.2256408 0.8747627 0.1602594 0.5847207 0.1602594 0.5847207 0.1543738 0.5847207 0.1507493 0.5847207 0.1495256 0.8747627 0.1495258 0.8747627 0.2486 0.5847207 0.2485998 0.5847207 0.2375887 0.8747627 0.2661719 0.5847207 0.2661719 0.5847207 0.2582513 0.5847207 0.2132156 0.5847207 0.2007904 0.8747627 0.2007905 0.8747627 0.2375887 0.5847207 0.2375887 0.5847207 0.2256408 0.5847207 0.1681799 0.5847207 0.1602594 0.8747627 0.1602594 0.5847207 0.1888425 0.5847207 0.1778313 0.8747627 0.1778314 0.5847207 0.2582513 0.5847207 0.2485998 0.8747627 0.2486 0.8747627 0.2756819 0.5847207 0.2756818 0.5847207 0.2720575 0.5847207 0.1543738 0.5847207 0.1507493 0.8747627 0.1507495 0.8747627 0.2256409 0.5847207 0.2256408 0.5847207 0.2132156 0.5847207 0.1778313 0.5847207 0.1681799 0.8747627 0.1681801 0.8747627 0.2007905 0.5847207 0.2007904 0.5847207 0.1888425 0.5847207 0.2720575 0.5847207 0.2661719 0.8747627 0.2661719 0.5847207 0.2769057 0.5847207 0.2756818 0.8747627 0.2756819 0.5153152 0.2030954 0.5852289 0.2030954 0.5852289 0.2154387 0.5847207 0.2132156 0.5847207 0.2132156 0.5143428 0.2132156 0.5143428 0.2256408 0.5143428 0.2256408 0.5847207 0.2256408 0.5847207 0.2256408 0.5143428 0.2256408 0.5143428 0.2132156 0.5143428 0.2256408 0.5143428 0.2132156 0.5143428 0.2132156 0.5143428 0.2256408 0.5143428 0.2256408 0.5847207 0.2256408 0.5153152 0.2154387 0.5153152 0.2154387 0.5153152 0.2030954 0.416117 0.08493906 0.416117 0.08493906 0.430405 0.08493906 0.4865073 0.07176643 0.4865073 0.07176643 0.416117 0.07176643 0.430405 0.08493906 0.430405 0.08493906 0.4865073 0.08493906 0.4865073 0.08493906 0.4865073 0.08493906 0.4865073 0.07176643 0.416117 0.08493906 0.416117 0.07176643 0.416117 0.07176643 0 0 0 0 0 0 0 0 0 0 0 0 0 0 0 0 0 0 0 0 0 0 0 0 0 0 0 0 0 0 0 0 0 0 0 0 0 0 0 0 0 0 0 0 0 0 0 0 0 0 0 0 0 0 0 0 0 0 0 0 0 0 0 0 0 0 0 0 0 0 0 0 0 0 0 0 0 0 0 0 0 0 0 0 0 0 0 0 0 0 0 0 0 0 0 0 0 0 0 0 0 0 0 0 0 0 0 0 0 0 0 0 0 0 0 0 0 0 0 0 0 0 0 0 0 0 0 0 0 0 0 0 0 0 0 0 0 0 0 0 0 0 0 0 0 0 0 0 0 0 0 0 0 0 0 0 0 0 0 0 0 0 0 0 0 0 0 0 0 0 0 0 0 0 0 0 0 0 0 0 0 0 0 0 0 0 0 0 0 0 0 0 0 0 0 0 0 0 0 0 0 0 0 0 0 0 0 0 0 0 0 0 0 0 0 0 0 0 0 0 0 0 0 0 0 0 0 0 0 0 0 0 0 0 0 0 0 0 0 0 0 0 0 0 0 0 0 0 0 0 0 0 0 0 0 0 0 0 0 0 0 0 0 0 0 0 0 0 0 0 0 0 0 0 0 0 0 0 0 0 0 0 0 0 0 0 0 0 0 0 0 0 0 0 0 0 0 0 0 0 0 0 0 0 0 0 0 0 0 0 0 0 0 0 0 0 0 0 0 0 0 0 0 0 0 0 0 0 0 0 0 0 0 0 0 0 0 0 0 0 0 0 0 0 0 0 0 0 0 0 0 0 0 0 0 0 0 0 0 0 0 0 0 0 0 0 0 0 0 0 0 0 0 0 0 0 0 0 0 0 0 0 0 0 0 0 0 0 0 0 0 0 0 0 0 0 0 0 0 0 0 0 0 0 0 0 0 0 0 0 0 0 0 0 0 0 0 0 0 0 0 0 0 0 0 0 0 0 0 0 0 0 0 0 0 0 0 0 0 0 0 0 0 0 0 0 0 0 0 0 0 0 0 0 0 0 0 0 0 0 0 0 0 0 0 0 0 0 0 0 0 0 0 0 0 0 0 0 0 0 0 0 0 0 0 0 0 0 0 0 0 0 0 0 0 0 0 0 0 0 0 0 0 0 0 0 0 0 0 0 0 0 0 0 0 0 0 0 0 0 0 0 0 0 0 0 0 0 0 0 0 0 0 0 0 0 0 0 0 0 0 0 0 0 0 0 0 0 0 0 0 0 0 0 0 0 0 0 0 0 0 0 0 0 0 0 0 0 0 0 0 0 0 0 0 0 0 0 0 0 0 0 0 0 0 0 0 0 0 0 0 0 0 0 0 0 0 0 0 0 0 0 0 0 0 0 0 0 0 0 0 0 0 0 0 0 0 0 0 0 0 0 0 0 0 0 0 0 0 0 0 0 0 0 0 0 0 0 0 0 0 0 0 0 0 0 0 0 0 0 0 0 0 0 0 0 0 0 0 0 0 0 0 0 0 0 0 0 0 0 0 0 0 0 0 0 0 0 0 0 0 0 0 0 0 0 0 0 0 0 0 0 0 0 0 0 0 0 0 0 0 0 0 0 0 0 0 0 0 0 0 0 0 0 0 0 0 0 0 0 0 0 0 0 0 0 0 0 0 0 0 0 0 0 0 0 0 0 0 0 0 0 0 0 0 0 0 0 0 0 0 0 0 0 0 0 0 0 0 0 0 0 0 0 0 0 0 0 0 0 0 0 0 0 0 0 0 0 0 0 0 0 0 0 0 0 0 0 0 0 0 0 0 0 0 0 0 0 0 0 0 0 0 0 0 0 0 0 0 0 0 0 0 0 0 0 0 0 0 0 0 0 0 0 0 0 0 0 0 0 0 0 0 0 0 0 0 0 0 0 0 0 0 0 0 0 0 0 0 0 0 0 0 0 0 0 0 0 0 0 0 0 0 0 0 0 0 0 0 0 0 0 0 0 0 0 0 0 0 0 0 0 0 0 0 0 0 0 0 0 0 0 0 0 0 0 0 0 0 0 0 0 0 0 0 0 0 0 0 0 0 0 0 0 0 0 0 0 0 0 0 0 0 0 0 0 0 0 0 0 0 0 0 0 0 0 0 0 0 0 0 0 0 0 0 0 0 0 0 0 0 0 0 0 0 0 0 0 0 0 0 0 0 0 0 0 0 0 0 0 0 0</float_array>
          <technique_common>
            <accessor source="#Cylinder_005-mesh-map-1-array" count="5412" stride="2">
              <param name="S" type="float"/>
              <param name="T" type="float"/>
            </accessor>
          </technique_common>
        </source>
        <source id="Cylinder_005-mesh-map-2">
          <float_array id="Cylinder_005-mesh-map-2-array" count="10824">0 0 0 0 0 0 0 0 0 0 0 0 0 0 0 0 0 0 0 0 0 0 0 0 0 0 0 0 0 0 0 0 0 0 0 0 0 0 0 0 0 0 0 0 0 0 0 0 0 0 0 0 0 0 0 0 0 0 0 0 0 0 0 0 0 0 0 0 0 0 0 0 0 0 0 0 0 0 0 0 0 0 0 0 0 0 0 0 0 0 0 0 0 0 0 0 0 0 0 0 0 0 0 0 0 0 0 0 0 0 0 0 0 0 0 0 0 0 0 0 0 0 0 0 0 0 0 0 0 0 0 0 0 0 0 0 0 0 0 0 0 0 0 0 0 0 0 0 0 0 0 0 0 0 0 0 0 0 0 0 0 0 0 0 0 0 0 0 0 0 0 0 0 0 0 0 0 0 0 0 0 0 0 0 0 0 0 0 0 0 0 0 0 0 0 0 0 0 0 0 0 0 0 0 0 0 0 0 0 0 0 0 0 0 0 0 0 0 0 0 0 0 0 0 0 0 0 0 0 0 0 0 0 0 0 0 0 0 0 0 0 0 0 0 0 0 0 0 0 0 0 0 0 0 0 0 0 0 0 0 0 0 0 0 0 0 0 0 0 0 0 0 0 0 0 0 0 0 0 0 0 0 0 0 0 0 0 0 0 0 0 0 0 0 0 0 0 0 0 0 0 0 0 0 0 0 0 0 0 0 0 0 0 0 0 0 0 0 0 0 0 0 0 0 0 0 0 0 0 0 0 0 0 0 0 0 0 0 0 0 0 0 0 0 0 0 0 0 0 0 0 0 0 0 0 0 0 0 0 0 0 0 0 0 0 0 0 0 0 0 0 0 0 0 0 0 0 0 0 0 0 0 0 0 0 0 0 0 0 0 0 0 0 0 0 0 0 0 0 0 0 0 0 0 0 0 0 0 0 0 0 0 0 0 0 0 0 0 0 0 0 0 0 0 0 0 0 0 0 0 0 0 0 0 0 0 0 0 0 0 0 0 0 0 0 0 0 0 0 0 0 0 0 0 0 0 0 0 0 0 0 0 0 0 0 0 0 0 0 0 0 0 0 0 0 0 0 0 0 0 0 0 0 0 0 0 0 0 0 0 0 0 0 0 0 0 0 0 0 0 0 0 0 0 0 0 0 0 0 0 0 0 0 0 0 0 0 0 0 0 0 0 0 0 0 0 0 0 0 0 0 0 0 0 0 0 0 0 0 0 0 0 0 0 0 0 0 0 0 0 0 0 0 0 0 0 0 0 0 0 0 0 0 0 0 0 0 0 0 0 0 0 0 0 0 0 0 0 0 0 0 0 0 0 0 0 0 0 0 0 0 0 0 0 0 0 0 0 0 0 0 0 0 0 0 0 0 0 0 0 0 0 0 0 0 0 0 0 0 0 0 0 0 0 0 0 0 0 0 0 0 0 0 0 0 0 0 0 0 0 0 0 0 0 0 0 0 0 0 0 0 0 0 0 0 0 0 0 0 0 0 0 0 0 0 0 0 0 0 0 0 0 0 0 0 0 0 0 0 0 0 0 0 0 0 0 0 0 0 0 0 0 0 0 0 0 0 0 0 0 0 0 0 0 0 0 0 0 0 0 0 0 0 0 0 0 0 0 0 0 0 0 0 0 0 0 0 0 0 0 0 0 0 0 0 0 0 0 0 0 0 0 0 0 0 0 0 0 0 0 0 0 0 0 0 0 0 0 0 0 0 0 0 0 0 0 0 0 0 0 0 0 0 0 0 0 0 0 0 0 0 0 0 0 0 0 0 0 0 0 0 0 0 0 0 0 0 0 0 0 0 0 0 0 0 0 0 0 0 0 0 0 0 0 0 0 0 0 0 0 0 0 0 0 0 0 0 0 0 0 0 0 0 0 0 0 0 0 0 0 0 0 0 0 0 0 0 0 0 0 0 0 0 0 0 0 0 0 0 0 0 0 0 0 0 0 0 0 0 0 0 0 0 0 0 0 0 0 0 0 0 0 0 0 0 0 0 0 0 0 0 0 0 0 0 0 0 0 0 0 0 0 0 0 0 0 0 0 0 0 0 0 0 0 0 0 0 0 0 0 0 0 0 0 0 0 0 0 0 0 0 0 0 0 0 0 0 0 0 0 0 0 0 0 0 0 0 0 0 0 0 0 0 0 0 0 0 0 0 0 0 0 0 0 0 0 0 0 0 0 0 0 0 0 0 0 0 0 0 0 0 0 0 0 0 0 0 0 0 0 0 0 0 0 0 0 0 0 0 0 0 0 0 0 0 0 0 0 0 0 0 0 0 0 0 0 0 0 0 0 0 0 0 0 0 0 0 0 0 0 0 0 0 0 0 0 0 0 0 0 0 0 0 0 0 0 0 0 0 0 0 0 0 0 0 0 0 0 0 0 0 0 0 0 0 0 0 0 0 0 0 0 0 0 0 0 0 0 0 0 0 0 0 0 0 0 0 0 0 0 0 0 0 0 0 0 0 0 0 0 0 0 0 0 0 0 0 0 0 0 0 0 0 0 0 0 0 0 0 0 0 0 0 0 0 0 0 0 0 0 0 0 0 0 0 0 0 0 0 0 0 0 0 0 0 0 0 0 0 0 0 0 0 0 0 0 0 0 0 0 0 0 0 0 0 0 0 0 0 0 0 0 0 0 0 0 0 0 0 0 0 0 0 0 0 0 0 0 0 0 0 0 0 0 0 0 0 0 0 0 0 0 0 0 0 0 0 0 0 0 0 0 0 0 0 0 0 0 0 0 0 0 0 0 0 0 0 0 0 0 0 0 0 0 0 0 0 0 0 0 0 0 0 0 0 0 0 0 0 0 0 0 0 0 0 0 0 0 0 0 0 0 0 0 0 0 0 0 0 0 0 0 0 0 0 0 0 0 0 0 0 0 0 0 0 0 0 0 0 0 0 0 0 0 0 0 0 0 0 0 0 0 0 0 0 0 0 0 0 0 0 0 0 0 0 0 0 0 0 0 0 0 0 0 0 0 0 0 0 0 0 0 0 0 0 0 0 0 0 0 0 0 0 0 0 0 0 0 0 0 0 0 0 0 0 0 0 0 0 0 0 0 0 0 0 0 0 0 0 0 0 0 0 0 0 0 0 0 0 0 0 0 0 0 0 0 0 0 0 0 0 0 0 0 0 0 0 0 0 0 0 0 0 0 0 0 0 0 0 0 0 0 0 0 0 0 0 0 0 0 0 0 0 0 0 0 0 0 0 0 0 0 0 0 0 0 0 0 0 0 0 0 0 0 0 0 0 0 0 0 0 0 0 0 0 0 0 0 0 0 0 0 0 0 0 0 0 0 0 0 0 0 0 0 0 0 0 0 0 0 0 0 0 0 0 0 0 0 0 0 0 0 0 0 0 0 0 0 0 0 0 0 0 0 0 0 0 0 0 0 0 0 0 0 0 0 0 0 0 0 0 0 0 0 0 0 0 0 0 0 0 0 0 0 0 0 0 0 0 0 0 0 0 0 0 0 0 0 0 0 0 0 0 0 0 0 0 0 0 0 0 0 0 0 0 0 0 0 0 0 0 0 0 0 0 0 0 0 0 0 0 0 0 0 0 0 0 0 0 0 0 0 0 0 0 0 0 0 0 0 0 0 0 0 0 0 0 0 0 0 0 0 0 0 0 0 0 0 0 0 0 0 0 0 0 0 0 0 0 0 0 0 0 0 0 0 0 0 0 0 0 0 0 0 0 0 0 0 0 0 0 0 0 0 0 0 0 0 0 0 0 0 0 0 0 0 0 0 0 0 0 0 0 0 0 0 0 0 0 0 0 0 0 0 0 0 0 0 0 0 0 0 0 0 0 0 0 0 0 0 0 0 0 0 0 0 0 0 0 0 0 0 0 0 0 0 0 0 0 0 0 0 0 0 0 0 0 0 0 0 0 0 0 0 0 0 0 0 0 0 0 0 0 0 0 0 0 0 0 0 0 0 0 0 0 0 0 0 0 0 0 0 0 0 0 0 0 0 0 0 0 0 0 0 0 0 0 0 0 0 0 0 0 0 0 0 0 0 0 0 0 0 0 0 0 0 0 0 0 0 0 0 0 0 0 0 0 0 0 0 0 0 0 0 0 0 0 0 0 0 0 0 0 0 0 0 0 0 0 0 0 0 0 0 0 0 0 0 0 0 0 0 0 0 0 0 0 0 0 0 0 0 0 0 0 0 0 0 0 0 0 0 0 0 0 0 0 0 0 0 0 0 0 0 0 0 0 0 0 0 0 0 0 0 0 0 0 0 0 0 0 0 0 0 0 0 0 0 0 0 0 0 0 0 0 0 0 0 0 0 0 0 0 0 0 0 0 0 0 0 0 0 0 0 0 0 0 0 0 0 0 0 0 0 0 0 0 0 0 0 0 0 0 0 0 0 0 0 0 0 0 0 0 0 0 0 0 0 0 0 0 0 0 0 0 0 0 0 0 0 0 0 0 0 0 0 0 0 0 0 0 0 0 0 0 0 0 0 0 0 0 0 0 0 0 0 0 0 0 0 0 0 0 0 0 0 0 0 0 0 0 0 0 0 0 0 0 0 0 0 0 0 0 0 0 0 0 0 0 0 0 0 0 0 0 0 0 0 0 0 0 0 0 0 0 0 0 0 0 0 0 0 0 0 0 0 0 0 0 0 0 0 0 0 0 0 0 0 0 0 0 0 0 0 0 0 0 0 0 0 0 0 0 0 0 0 0 0 0 0 0 0 0 0 0 0 0 0 0 0 0 0 0 0 0 0 0 0 0 0 0 0 0 0 0 0 0 0 0 0 0 0 0 0 0 0 0 0 0 0 0 0 0 0 0 0 0 0 0 0 0 0 0 0 0 0 0 0 0 0 0 0 0 0 0 0 0 0 0 0 0 0 0 0 0 0 0 0 0 0 0 0 0 0 0 0 0 0 0 0 0 0 0 0 0 0 0 0 0 0 0 0 0 0 0 0 0 0 0 0 0 0 0 0 0 0 0 0 0 0 0 0 0 0 0 0 0 0 0 0 0 0 0 0 0 0 0 0 0 0 0 0 0 0 0 0 0 0 0 0 0 0 0 0 0 0 0 0 0 0 0 0 0 0 0 0 0 0 0 0 0 0 0 0 0 0 0 0 0 0 0 0 0 0 0 0 0 0 0 0 0 0 0 0 0 0 0 0 0 0 0 0 0 0 0 0 0 0 0 0 0 0 0 0 0 0 0 0 0 0 0 0 0 0 0 0 0 0 0 0 0 0 0 0 0 0 0 0 0 0 0 0 0 0 0 0 0 0 0 0 0 0 0 0 0 0 0 0 0 0 0 0 0 0 0 0 0 0 0 0 0 0 0 0 0 0 0 0 0 0 0 0 0 0 0 0 0 0 0 0 0 0 0 0 0 0 0 0 0 0 0 0 0 0 0 0 0 0 0 0 0 0 0 0 0 0 0 0 0 0 0 0 0 0 0 0 0 0 0 0 0 0 0 0 0 0 0 0 0 0 0 0 0 0 0 0 0 0 0 0 0 0 0 0 0 0 0 0 0 0 0 0 0 0 0 0 0 0 0 0 0 0 0 0 0 0 0 0 0 0 0 0 0 0 0 0 0 0 0 0 0 0 0 0 0 0 0 0 0 0 0 0 0 0 0 0 0 0 0 0 0 0 0 0 0 0 0 0 0 0 0 0 0 0 0 0 0 0 0 0 0 0 0 0 0 0 0 0 0 0 0 0 0 0 0 0 0 0 0 0 0 0 0 0 0 0 0 0 0 0 0 0 0 0 0 0 0 0 0 0 0 0 0 0 0 0 0 0 0 0 0 0 0 0 0 0 0 0 0 0 0 0 0 0 0 0 0 0 0 0 0 0 0 0 0 0 0 0 0 0 0 0 0 0 0 0 0 0 0 0 0 0 0 0 0 0 0 0 0 0 0 0 0 0 0 0 0 0 0 0 0 0 0 0 0 0 0 0 0 0 0 0 0 0 0 0 0 0 0 0 0 0 0 0 0 0 0 0 0 0 0 0 0 0 0 0 0 0 0 0 0 0 0 0 0 0 0 0 0 0 0 0 0 0 0 0 0 0 0 0 0 0 0 0 0 0 0 0 0 0 0 0 0 0 0 0 0 0 0 0 0 0 0 0 0 0 0 0 0 0 0 0 0 0 0 0 0 0 0 0 0 0 0 0 0 0 0 0 0 0 0 0 0 0 0 0 0 0 0 0 0 0 0 0 0 0 0 0 0 0 0 0 0 0 0 0 0 0 0 0 0 0 0 0 0 0 0 0 0 0 0 0 0 0 0 0 0 0 0 0 0 0 0 0 0 0 0 0 0 0 0 0 0 0 0 0 0 0 0 0 0 0 0 0 0 0 0 0 0 0 0 0 0 0 0 0 0 0 0 0 0 0 0 0 0 0 0 0 0 0 0 0 0 0 0 0 0 0 0 0 0 0 0 0 0 0 0 0 0 0 0 0 0 0 0 0 0 0 0 0 0 0 0 0 0 0 0 0 0 0 0 0 0 0 0 0 0 0 0 0 0 0 0 0 0 0 0 0 0 0 0 0 0 0 0 0 0 0 0 0 0 0 0 0 0 0 0 0 0 0 0 0 0 0 0 0 0 0 0 0 0 0 0 0 0 0 0 0 0 0 0 0 0 0 0 0 0 0 0 0 0 0 0 0 0 0 0 0 0 0 0 0 0 0 0 0 0 0 0 0 0 0 0 0 0 0 0 0 0 0 0 0 0 0 0 0 0 0 0 0 0 0 0 0 0 0 0 0 0 0 0 0 0 0 0 0 0 0 0 0 0 0 0 0 0 0 0 0 0 0 0 0 0 0 0 0 0 0 0 0 0 0 0 0 0 0 0 0 0 0 0 0 0 0 0 0 0 0 0 0 0 0 0 0 0 0 0 0 0 0 0 0 0 0 0 0 0 0 0 0 0 0 0 0 0 0 0 0 0 0 0 0 0 0 0 0 0 0 0 0 0 0 0 0 0 0 0 0 0 0 0 0 0 0 0 0 0 0 0 0 0 0 0 0 0 0 0 0 0 0 0 0 0 0 0 0 0 0 0 0 0 0 0 0 0 0 0 0 0 0 0 0 0 0 0 0 0 0 0 0 0 0 0 0 0 0 0 0 0 0 0 0 0 0 0 0 0 0 0 0 0 0 0 0 0 0 0 0 0 0 0 0 0 0 0 0 0 0 0 0 0 0 0 0 0 0 0 0 0 0 0 0 0 0 0 0 0 0 0 0 0 0 0 0 0 0 0 0 0 0 0 0 0 0 0 0 0 0 0 0 0 0 0 0 0 0 0 0 0 0 0 0 0 0 0 0 0 0 0 0 0 0 0 0 0 0 0 0 0 0 0 0 0 0 0 0 0 0 0 0 0 0 0 0 0 0 0 0 0 0 0 0 0 0 0 0 0 0 0 0 0 0 0 0 0 0 0 0 0 0 0 0 0 0 0 0 0 0 0 0 0 0 0 0 0 0 0 0 0 0 0 0 0 0 0 0 0 0 0 0 0 0 0 0 0 0 0 0 0 0 0 0 0 0 0 0 0 0 0 0 0 0 0 0 0 0 0 0 0 0 0 0 0 0 0 0 0 0 0 0 0 0 0 0 0 0 0 0 0 0 0 0 0 0 0 0 0 0 0 0 0 0 0 0 0 0 0 0 0 0 0 0 0 0 0 0 0 0 0 0 0 0 0 0 0 0 0 0 0 0 0 0 0 0 0 0 0 0 0 0 0 0 0 0 0 0 0 0 0 0 0 0 0 0 0 0 0 0 0 0 0 0 0 0 0 0 0 0 0 0 0 0 0 0 0 0 0 0 0 0 0 0 0 0 0 0 0 0 0 0 0 0 0 0 0 0 0 0 0 0 0 0 0 0 0 0 0 0 0 0 0 0 0 0 0 0 0 0 0 0 0 0 0 0 0 0 0 0 0 0 0 0 0 0 0 0 0 0 0 0 0 0 0 0 0 0 0 0 0 0 0 0 0 0 0 0 0 0 0 0 0 0 0 0 0 0 0 0 0 0 0 0 0 0 0 0 0 0 0 0 0 0 0 0 0 0 0 0 0 0 0 0 0 0 0 0 0 0 0 0 0 0 0 0 0 0 0 0 0 0 0 0 0 0 0 0 0 0 0 0 0 0 0 0 0 0 0 0 0 0 0 0 0 0 0 0 0 0 0 0 0 0 0 0 0 0 0 0 0 0 0 0 0 0 0 0 0 0 0 0 0 0 0 0 0 0 0 0 0 0 0 0 0 0 0 0 0 0 0 0 0 0 0 0 0 0 0 0 0 0 0 0 0 0 0 0 0 0 0 0 0 0 0 0 0 0 0 0 0 0 0 0 0 0 0 0 0 0 0 0 0 0 0 0 0 0 0 0 0 0 0 0 0 0 0 0 0 0 0 0 0 0 0 0 0 0 0 0 0 0 0 0 0 0 0 0 0 0 0 0 0 0 0 0 0 0 0 0 0 0 0 0 0 0 0 0 0 0 0 0 0 0 0 0 0 0 0 0 0 0 0 0 0 0 0 0 0 0 0 0 0 0 0 0 0 0 0 0 0 0 0 0 0 0 0 0 0 0 0 0 0 0 0 0 0 0 0 0 0 0 0 0 0 0 0 0 0 0 0 0 0 0 0 0 0 0 0 0 0 0 0 0 0 0 0 0 0 0 0 0 0 0 0 0 0 0 0 0 0 0 0 0 0 0 0 0 0 0 0 0 0 0 0 0 0 0 0 0 0 0 0 0 0 0 0 0 0 0 0 0 0 0 0 0 0 0 0 0 0 0 0 0 0 0 0 0 0 0 0 0 0 0 0 0 0 0 0 0 0 0 0 0 0 0 0 0 0 0 0 0 0 0 0 0 0 0 0 0 0 0 0 0 0 0 0 0 0 0 0 0 0 0 0 0 0 0 0 0 0 0 0 0 0 0 0 0 0 0 0 0 0 0 0 0 0 0 0 0 0 0 0 0 0 0 0 0 0 0 0 0 0 0 0 0 0 0 0 0 0 0 0 0 0 0 0 0 0 0 0 0 0 0 0 0 0 0 0 0 0 0 0 0 0 0 0 0 0 0 0 0 0 0 0 0 0 0 0 0 0 0 0 0 0 0 0 0 0 0 0 0 0 0 0 0 0 0 0 0 0 0 0 0 0 0 0 0 0 0 0 0 0 0 0 0 0 0 0 0 0 0 0 0 0 0 0 0 0 0 0 0 0 0 0 0 0 0 0 0 0 0 0 0 0 0 0 0 0 0 0 0 0 0 0 0 0 0 0 0 0 0 0 0 0 0 0 0 0 0 0 0 0 0 0 0 0 0 0 0 0 0 0 0 0 0 0 0 0 0 0 0 0 0 0 0 0 0 0 0 0 0 0 0 0 0 0 0 0 0 0 0 0 0 0 0 0 0 0 0 0 0 0 0 0 0 0 0 0 0 0 0 0 0 0 0 0 0 0 0 0 0 0 0 0 0 0 0 0 0 0 0 0 0 0 0 0 0 0 0 0 0 0 0 0 0 0 0 0 0 0 0 0 0 0 0 0 0 0 0 0 0 0 0 0 0 0 0 0 0 0 0 0 0 0 0 0 0 0 0 0 0 0 0 0 0 0 0 0 0 0 0 0 0 0 0 0 0 0 0 0 0 0 0 0 0 0 0 0 0 0 0 0 0 0 0 0 0 0 0 0 0 0 0 0 0 0 0 0 0 0 0 0 0 0 0 0 0 0 0 0 0 0 0 0 0 0 0 0 0 0 0 0 0 0 0 0 0 0 0 0 0 0 0 0 0 0 0 0 0 0 0 0 0 0 0 0 0 0 0 0 0 0 0 0 0 0 0 0 0 0 0 0 0 0 0 0 0 0 0 0 0 0 0 0 0 0 0 0 0 0 0 0 0 0 0 0 0 0 0 0 0 0 0 0 0 0 0 0 0 0 0 0 0 0 0 0 0 0 0 0 0 0 0 0 0 0 0 0 0 0 0 0 0 0 0 0 0 0 0 0 0 0 0 0 0 0 0 0 0 0 0 0 0 0 0 0 0 0 0 0 0 0 0 0 0 0 0 0 0 0 0 0 0 0 0 0 0 0 0 0 0 0 0 0 0 0 0 0 0 0 0 0 0 0 0 0 0 0 0 0 0 0 0 0 0 0 0 0 0 0 0 0 0 0 0 0 0 0 0 0 0 0 0 0 0 0 0 0 0 0 0 0 0 0 0 0 0 0 0 0 0 0 0 0 0 0 0 0 0 0 0 0 0 0 0 0 0 0 0 0 0 0 0 0 0 0 0 0 0 0 0 0 0 0 0 0 0 0 0 0 0 0 0 0 0 0 0 0 0 0 0 0.6199417 0.7729424 0.6244072 0.7276027 0.6199416 0.6822626 0.6199416 0.6822626 0.6067165 0.8165403 0.6199417 0.7729424 0.6199416 0.6822626 0.6067164 0.6386647 0.6067165 0.8165403 0.6067164 0.6386647 0.58524 0.85672 0.6067165 0.8165403 0.6067164 0.6386647 0.5852398 0.5984849 0.58524 0.85672 0.5852398 0.5984849 0.5563374 0.8919381 0.58524 0.85672 0.5852398 0.5984849 0.5563373 0.5632669 0.5563374 0.8919381 0.5563373 0.5632669 0.5211195 0.9208406 0.5563374 0.8919381 0.5563373 0.5632669 0.5211192 0.5343644 0.5211195 0.9208406 0.5211192 0.5343644 0.4809396 0.9423173 0.5211195 0.9208406 0.5211192 0.5343644 0.4809393 0.5128877 0.4809396 0.9423173 0.4809393 0.5128877 0.4373419 0.9555423 0.4809396 0.9423173 0.4809393 0.5128877 0.4373416 0.4996626 0.4373419 0.9555423 0.4373416 0.4996626 0.3920019 0.9600083 0.4373419 0.9555423 0.4373416 0.4996626 0.3920016 0.4951972 0.3920019 0.9600083 0.3920016 0.4951972 0.3466618 0.9555423 0.3920019 0.9600083 0.3920016 0.4951972 0.3466616 0.4996626 0.3466618 0.9555423 0.3466616 0.4996626 0.303064 0.9423173 0.3466618 0.9555423 0.3466616 0.4996626 0.3030639 0.5128877 0.303064 0.9423173 0.3030639 0.5128877 0.2628842 0.9208406 0.303064 0.9423173 0.3030639 0.5128877 0.262884 0.5343644 0.2628842 0.9208406 0.262884 0.5343644 0.2276661 0.8919381 0.2628842 0.9208406 0.262884 0.5343644 0.2276661 0.5632669 0.2276661 0.8919381 0.2276661 0.5632669 0.1987636 0.8567206 0.2276661 0.8919381 0.2276661 0.5632669 0.1987636 0.5984849 0.1987636 0.8567206 0.1987636 0.5984849 0.177287 0.8165403 0.1987636 0.8567206 0.1987636 0.5984849 0.177287 0.6386647 0.177287 0.8165403 0.177287 0.6386647 0.1640617 0.772943 0.177287 0.8165403 0.177287 0.6386647 0.1640617 0.6822626 0.1640617 0.772943 0.1640617 0.6822626 0.1595961 0.7276027 0.1640617 0.772943 0.03468936 0.6357871 0.0698201 0.5552113 0.03468942 0.5552113 0.05734682 0.6357871 0.0698201 0.6357871 0.03468936 0.6357871 0.2498178 0.6357871 0.1747074 0.6357871 0.1883326 0.6357871 0.3859158 0.6357871 0.4600806 0.6357871 0.3859158 0.6357871 0.6373894 0.6357871 0.597123 0.6357871 0.5834979 0.6357871 0.73472 0.6357871 0.737141 0.6357871 0.7144826 0.6357871 0.73472 0.6357871 0.737141 0.6357871 0.7587744 0.6357871 0.5834979 0.6357871 0.6547309 0.6357871 0.6373894 0.6357871 0.3859158 0.6357871 0.4600818 0.6357871 0.4552979 0.6357871 0.1883326 0.6357871 0.2404326 0.6357871 0.2498178 0.6357871 0.05734682 0.6357871 0.0698201 0.6357871 0.0902118 0.6357871 0.03710925 0.6357871 0.00575155 0.6357871 0.03027641 0.6357871 0.0902118 0.6357871 0.1170984 0.6357871 0.0698201 0.6357871 0.2498178 0.6357871 0.3117499 0.6357871 0.2404326 0.6357871 0.4552967 0.6357871 0.5313978 0.6357871 0.4600806 0.6357871 0.6373894 0.6357871 0.7020103 0.6357871 0.6547309 0.6357871 0.73472 0.6357871 0.7660789 0.6357871 0.7587744 0.6357871 0.7144826 0.6357871 0.7020103 0.6357871 0.737141 0.6357871 0.5834979 0.6357871 0.5313978 0.6357871 0.597123 0.6357871 0.3165338 0.6357871 0.3859158 0.6357871 0.3859158 0.6357871 0.1344398 0.6357871 0.1747074 0.6357871 0.1883326 0.6357871 0.03710925 0.6357871 0.03469055 0.6357871 0.05734682 0.6357871 0.03710925 0.6357871 0.03468936 0.6357871 0.01305592 0.6357871 0.1344398 0.6357871 0.1747074 0.6357871 0.1170984 0.6357871 0.3165338 0.6357871 0.3859158 0.6357871 0.3117499 0.6357871 0.5834979 0.6357871 0.5313978 0.6357871 0.5220127 0.6357871 0.6816187 0.6357871 0.737141 0.6357871 0.7020103 0.6357871 0.73472 0.6357871 0.7660789 0.6357871 0.7415551 0.6357871 0.6373894 0.6357871 0.7020103 0.6357871 0.6816187 0.6357871 0.4552979 0.6357871 0.5313978 0.6357871 0.5220127 0.6357871 0.2498178 0.6357871 0.3117499 0.6357871 0.3165338 0.6357871 0.0902118 0.6357871 0.1170984 0.6357871 0.1344398 0.6357871 0.03710925 0.6357871 0.00575155 0.6357871 0.01305592 0.6357871 0.3920016 0.4791704 0.370664 0.6203306 0.3435349 0.4839439 0.2404326 0.6357871 0.1747074 0.5552113 0.1747074 0.6357871 0.3859158 0.6357871 0.4600806 0.5552113 0.3859158 0.5552113 0.597123 0.6357871 0.6547309 0.5552113 0.597123 0.5552113 0.737141 0.6357871 0.7587744 0.5552113 0.737141 0.5552113 0.7587744 0.6357871 0.737141 0.5552113 0.7587744 0.5552113 0.597123 0.6357871 0.6547309 0.5552113 0.6547309 0.6357871 0.4600818 0.6357871 0.3859158 0.5552113 0.4600818 0.5552113 0.1747074 0.6357871 0.2404326 0.5552113 0.2404326 0.6357871 0.03469055 0.6357871 0.0698201 0.5552113 0.0698201 0.6357871 0.01305592 0.6357871 0.00575155 0.5552113 0.00575155 0.6357871 0.1170984 0.6357871 0.0698201 0.5552113 0.0698201 0.6357871 0.3117499 0.6357871 0.2404326 0.5552113 0.2404326 0.6357871 0.4600806 0.6357871 0.5313978 0.5552113 0.4600806 0.5552113 0.6547309 0.6357871 0.7020103 0.5552113 0.6547309 0.5552113 0.7587744 0.6357871 0.7660789 0.5552113 0.7587744 0.5552113 0.737141 0.6357871 0.7020103 0.5552113 0.737141 0.5552113 0.597123 0.6357871 0.5313978 0.5552113 0.597123 0.5552113 0.3859158 0.6357871 0.3117499 0.5552113 0.3859158 0.5552113 0.1170984 0.6357871 0.1747074 0.5552113 0.1747074 0.6357871 0.01305592 0.6357871 0.03469055 0.5552113 0.03469055 0.6357871 0.03468936 0.6357871 0.01305598 0.5552113 0.01305592 0.6357871 0.1747074 0.6357871 0.1170984 0.5552113 0.1170984 0.6357871 0.3859158 0.6357871 0.3117499 0.5552113 0.3117499 0.6357871 0.5313978 0.6357871 0.597123 0.5552113 0.5313978 0.5552113 0.737141 0.6357871 0.7020103 0.5552113 0.7020103 0.6357871 0.7587744 0.6357871 0.7660789 0.5552113 0.7660789 0.6357871 0.7020103 0.6357871 0.6547309 0.5552113 0.7020103 0.5552113 0.5313978 0.6357871 0.4600818 0.5552113 0.5313978 0.5552113 0.3117499 0.6357871 0.2404326 0.5552113 0.3117499 0.5552113 0.1170984 0.6357871 0.0698201 0.5552113 0.1170984 0.5552113 0.01305592 0.6357871 0.00575155 0.5552113 0.01305598 0.5552113 0.7359634 0.5646442 0.1617704 0.59692 0.1617704 0.5646442 0.5300231 0.5210387 0.4338572 0.6265546 0.4870724 0.4980814 0.5985653 0.589581 0.4930497 0.6857472 0.4829425 0.666838 0.6356602 0.7760687 0.5013753 0.7276027 0.6404336 0.7276027 0.5985655 0.865624 0.4693406 0.8049413 0.4829427 0.788367 0.4870728 0.9571241 0.4133396 0.8348749 0.4338572 0.8286503 0.296931 0.9571241 0.3706641 0.8348749 0.3435351 0.9712611 0.2163337 0.9032705 0.3010609 0.7883675 0.3146629 0.8049413 0.1435697 0.7276027 0.2847297 0.7489404 0.1483432 0.7760694 0.185438 0.589581 0.2909536 0.6857472 0.1624804 0.6325318 0.2969307 0.4980814 0.331237 0.6366617 0.2539802 0.5210387 0.3920016 0.4791704 0.4133394 0.6203306 0.3920016 0.6182289 0.5676696 0.5519345 0.4527664 0.6366617 0.5300231 0.5210387 0.6356602 0.6791362 0.4930497 0.6857472 0.6215229 0.6325318 0.6215232 0.8226732 0.4992738 0.7489404 0.6356602 0.7760687 0.5300234 0.9341664 0.4693406 0.8049413 0.5676698 0.9032705 0.4404686 0.9712611 0.3920018 0.8369761 0.4133396 0.8348749 0.2539803 0.9341664 0.3501463 0.828651 0.296931 0.9571241 0.1624805 0.8226738 0.3010609 0.7883675 0.185438 0.865624 0.1435697 0.7276027 0.2847297 0.7062652 0.2826281 0.7276027 0.185438 0.589581 0.3146629 0.6502637 0.3010607 0.666838 0.2969307 0.4980814 0.370664 0.6203306 0.3501462 0.6265546 0.4870724 0.4980814 0.4133394 0.6203306 0.4404684 0.4839439 0.5985653 0.589581 0.4693406 0.6502637 0.5676696 0.5519345 0.6356602 0.6791362 0.5013753 0.7276027 0.4992738 0.7062652 0.6215232 0.8226732 0.4829427 0.788367 0.4930498 0.7694578 0.4870728 0.9571241 0.4527665 0.8185433 0.5300234 0.9341664 0.3435351 0.9712611 0.3920018 0.8369761 0.3920019 0.9760344 0.2539803 0.9341664 0.3146629 0.8049413 0.331237 0.8185433 0.1483432 0.7760694 0.2909536 0.7694582 0.1624805 0.8226738 0.1483432 0.6791362 0.2909536 0.6857472 0.2847297 0.7062652 0.2163337 0.5519345 0.331237 0.6366617 0.3146629 0.6502637 0.353263 0.8763923 0.3859158 0.8763923 0.4185675 0.8763923 0.353263 0.8763923 0.4185675 0.8763923 0.4499642 0.8763923 0.353263 0.8763923 0.4499642 0.8763923 0.3218662 0.8763923 0.4499642 0.8763923 0.4788997 0.8763923 0.3218662 0.8763923 0.4788997 0.8763923 0.2929296 0.8763923 0.3218662 0.8763923 0.4788997 0.8763923 0.5042624 0.8763923 0.2929296 0.8763923 0.5042624 0.8763923 0.2675669 0.8763923 0.2929296 0.8763923 0.5042624 0.8763923 0.525077 0.8763923 0.2675669 0.8763923 0.525077 0.8763923 0.2467522 0.8763923 0.2675669 0.8763923 0.525077 0.8763923 0.5405437 0.8763923 0.2467522 0.8763923 0.5405437 0.8763923 0.2312856 0.8763923 0.2467522 0.8763923 0.5405437 0.8763923 0.5500687 0.8763923 0.2312856 0.8763923 0.5500687 0.8763923 0.2217616 0.8763923 0.2312856 0.8763923 0.5500687 0.8763923 0.5532849 0.8763923 0.2217616 0.8763923 0.5532849 0.8763923 0.2185454 0.8763923 0.2217616 0.8763923 0.5532849 0.8763923 0.5500687 0.8763923 0.2185454 0.8763923 0.5500687 0.8763923 0.2217616 0.8763923 0.2185454 0.8763923 0.5500687 0.8763923 0.5405449 0.8763923 0.2217616 0.8763923 0.5405449 0.8763923 0.2312856 0.8763923 0.2217616 0.8763923 0.5405449 0.8763923 0.525077 0.8763923 0.2312856 0.8763923 0.525077 0.8763923 0.2467522 0.8763923 0.2312856 0.8763923 0.525077 0.8763923 0.5042635 0.8763923 0.2467522 0.8763923 0.5042635 0.8763923 0.2675669 0.8763923 0.2467522 0.8763923 0.5042635 0.8763923 0.4789008 0.8763923 0.2675669 0.8763923 0.4789008 0.8763923 0.2929296 0.8763923 0.2675669 0.8763923 0.4789008 0.8763923 0.4499654 0.8763923 0.2929296 0.8763923 0.4499654 0.8763923 0.3218662 0.8763923 0.2929296 0.8763923 0.4499654 0.8763923 0.4185675 0.8763923 0.3218662 0.8763923 0.4185675 0.8763923 0.353263 0.8763923 0.3218662 0.8763923 0.4185675 0.8763923 0.3859158 0.8763923 0.353263 0.8763923 0.7359634 0.7152503 0.1617704 0.6736981 0.7359634 0.6736981 0.7359634 0.7967574 0.1617704 0.8335804 0.1617704 0.7967574 0.7359634 0.8923437 0.1617704 0.912026 0.1617704 0.8923437 0.7359634 0.9241462 0.1617704 0.928239 0.7359634 0.928239 0.7359634 0.8658562 0.1617704 0.8923437 0.7359634 0.8923437 0.7359634 0.7568023 0.1617704 0.7967574 0.7359634 0.7967574 0.7359634 0.6736984 0.1617704 0.6337431 0.1617704 0.6736984 0.7359634 0.5381568 0.1617704 0.5646442 0.7359634 0.5646442 0.7359634 0.5022613 0.1617704 0.5063537 0.7359634 0.5063537 0.7359634 0.518474 0.1617704 0.5381568 0.1617704 0.518474 0.7359634 0.59692 0.1617704 0.6337431 0.1617704 0.59692 0.7359634 0.7152503 0.1617704 0.756802 0.1617704 0.7152503 0.7359634 0.8335804 0.1617704 0.8658556 0.1617704 0.8335804 0.7359634 0.9241462 0.1617704 0.912026 0.7359634 0.912026 0.7359634 0.912026 0.1617704 0.9241462 0.7359634 0.9241462 0.7359634 0.8335804 0.1617704 0.8658562 0.7359634 0.8658562 0.7359634 0.7152503 0.1617704 0.7568023 0.7359634 0.7568023 0.7359634 0.59692 0.1617704 0.6337431 0.7359634 0.6337431 0.7359634 0.518474 0.1617704 0.5381568 0.7359634 0.5381568 0.7359634 0.5063537 0.1617704 0.5022613 0.7359634 0.5022613 0.7359634 0.5381568 0.1617704 0.5646442 0.1617704 0.5381568 0.7359634 0.6337431 0.1617704 0.6736981 0.1617704 0.6337431 0.7359634 0.756802 0.1617704 0.7967574 0.1617704 0.756802 0.7359634 0.8658556 0.1617704 0.8923437 0.1617704 0.8658556 0.7359634 0.928239 0.1617704 0.9241462 0.7359634 0.9241462 0.7359634 0.8923437 0.1617704 0.912026 0.7359634 0.912026 0.7359634 0.7967574 0.1617704 0.8335804 0.7359634 0.8335804 0.7359634 0.6736984 0.1617704 0.7152503 0.7359634 0.7152503 0.7359634 0.5646442 0.1617704 0.59692 0.7359634 0.59692 0.7359634 0.5063537 0.1617704 0.518474 0.7359634 0.518474 0.7359634 0.5063537 0.1617704 0.518474 0.1617704 0.5063537 0 0 0 0 0 0 0 0 0 0 0 0 0 0 0 0 0 0 0 0 0 0 0 0 0 0 0 0 0 0 0 0 0 0 0 0 0 0 0 0 0 0 0 0 0 0 0 0 0 0 0 0 0 0 0 0 0 0 0 0 0 0 0 0 0 0 0 0 0 0 0 0 0 0 0 0 0 0 0 0 0 0 0 0 0 0 0 0 0 0 0 0 0 0 0 0 0 0 0 0 0 0 0 0 0 0 0 0 0 0 0 0 0 0 0 0 0 0 0 0 0 0 0 0 0 0 0 0 0 0 0 0 0 0 0 0 0 0 0 0 0 0 0 0 0 0 0 0 0 0 0 0 0 0 0 0 0 0 0 0 0 0 0 0 0 0 0 0 0 0 0 0 0 0 0 0 0 0 0 0 0 0 0 0 0 0 0 0 0 0 0 0 0 0 0 0 0 0 0 0 0 0 0 0 0 0 0 0 0 0 0 0 0 0 0 0 0 0 0 0 0 0 0 0 0 0 0 0 0 0 0 0 0 0 0 0 0 0 0 0 0 0 0 0 0 0 0 0 0 0 0 0 0 0 0 0 0 0 0 0 0 0 0 0 0 0 0 0 0 0 0 0 0 0 0 0 0 0 0 0 0 0 0 0 0 0 0 0 0 0 0 0 0 0 0 0 0 0 0 0 0 0 0 0 0 0 0 0 0 0 0 0 0 0 0 0 0 0 0 0 0 0 0 0 0 0 0 0 0 0 0 0 0 0 0 0 0 0 0 0 0 0 0 0 0 0 0 0 0 0 0 0 0 0 0 0 0 0 0 0 0 0 0 0 0 0 0 0 0 0 0 0 0 0 0 0 0 0 0 0 0 0 0 0 0 0 0 0 0 0 0 0 0 0 0 0 0 0 0 0 0 0 0 0 0 0 0 0 0 0 0 0 0 0 0 0 0 0 0 0 0 0 0 0 0 0 0 0 0 0 0 0 0 0 0 0 0 0 0 0 0 0 0 0 0 0 0 0 0 0 0 0 0 0 0 0 0 0 0 0 0 0 0 0 0 0 0 0 0 0 0 0 0 0 0 0 0 0 0 0 0 0 0 0 0 0 0 0 0 0 0 0 0 0 0 0 0 0 0 0 0 0 0 0 0 0 0 0 0 0 0 0 0 0 0 0 0 0 0 0 0 0 0 0 0 0 0 0 0 0 0 0 0 0 0 0 0 0 0 0 0 0 0 0 0 0 0 0 0 0 0 0 0 0 0 0 0 0 0 0 0 0 0 0 0 0 0 0 0 0 0 0 0 0 0 0 0 0 0 0 0 0 0 0 0 0 0 0 0 0 0 0 0 0 0 0 0 0 0 0 0 0 0 0 0 0 0 0 0 0 0 0 0 0 0 0 0 0 0 0 0 0 0 0 0 0 0 0 0 0 0 0 0 0 0 0 0 0 0 0 0 0 0 0 0 0 0 0 0 0 0 0 0 0 0 0 0 0 0 0 0 0 0 0 0 0 0 0 0 0 0 0 0 0 0 0 0 0 0 0 0 0 0 0 0 0 0 0 0 0 0 0 0 0 0 0 0 0 0 0 0 0 0 0 0 0 0 0 0 0 0 0 0 0 0 0 0 0 0 0 0 0 0 0 0 0 0 0 0 0 0 0 0 0 0 0 0 0 0 0 0 0 0 0 0 0 0 0 0 0 0 0 0 0 0 0 0 0 0 0 0 0 0 0 0 0 0 0 0 0 0 0 0 0 0 0 0 0 0 0 0 0 0 0 0 0 0 0 0 0 0 0 0 0 0 0 0 0 0 0 0 0 0 0 0 0 0 0 0 0 0 0 0 0 0 0 0 0 0 0 0 0 0 0 0 0 0 0 0 0 0 0 0 0 0 0 0 0 0 0 0 0 0 0 0 0 0 0 0 0 0 0 0 0 0 0 0 0 0 0 0 0 0 0 0 0 0 0 0 0 0 0 0 0 0 0 0 0 0 0 0 0 0 0 0 0 0 0 0 0 0 0 0 0 0 0 0 0 0 0 0 0 0 0 0 0 0 0 0 0 0 0 0 0 0 0 0 0 0 0 0 0 0 0 0 0 0 0 0 0 0 0 0 0 0 0 0 0 0 0 0 0 0 0 0 0 0 0 0 0 0 0 0 0 0 0 0 0 0 0 0 0 0 0 0 0 0 0 0 0 0 0 0 0 0 0 0 0 0 0 0 0 0 0 0 0 0 0 0 0 0 0 0 0 0 0 0 0 0 0 0 0 0 0 0 0 0 0 0 0 0 0 0 0 0 0 0 0 0 0 0 0 0 0 0 0 0 0 0 0 0 0 0 0 0 0 0 0 0 0 0 0 0 0 0 0 0 0 0 0 0 0 0 0 0 0 0 0 0 0 0 0 0 0 0 0 0 0 0 0 0 0 0 0 0 0 0 0 0 0 0 0 0 0 0 0 0 0 0 0 0 0 0 0 0 0 0 0 0 0 0 0 0 0 0 0 0 0 0 0 0 0 0 0 0 0 0 0 0 0 0 0 0 0 0 0 0 0 0 0 0 0 0 0 0 0 0 0 0 0 0 0 0 0 0 0 0 0 0 0 0 0 0 0 0 0 0 0 0 0 0 0 0 0 0 0 0 0 0 0 0 0 0 0 0 0 0 0 0 0 0 0 0 0 0 0 0 0 0 0 0 0 0 0 0 0 0 0 0 0 0 0 0 0 0 0 0 0 0 0 0 0 0 0 0 0 0 0 0 0 0 0 0 0 0 0 0 0 0 0 0 0 0 0 0 0 0 0 0 0 0 0 0 0 0 0 0 0 0 0 0 0 0 0 0 0 0 0 0 0 0 0 0 0 0 0 0 0 0 0 0 0 0 0 0 0 0 0 0 0 0 0 0 0 0 0 0 0 0 0 0 0 0 0 0 0 0 0 0 0 0 0 0 0 0 0 0 0 0 0 0 0 0 0 0 0 0 0 0 0 0 0 0 0 0 0 0 0 0 0 0 0 0 0 0 0 0 0 0 0 0 0 0 0 0 0 0 0 0 0 0 0 0 0 0 0 0 0 0 0 0 0 0 0 0 0 0 0 0 0 0 0 0 0 0 0 0 0 0 0 0 0 0 0 0 0 0 0 0 0 0 0 0 0 0 0 0 0 0 0 0 0 0 0 0 0 0 0 0 0 0 0 0 0 0 0 0 0 0 0 0 0 0 0 0 0 0 0 0 0 0 0 0 0 0 0 0 0 0 0 0 0 0 0 0 0 0 0 0 0 0 0 0 0 0 0 0 0 0 0 0 0 0 0 0 0 0 0 0 0 0 0 0 0 0 0 0 0 0 0 0 0 0 0 0 0 0 0 0 0 0 0 0 0 0 0 0 0 0 0 0 0 0 0 0 0 0 0 0 0 0 0 0 0 0 0 0 0 0 0 0 0 0 0 0 0 0 0 0 0 0 0 0 0 0 0 0 0 0 0 0 0 0 0 0 0 0 0 0 0 0 0 0 0 0 0 0 0 0 0 0 0 0 0 0 0 0 0 0 0 0 0 0 0 0 0 0 0 0 0 0 0 0 0 0 0 0 0 0 0 0 0 0 0 0 0 0 0 0 0 0 0 0 0 0 0 0 0 0 0 0 0 0 0 0 0 0 0 0 0 0 0 0 0 0 0 0 0 0 0 0 0 0 0 0 0 0 0 0 0 0 0 0 0 0 0 0 0 0 0 0 0 0 0 0 0 0 0 0 0 0 0 0 0 0 0 0 0 0 0 0 0 0 0 0 0 0 0 0 0 0 0 0 0 0 0 0 0 0 0 0 0 0 0 0 0 0 0 0 0 0 0 0 0 0 0 0 0 0 0 0 0 0 0 0 0 0 0 0 0 0 0 0 0 0 0 0 0 0 0 0 0 0 0 0 0 0 0 0 0 0 0 0 0 0 0 0 0 0 0 0 0 0 0 0 0 0 0 0 0 0 0 0 0 0 0 0 0 0 0 0 0 0 0 0 0 0 0 0 0 0 0 0 0 0 0 0 0 0 0 0 0 0 0 0 0 0 0 0 0 0 0 0 0 0 0 0 0 0 0 0 0 0 0 0 0 0 0 0 0 0 0 0 0 0 0 0 0 0 0 0 0 0 0 0 0 0 0 0 0 0 0 0 0 0 0 0 0 0 0 0 0 0 0 0 0 0 0 0 0 0 0 0 0 0 0 0 0 0 0 0 0 0 0 0 0 0 0 0 0 0 0 0 0 0 0 0 0 0 0 0 0 0 0 0 0 0 0 0 0 0 0 0 0 0 0 0 0 0 0 0 0 0 0 0 0 0 0 0 0 0 0 0 0 0 0 0 0 0 0 0 0 0 0 0 0 0 0 0 0 0 0 0 0 0 0 0 0 0 0 0 0 0 0 0 0 0 0 0 0 0 0 0 0 0 0 0 0 0 0 0 0 0 0 0 0 0 0 0 0 0 0 0 0 0 0 0 0 0 0 0 0 0 0 0 0 0 0 0 0 0 0 0 0 0 0 0 0 0 0 0 0 0 0 0 0 0 0 0 0 0 0 0 0 0 0 0 0 0 0 0 0 0 0 0 0 0 0 0 0 0 0 0 0 0 0 0 0 0 0 0 0 0 0 0 0 0 0 0 0 0 0 0 0 0 0 0 0 0 0 0 0 0 0 0 0 0 0 0 0 0 0 0 0 0 0 0 0 0 0 0 0 0 0 0 0 0 0 0 0 0 0 0 0 0 0 0 0 0 0 0 0 0 0 0 0 0 0 0 0 0 0 0 0 0 0 0 0 0 0 0 0 0 0 0 0 0 0 0 0 0 0 0 0 0 0 0 0 0 0 0 0 0 0 0 0 0 0 0 0 0 0 0 0 0 0 0 0 0 0 0 0 0 0 0 0 0 0 0 0 0 0 0 0 0 0 0 0 0 0 0 0 0 0 0 0 0 0 0 0 0 0 0 0 0 0 0 0 0 0 0 0 0 0 0 0 0 0 0 0 0 0 0 0 0 0 0 0 0 0 0 0 0 0 0 0 0 0 0 0 0 0 0 0 0 0 0 0 0 0 0 0 0 0 0 0 0 0 0 0 0 0 0 0 0 0 0 0 0 0 0 0 0 0 0 0 0 0 0 0 0 0 0 0 0 0 0 0 0 0 0 0 0 0 0 0 0 0 0 0 0 0 0 0 0 0 0 0 0 0 0 0 0 0 0 0 0 0 0 0 0 0 0 0 0 0 0 0 0 0 0 0 0 0 0 0 0 0 0 0 0 0 0 0 0 0 0 0 0 0 0 0 0 0 0 0 0 0 0 0 0 0 0 0 0 0 0 0 0 0 0 0 0 0 0 0 0 0 0 0 0 0 0 0 0 0 0 0 0 0 0 0 0 0 0 0 0 0 0 0 0 0 0 0 0 0 0 0 0 0 0 0 0 0 0 0 0 0 0 0 0 0 0 0 0 0 0 0 0 0 0 0 0 0 0 0 0 0 0 0 0 0 0 0 0 0 0 0 0 0 0 0 0 0 0 0 0 0 0 0 0 0 0 0 0 0 0 0 0 0 0 0 0 0 0 0 0 0 0 0 0 0 0 0 0 0 0 0 0 0 0 0 0 0 0 0 0 0 0 0 0 0 0 0 0 0 0 0 0 0 0 0 0 0 0 0 0 0 0 0 0 0 0 0 0 0 0 0 0 0 0 0 0 0 0 0 0 0 0 0 0 0 0 0 0 0 0 0 0 0 0 0 0 0 0 0 0 0 0 0 0 0 0 0 0 0 0 0 0 0 0 0 0 0 0 0 0 0 0 0 0 0 0 0 0 0 0 0 0 0 0 0 0 0 0 0 0 0 0 0 0 0 0 0 0 0 0 0 0 0 0 0 0 0 0 0 0 0 0 0 0 0 0 0 0 0 0 0 0 0 0 0 0 0 0 0 0 0 0 0 0 0 0 0 0 0 0 0 0 0 0 0 0 0 0 0 0 0 0 0 0 0 0 0 0 0 0 0 0 0 0 0 0 0 0 0 0 0 0 0 0 0 0 0 0 0 0 0 0 0 0 0 0 0 0 0 0 0 0 0 0 0 0 0 0 0 0 0 0 0 0 0 0 0 0 0 0 0 0 0 0 0 0 0 0 0 0 0 0 0 0 0 0 0 0 0 0 0 0 0 0 0 0 0 0 0 0 0 0 0 0 0 0 0 0 0 0 0 0 0 0 0 0 0 0 0 0 0 0 0 0 0 0 0 0 0 0 0 0 0 0 0 0 0 0 0 0 0 0 0 0 0 0 0 0 0 0 0 0 0 0 0 0 0 0 0 0 0 0 0 0 0 0 0 0 0 0 0 0 0 0 0 0 0 0 0 0 0 0 0 0 0 0 0 0 0 0 0 0 0 0 0 0 0 0 0 0 0 0 0 0 0 0 0 0 0 0 0 0 0 0 0 0 0 0 0 0 0 0 0 0 0 0 0 0 0 0 0 0 0 0 0 0 0 0 0 0 0 0 0 0 0 0 0 0 0 0 0 0 0 0 0 0 0 0 0 0 0 0 0 0 0 0 0 0 0 0 0 0 0 0 0 0 0 0 0 0 0 0 0 0 0 0 0 0 0 0 0 0 0 0 0 0 0 0 0 0 0 0 0 0 0 0 0 0 0 0 0 0 0 0 0 0 0 0 0 0 0 0 0 0 0 0 0 0 0 0 0 0 0 0 0 0 0 0 0 0 0 0 0 0 0 0 0 0 0 0 0 0 0 0 0 0 0 0 0 0 0 0 0 0 0 0 0 0 0 0 0 0 0 0 0 0 0 0 0 0 0 0 0 0 0 0 0 0 0 0 0 0 0 0 0 0 0 0 0 0 0 0 0 0 0 0 0 0 0 0 0 0 0 0 0 0 0 0 0 0 0 0 0 0 0 0 0 0 0 0 0 0 0 0 0 0 0 0 0 0 0 0 0 0 0 0 0 0 0 0 0 0 0 0 0 0 0 0 0 0 0 0 0 0 0 0 0 0 0 0 0 0 0 0 0 0 0 0 0 0 0 0 0 0 0 0 0 0 0 0 0 0 0 0 0 0 0 0 0 0 0 0 0 0 0 0 0 0 0 0 0 0 0 0 0 0 0 0 0 0 0 0 0 0 0 0 0 0 0 0 0 0 0 0 0 0 0 0 0 0 0 0 0 0 0 0 0 0 0 0 0 0 0 0 0 0 0 0 0 0 0 0 0 0 0 0 0 0 0 0 0 0 0 0 0 0 0 0 0 0 0 0 0 0 0 0 0 0 0 0 0 0 0 0 0 0 0 0 0 0 0 0 0 0 0 0 0 0 0 0 0 0 0 0 0 0 0 0 0 0 0 0 0 0 0 0 0 0 0 0 0 0 0 0 0 0 0 0 0 0 0 0 0 0 0 0 0 0 0 0 0 0 0 0 0 0 0 0 0 0 0 0 0 0 0 0 0 0 0 0 0 0 0 0 0 0 0 0 0 0 0 0 0 0 0 0 0 0 0 0 0 0 0 0 0 0 0 0 0 0 0 0 0 0 0 0 0 0 0 0 0 0 0 0 0 0 0 0 0 0 0 0 0 0 0 0 0 0 0 0 0 0 0 0 0 0 0 0 0 0 0 0 0 0 0 0 0 0 0 0 0 0 0 0 0 0 0 0 0 0 0 0 0 0 0 0 0 0 0 0 0 0 0 0 0 0 0 0 0 0 0 0 0 0 0 0 0 0 0 0 0 0 0 0 0 0 0 0 0 0 0 0 0 0 0 0 0 0 0 0 0 0 0 0 0 0 0 0 0 0 0 0 0 0 0 0 0 0 0 0 0 0 0 0 0 0 0 0 0 0 0 0 0 0 0 0 0 0 0 0 0 0 0 0 0 0 0 0 0 0 0 0 0 0 0 0 0 0 0 0 0 0 0 0 0 0 0 0 0 0 0 0 0 0 0 0 0 0 0 0 0 0 0 0 0 0 0 0 0 0 0 0 0 0 0 0 0 0 0 0 0 0 0 0 0 0 0 0 0 0 0 0 0 0 0 0 0 0 0 0 0 0 0 0 0 0 0 0 0 0 0 0 0 0 0 0 0 0 0 0 0 0 0 0 0 0 0 0 0 0 0 0 0 0 0 0 0 0 0 0 0 0 0 0 0 0 0 0 0 0 0 0 0 0 0 0 0 0 0 0 0 0 0 0 0 0 0 0 0 0 0 0 0 0 0 0 0 0 0 0 0 0 0 0 0 0 0 0 0 0 0 0 0 0 0 0 0 0 0 0 0 0 0 0 0 0 0 0 0 0 0 0 0 0 0 0 0 0 0 0 0 0 0 0 0 0 0 0 0 0 0 0 0 0 0 0 0 0 0 0 0 0 0 0 0 0 0 0 0 0 0 0 0 0 0 0 0 0 0 0 0 0 0 0 0 0 0 0 0 0 0 0 0 0 0 0 0 0 0 0 0 0 0 0 0 0 0 0 0 0 0 0 0 0 0 0 0 0 0 0 0 0 0 0 0 0 0 0 0 0 0 0 0 0 0 0 0 0 0 0 0 0 0 0 0 0 0 0 0 0 0 0 0 0 0 0 0 0 0 0 0 0 0 0 0 0 0 0 0 0 0 0 0 0 0 0 0 0 0 0 0 0 0 0 0 0 0 0 0 0 0 0 0 0 0 0 0 0 0 0 0 0 0 0 0 0 0 0 0 0 0 0 0 0 0 0 0 0 0 0 0 0 0 0 0 0 0 0 0 0 0 0 0 0 0 0 0 0 0 0 0 0 0 0 0 0 0 0 0 0 0 0 0 0 0 0 0 0 0 0 0 0 0 0 0 0 0 0 0 0 0 0 0 0 0 0 0 0 0 0 0 0 0 0 0 0 0 0 0 0 0 0 0 0 0 0 0 0 0 0 0 0 0 0 0 0 0 0 0 0 0 0 0 0 0 0 0 0 0 0 0 0 0 0 0 0 0 0 0 0 0 0 0 0 0 0 0 0 0 0 0 0 0 0 0 0 0 0 0 0 0 0 0 0 0 0 0 0 0 0 0 0 0 0 0 0 0 0 0 0 0 0 0 0 0 0 0 0 0 0 0 0 0 0 0 0 0 0 0 0 0 0 0 0 0 0 0 0 0 0 0 0 0 0 0 0 0 0 0 0 0 0 0 0 0 0 0 0 0 0 0 0 0 0 0 0 0 0 0 0 0 0 0 0 0 0 0 0 0 0 0 0 0 0 0 0 0 0 0 0 0 0 0 0 0 0 0 0 0 0 0 0 0 0 0 0 0 0 0 0 0 0 0 0 0 0 0 0.03468936 0.6357871 0.0698201 0.6357871 0.0698201 0.5552113 0.05734682 0.6357871 0.0902118 0.6357871 0.0698201 0.6357871 0.2498178 0.6357871 0.2404326 0.6357871 0.1747074 0.6357871 0.3859158 0.6357871 0.4552967 0.6357871 0.4600806 0.6357871 0.6373894 0.6357871 0.6547309 0.6357871 0.597123 0.6357871 0.73472 0.6357871 0.7587744 0.6357871 0.737141 0.6357871 0.73472 0.6357871 0.7144826 0.6357871 0.737141 0.6357871 0.5834979 0.6357871 0.597123 0.6357871 0.6547309 0.6357871 0.3859158 0.6357871 0.3859158 0.6357871 0.4600818 0.6357871 0.1883326 0.6357871 0.1747074 0.6357871 0.2404326 0.6357871 0.05734682 0.6357871 0.03469055 0.6357871 0.0698201 0.6357871 0.03710925 0.6357871 0.01305592 0.6357871 0.00575155 0.6357871 0.0902118 0.6357871 0.1344398 0.6357871 0.1170984 0.6357871 0.2498178 0.6357871 0.3165338 0.6357871 0.3117499 0.6357871 0.4552967 0.6357871 0.5220127 0.6357871 0.5313978 0.6357871 0.6373894 0.6357871 0.6816187 0.6357871 0.7020103 0.6357871 0.73472 0.6357871 0.7415551 0.6357871 0.7660789 0.6357871 0.7144826 0.6357871 0.6816187 0.6357871 0.7020103 0.6357871 0.5834979 0.6357871 0.5220127 0.6357871 0.5313978 0.6357871 0.3165338 0.6357871 0.3117499 0.6357871 0.3859158 0.6357871 0.1344398 0.6357871 0.1170984 0.6357871 0.1747074 0.6357871 0.03710925 0.6357871 0.01305592 0.6357871 0.03469055 0.6357871 0.03710925 0.6357871 0.05734682 0.6357871 0.03468936 0.6357871 0.1344398 0.6357871 0.1883326 0.6357871 0.1747074 0.6357871 0.3165338 0.6357871 0.3859158 0.6357871 0.3859158 0.6357871 0.5834979 0.6357871 0.597123 0.6357871 0.5313978 0.6357871 0.6816187 0.6357871 0.7144826 0.6357871 0.737141 0.6357871 0.73472 0.6357871 0.7587744 0.6357871 0.7660789 0.6357871 0.6373894 0.6357871 0.6547309 0.6357871 0.7020103 0.6357871 0.4552979 0.6357871 0.4600818 0.6357871 0.5313978 0.6357871 0.2498178 0.6357871 0.2404326 0.6357871 0.3117499 0.6357871 0.0902118 0.6357871 0.0698201 0.6357871 0.1170984 0.6357871 0.03710925 0.6357871 0.03027641 0.6357871 0.00575155 0.6357871 0.3920016 0.4791704 0.3920016 0.6182289 0.370664 0.6203306 0.2404326 0.6357871 0.2404326 0.5552113 0.1747074 0.5552113 0.3859158 0.6357871 0.4600806 0.6357871 0.4600806 0.5552113 0.597123 0.6357871 0.6547309 0.6357871 0.6547309 0.5552113 0.737141 0.6357871 0.7587744 0.6357871 0.7587744 0.5552113 0.7587744 0.6357871 0.737141 0.6357871 0.737141 0.5552113 0.597123 0.6357871 0.597123 0.5552113 0.6547309 0.5552113 0.4600818 0.6357871 0.3859158 0.6357871 0.3859158 0.5552113 0.1747074 0.6357871 0.1747074 0.5552113 0.2404326 0.5552113 0.03469055 0.6357871 0.03469055 0.5552113 0.0698201 0.5552113 0.01305592 0.6357871 0.01305598 0.5552113 0.00575155 0.5552113 0.1170984 0.6357871 0.1170984 0.5552113 0.0698201 0.5552113 0.3117499 0.6357871 0.3117499 0.5552113 0.2404326 0.5552113 0.4600806 0.6357871 0.5313978 0.6357871 0.5313978 0.5552113 0.6547309 0.6357871 0.7020103 0.6357871 0.7020103 0.5552113 0.7587744 0.6357871 0.7660789 0.6357871 0.7660789 0.5552113 0.737141 0.6357871 0.7020103 0.6357871 0.7020103 0.5552113 0.597123 0.6357871 0.5313978 0.6357871 0.5313978 0.5552113 0.3859158 0.6357871 0.3117499 0.6357871 0.3117499 0.5552113 0.1170984 0.6357871 0.1170984 0.5552113 0.1747074 0.5552113 0.01305592 0.6357871 0.01305598 0.5552113 0.03469055 0.5552113 0.03468936 0.6357871 0.03468942 0.5552113 0.01305598 0.5552113 0.1747074 0.6357871 0.1747074 0.5552113 0.1170984 0.5552113 0.3859158 0.6357871 0.3859158 0.5552113 0.3117499 0.5552113 0.5313978 0.6357871 0.597123 0.6357871 0.597123 0.5552113 0.737141 0.6357871 0.737141 0.5552113 0.7020103 0.5552113 0.7587744 0.6357871 0.7587744 0.5552113 0.7660789 0.5552113 0.7020103 0.6357871 0.6547309 0.6357871 0.6547309 0.5552113 0.5313978 0.6357871 0.4600818 0.6357871 0.4600818 0.5552113 0.3117499 0.6357871 0.2404326 0.6357871 0.2404326 0.5552113 0.1170984 0.6357871 0.0698201 0.6357871 0.0698201 0.5552113 0.01305592 0.6357871 0.00575155 0.6357871 0.00575155 0.5552113 0.7359634 0.5646442 0.7359634 0.59692 0.1617704 0.59692 0.5300231 0.5210387 0.4527664 0.6366617 0.4338572 0.6265546 0.5985653 0.589581 0.6215229 0.6325318 0.4930497 0.6857472 0.6356602 0.7760687 0.4992738 0.7489404 0.5013753 0.7276027 0.5985655 0.865624 0.5676698 0.9032705 0.4693406 0.8049413 0.4870728 0.9571241 0.4404686 0.9712611 0.4133396 0.8348749 0.296931 0.9571241 0.3501463 0.828651 0.3706641 0.8348749 0.2163337 0.9032705 0.185438 0.865624 0.3010609 0.7883675 0.1435697 0.7276027 0.2826281 0.7276027 0.2847297 0.7489404 0.185438 0.589581 0.3010607 0.666838 0.2909536 0.6857472 0.2969307 0.4980814 0.3501462 0.6265546 0.331237 0.6366617 0.3920016 0.4791704 0.4404684 0.4839439 0.4133394 0.6203306 0.5676696 0.5519345 0.4693406 0.6502637 0.4527664 0.6366617 0.6356602 0.6791362 0.4992738 0.7062652 0.4930497 0.6857472 0.6215232 0.8226732 0.4930498 0.7694578 0.4992738 0.7489404 0.5300234 0.9341664 0.4527665 0.8185433 0.4693406 0.8049413 0.4404686 0.9712611 0.3920019 0.9760344 0.3920018 0.8369761 0.2539803 0.9341664 0.331237 0.8185433 0.3501463 0.828651 0.1624805 0.8226738 0.2909536 0.7694582 0.3010609 0.7883675 0.1435697 0.7276027 0.1483432 0.6791362 0.2847297 0.7062652 0.185438 0.589581 0.2163337 0.5519345 0.3146629 0.6502637 0.2969307 0.4980814 0.3435349 0.4839439 0.370664 0.6203306 0.4870724 0.4980814 0.4338572 0.6265546 0.4133394 0.6203306 0.5985653 0.589581 0.4829425 0.666838 0.4693406 0.6502637 0.6356602 0.6791362 0.6404336 0.7276027 0.5013753 0.7276027 0.6215232 0.8226732 0.5985655 0.865624 0.4829427 0.788367 0.4870728 0.9571241 0.4338572 0.8286503 0.4527665 0.8185433 0.3435351 0.9712611 0.3706641 0.8348749 0.3920018 0.8369761 0.2539803 0.9341664 0.2163337 0.9032705 0.3146629 0.8049413 0.1483432 0.7760694 0.2847297 0.7489404 0.2909536 0.7694582 0.1483432 0.6791362 0.1624804 0.6325318 0.2909536 0.6857472 0.2163337 0.5519345 0.2539802 0.5210387 0.331237 0.6366617 0.7359634 0.7152503 0.1617704 0.7152503 0.1617704 0.6736981 0.7359634 0.7967574 0.7359634 0.8335804 0.1617704 0.8335804 0.7359634 0.8923437 0.7359634 0.912026 0.1617704 0.912026 0.7359634 0.9241462 0.1617704 0.9241462 0.1617704 0.928239 0.7359634 0.8658562 0.1617704 0.8658562 0.1617704 0.8923437 0.7359634 0.7568023 0.1617704 0.7568023 0.1617704 0.7967574 0.7359634 0.6736984 0.7359634 0.6337431 0.1617704 0.6337431 0.7359634 0.5381568 0.1617704 0.5381568 0.1617704 0.5646442 0.7359634 0.5022613 0.1617704 0.5022613 0.1617704 0.5063537 0.7359634 0.518474 0.7359634 0.5381568 0.1617704 0.5381568 0.7359634 0.59692 0.7359634 0.6337431 0.1617704 0.6337431 0.7359634 0.7152503 0.7359634 0.756802 0.1617704 0.756802 0.7359634 0.8335804 0.7359634 0.8658556 0.1617704 0.8658556 0.7359634 0.9241462 0.1617704 0.9241462 0.1617704 0.912026 0.7359634 0.912026 0.1617704 0.912026 0.1617704 0.9241462 0.7359634 0.8335804 0.1617704 0.8335804 0.1617704 0.8658562 0.7359634 0.7152503 0.1617704 0.7152503 0.1617704 0.7568023 0.7359634 0.59692 0.1617704 0.59692 0.1617704 0.6337431 0.7359634 0.518474 0.1617704 0.518474 0.1617704 0.5381568 0.7359634 0.5063537 0.1617704 0.5063537 0.1617704 0.5022613 0.7359634 0.5381568 0.7359634 0.5646442 0.1617704 0.5646442 0.7359634 0.6337431 0.7359634 0.6736981 0.1617704 0.6736981 0.7359634 0.756802 0.7359634 0.7967574 0.1617704 0.7967574 0.7359634 0.8658556 0.7359634 0.8923437 0.1617704 0.8923437 0.7359634 0.928239 0.1617704 0.928239 0.1617704 0.9241462 0.7359634 0.8923437 0.1617704 0.8923437 0.1617704 0.912026 0.7359634 0.7967574 0.1617704 0.7967574 0.1617704 0.8335804 0.7359634 0.6736984 0.1617704 0.6736984 0.1617704 0.7152503 0.7359634 0.5646442 0.1617704 0.5646442 0.1617704 0.59692 0.7359634 0.5063537 0.1617704 0.5063537 0.1617704 0.518474 0.7359634 0.5063537 0.7359634 0.518474 0.1617704 0.518474 0 0 0 0 0 0 0 0 0 0 0 0 0 0 0 0 0 0 0 0 0 0 0 0 0 0 0 0 0 0 0 0 0 0 0 0 0 0 0 0 0 0 0 0 0 0 0 0 0 0 0 0 0 0 0 0 0 0 0 0 0 0 0 0 0 0 0 0 0 0 0 0 0 0 0 0 0 0 0 0 0 0 0 0 0 0 0 0 0 0 0 0 0 0 0 0 0 0 0 0 0 0 0 0 0 0 0 0 0 0 0 0 0 0 0 0 0 0 0 0 0 0 0 0 0 0 0 0 0 0 0 0 0 0 0 0 0 0 0 0 0 0 0 0 0 0 0 0 0 0 0 0 0 0 0 0 0 0 0 0 0 0 0 0 0 0 0 0 0 0 0 0 0 0 0 0 0 0 0 0 0 0 0 0 0 0 0 0 0 0 0 0 0 0 0 0 0 0 0 0 0 0 0 0</float_array>
          <technique_common>
            <accessor source="#Cylinder_005-mesh-map-2-array" count="5412" stride="2">
              <param name="S" type="float"/>
              <param name="T" type="float"/>
            </accessor>
          </technique_common>
        </source>
        <source id="Cylinder_005-mesh-map-3">
          <float_array id="Cylinder_005-mesh-map-3-array" count="10824">0 0 0 0 0 0 0 0 0 0 0 0 0 0 0 0 0 0 0 0 0 0 0 0 0 0 0 0 0 0 0 0 0 0 0 0 0 0 0 0 0 0 0 0 0 0 0 0 0 0 0 0 0 0 0 0 0 0 0 0 0 0 0 0 0 0 0 0 0 0 0 0 0 0 0 0 0 0 0 0 0 0 0 0 0 0 0 0 0 0 0 0 0 0 0 0 0 0 0 0 0 0 0 0 0 0 0 0 0 0 0 0 0 0 0 0 0 0 0 0 0 0 0 0 0 0 0 0 0 0 0 0 0 0 0 0 0 0 0 0 0 0 0 0 0 0 0 0 0 0 0 0 0 0 0 0 0 0 0 0 0 0 0 0 0 0 0 0 0 0 0 0 0 0 0 0 0 0 0 0 0 0 0 0 0 0 0 0 0 0 0 0 0 0 0 0 0 0 0 0 0 0 0 0 0 0 0 0 0 0 0 0 0 0 0 0 0 0 0 0 0 0 0 0 0 0 0 0 0 0 0 0 0 0 0 0 0 0 0 0 0 0 0 0 0 0 0 0 0 0 0 0 0 0 0 0 0 0 0 0 0 0 0 0 0 0 0 0 0 0 0 0 0 0 0 0 0 0 0 0 0 0 0 0 0 0 0 0 0 0 0 0 0 0 0 0 0 0 0 0 0 0 0 0 0 0 0 0 0 0 0 0 0 0 0 0 0 0 0 0 0 0 0 0 0 0 0 0 0 0 0 0 0 0 0 0 0 0 0 0 0 0 0 0 0 0 0 0 0 0 0 0 0 0 0 0 0 0 0 0 0 0 0 0 0 0 0 0 0 0 0 0 0 0 0 0 0 0 0 0 0 0 0 0 0 0 0 0 0 0 0 0 0 0 0 0 0 0 0 0 0 0 0 0 0 0 0 0 0 0 0 0 0 0 0 0 0 0 0 0 0 0 0 0 0 0 0 0 0 0 0 0 0 0 0 0 0 0 0 0 0 0 0 0 0 0 0 0 0 0 0 0 0 0 0 0 0 0 0 0 0 0 0 0 0 0 0 0 0 0 0 0 0 0 0 0 0 0 0 0 0 0 0 0 0 0 0 0 0 0 0 0 0 0 0 0 0 0 0 0 0 0 0 0 0 0 0 0 0 0 0 0 0 0 0 0 0 0 0 0 0 0 0 0 0 0 0 0 0 0 0 0 0 0 0 0 0 0 0 0 0 0 0 0 0 0 0 0 0 0 0 0 0 0 0 0 0 0 0 0 0 0 0 0 0 0 0 0 0 0 0 0 0 0 0 0 0 0 0 0 0 0 0 0 0 0 0 0 0 0 0 0 0 0 0 0 0 0 0 0 0 0 0 0 0 0 0 0 0 0 0 0 0 0 0 0 0 0 0 0 0 0 0 0 0 0 0 0 0 0 0 0 0 0 0 0 0 0 0 0 0 0 0 0 0 0 0 0 0 0 0 0 0 0 0 0 0 0 0 0 0 0 0 0 0 0 0 0 0 0 0 0 0 0 0 0 0 0 0 0 0 0 0 0 0 0 0 0 0 0 0 0 0 0 0 0 0 0 0 0 0 0 0 0 0 0 0 0 0 0 0 0 0 0 0 0 0 0 0 0 0 0 0 0 0 0 0 0 0 0 0 0 0 0 0 0 0 0 0 0 0 0 0 0 0 0 0 0 0 0 0 0 0 0 0 0 0 0 0 0 0 0 0 0 0 0 0 0 0 0 0 0 0 0 0 0 0 0 0 0 0 0 0 0 0 0 0 0 0 0 0 0 0 0 0 0 0 0 0 0 0 0 0 0 0 0 0 0 0 0 0 0 0 0 0 0 0 0 0 0 0 0 0 0 0 0 0 0 0 0 0 0 0 0 0 0 0 0 0 0 0 0 0 0 0 0 0 0 0 0 0 0 0 0 0 0 0 0 0 0 0 0 0 0 0 0 0 0 0 0 0 0 0 0 0 0 0 0 0 0 0 0 0 0 0 0 0 0 0 0 0 0 0 0 0 0 0 0 0 0 0 0 0 0 0 0 0 0 0 0 0 0 0 0 0 0 0 0 0 0 0 0 0 0 0 0 0 0 0 0 0 0 0 0 0 0 0 0 0 0 0 0 0 0 0 0 0 0 0 0 0 0 0 0 0 0 0 0 0 0 0 0 0 0 0 0 0 0 0 0 0 0 0 0 0 0 0 0 0 0 0 0 0 0 0 0 0 0 0 0 0 0 0 0 0 0 0 0 0 0 0 0 0 0 0 0 0 0 0 0 0 0 0 0 0 0 0 0 0 0 0 0 0 0 0 0 0 0 0 0 0 0 0 0 0 0 0 0 0 0 0 0 0 0 0 0 0 0 0 0 0 0 0 0 0 0 0 0 0 0 0 0 0 0 0 0 0 0 0 0 0 0 0 0 0 0 0 0 0 0 0 0 0 0 0 0 0 0 0 0 0 0 0 0 0 0 0 0 0 0 0 0 0 0 0 0 0 0 0 0 0 0 0 0 0 0 0 0 0 0 0 0 0 0 0 0 0 0 0 0 0 0 0 0 0 0 0 0 0 0 0 0 0 0 0 0 0 0 0 0 0 0 0 0 0 0 0 0 0 0 0 0 0 0 0 0 0 0 0 0 0 0 0 0 0 0 0 0 0 0 0 0 0 0 0 0 0 0 0 0 0 0 0 0 0 0 0 0 0 0 0 0 0 0 0 0 0 0 0 0 0 0 0 0 0 0 0 0 0 0 0 0 0 0 0 0 0 0 0 0 0 0 0 0 0 0 0 0 0 0 0 0 0 0 0 0 0 0 0 0 0 0 0 0 0 0 0 0 0 0 0 0 0 0 0 0 0 0 0 0 0 0 0 0 0 0 0 0 0 0 0 0 0 0 0 0 0 0 0 0 0 0 0 0 0 0 0 0 0 0 0 0 0 0 0 0 0 0 0 0 0 0 0 0 0 0 0 0 0 0 0 0 0 0 0 0 0 0 0 0 0 0 0 0 0 0 0 0 0 0 0 0 0 0 0 0 0 0 0 0 0 0 0 0 0 0 0 0 0 0 0 0 0 0 0 0 0 0 0 0 0 0 0 0 0 0 0 0 0 0 0 0 0 0 0 0 0 0 0 0 0 0 0 0 0 0 0 0 0 0 0 0 0 0 0 0 0 0 0 0 0 0 0 0 0 0 0 0 0 0 0 0 0 0 0 0 0 0 0 0 0 0 0 0 0 0 0 0 0 0 0 0 0 0 0 0 0 0 0 0 0 0 0 0 0 0 0 0 0 0 0 0 0 0 0 0 0 0 0 0 0 0 0 0 0 0 0 0 0 0 0 0 0 0 0 0 0 0 0 0 0 0 0 0 0 0 0 0 0 0 0 0 0 0 0 0 0 0 0 0 0 0 0 0 0 0 0 0 0 0 0 0 0 0 0 0 0 0 0 0 0 0 0 0 0 0 0 0 0 0 0 0 0 0 0 0 0 0 0 0 0 0 0 0 0 0 0 0 0 0 0 0 0 0 0 0 0 0 0 0 0 0 0 0 0 0 0 0 0 0 0 0 0 0 0 0 0 0 0 0 0 0 0 0 0 0 0 0 0 0 0 0 0 0 0 0 0 0 0 0 0 0 0 0 0 0 0 0 0 0 0 0 0 0 0 0 0 0 0 0 0 0 0 0 0 0 0 0 0 0 0 0 0 0 0 0 0 0 0 0 0 0 0 0 0 0 0 0 0 0 0 0 0 0 0 0 0 0 0 0 0 0 0 0 0 0 0 0 0 0 0 0 0 0 0 0 0 0 0 0 0 0 0 0 0 0 0 0 0 0 0 0 0 0 0 0 0 0 0 0 0 0 0 0 0 0 0 0 0 0 0 0 0 0 0 0 0 0 0 0 0 0 0 0 0 0 0 0 0 0 0 0 0 0 0 0 0 0 0 0 0 0 0 0 0 0 0 0 0 0 0 0 0 0 0 0 0 0 0 0 0 0 0 0 0 0 0 0 0 0 0 0 0 0 0 0 0 0 0 0 0 0 0 0 0 0 0 0 0 0 0 0 0 0 0 0 0 0 0 0 0 0 0 0 0 0 0 0 0 0 0 0 0 0 0 0 0 0 0 0 0 0 0 0 0 0 0 0 0 0 0 0 0 0 0 0 0 0 0 0 0 0 0 0 0 0 0 0 0 0 0 0 0 0 0 0 0 0 0 0 0 0 0 0 0 0 0 0 0 0 0 0 0 0 0 0 0 0 0 0 0 0 0 0 0 0 0 0 0 0 0 0 0 0 0 0 0 0 0 0 0 0 0 0 0 0 0 0 0 0 0 0 0 0 0 0 0 0 0 0 0 0 0 0 0 0 0 0 0 0 0 0 0 0 0 0 0 0 0 0 0 0 0 0 0 0 0 0 0 0 0 0 0 0 0 0 0 0 0 0 0 0 0 0 0 0 0 0 0 0 0 0 0 0 0 0 0 0 0 0 0 0 0 0 0 0 0 0 0 0 0 0 0 0 0 0 0 0 0 0 0 0 0 0 0 0 0 0 0 0 0 0 0 0 0 0 0 0 0 0 0 0 0 0 0 0 0 0 0 0 0 0 0 0 0 0 0 0 0 0 0 0 0 0 0 0 0 0 0 0 0 0 0 0 0 0 0 0 0 0 0 0 0 0 0 0 0 0 0 0 0 0 0 0 0 0 0 0 0 0 0 0 0 0 0 0 0 0 0 0 0 0 0 0 0 0 0 0 0 0 0 0 0 0 0 0 0 0 0 0 0 0 0 0 0 0 0 0 0 0 0 0 0 0 0 0 0 0 0 0 0 0 0 0 0 0 0 0 0 0 0 0 0 0 0 0 0 0 0 0 0 0 0 0 0 0 0 0 0 0 0 0 0 0 0 0 0 0 0 0 0 0 0 0 0 0 0 0 0 0 0 0 0 0 0 0 0 0 0 0 0 0 0 0 0 0 0 0 0 0 0 0 0 0 0 0 0 0 0 0 0 0 0 0 0 0 0 0 0 0 0 0 0 0 0 0 0 0 0 0 0 0 0 0 0 0 0 0 0 0 0 0 0 0 0 0 0 0 0 0 0 0 0 0 0 0 0 0 0 0 0 0 0 0 0 0 0 0 0 0 0 0 0 0 0 0 0 0 0 0 0 0 0 0 0 0 0 0 0 0 0 0 0 0 0 0 0 0 0 0 0 0 0 0 0 0 0 0 0 0 0 0 0 0 0 0 0 0 0 0 0 0 0 0 0 0 0 0 0 0 0 0 0 0 0 0 0 0 0 0 0 0 0 0 0 0 0 0 0 0 0 0 0 0 0 0 0 0 0 0 0 0 0 0 0 0 0 0 0 0 0 0 0 0 0 0 0 0 0 0 0 0 0 0 0 0 0 0 0 0 0 0 0 0 0 0 0 0 0 0 0 0 0 0 0 0 0 0 0 0 0 0 0 0 0 0 0 0 0 0 0 0 0 0 0 0 0 0 0 0 0 0 0 0 0 0 0 0 0 0 0 0 0 0 0 0 0 0 0 0 0 0 0 0 0 0 0 0 0 0 0 0 0 0 0 0 0 0 0 0 0 0 0 0 0 0 0 0 0 0 0 0 0 0 0 0 0 0 0 0 0 0 0 0 0 0 0 0 0 0 0 0 0 0 0 0 0 0 0 0 0 0 0 0 0 0 0 0 0 0 0 0 0 0 0 0 0 0 0 0 0 0 0 0 0 0 0 0 0 0 0 0 0 0 0 0 0 0 0 0 0 0 0 0 0 0 0 0 0 0 0 0 0 0 0 0 0 0 0 0 0 0 0 0 0 0 0 0 0 0 0 0 0 0 0 0 0 0 0 0 0 0 0 0 0 0 0 0 0 0 0 0 0 0 0 0 0 0 0 0 0 0 0 0 0 0 0 0 0 0 0 0 0 0 0 0 0 0 0 0 0 0 0 0 0 0 0 0 0 0 0 0 0 0 0 0 0 0 0 0 0 0 0 0 0 0 0 0 0 0 0 0 0 0 0 0 0 0 0 0 0 0 0 0 0 0 0 0 0 0 0 0 0 0 0 0 0 0 0 0 0 0 0 0 0 0 0 0 0 0 0 0 0 0 0 0 0 0 0 0 0 0 0 0 0 0 0 0 0 0 0 0 0 0 0 0 0 0 0 0 0 0 0 0 0 0 0 0 0 0 0 0 0 0 0 0 0 0 0 0 0 0 0 0 0 0 0 0 0 0 0 0 0 0 0 0 0 0 0 0 0 0 0 0 0 0 0 0 0 0 0 0 0 0 0 0 0 0 0 0 0 0 0 0 0 0 0 0 0 0 0 0 0 0 0 0 0 0 0 0 0 0 0 0 0 0 0 0 0 0 0 0 0 0 0 0 0 0 0 0 0 0 0 0 0 0 0 0 0 0 0 0 0 0 0 0 0 0 0 0 0 0 0 0 0 0 0 0 0 0 0 0 0 0 0 0 0 0 0 0 0 0 0 0 0 0 0 0 0 0 0 0 0 0 0 0 0 0 0 0 0 0 0 0 0 0 0 0 0 0 0 0 0 0 0 0 0 0 0 0 0 0 0 0 0 0 0 0 0 0 0 0 0 0 0 0 0 0 0 0 0 0 0 0 0 0 0 0 0 0 0 0 0 0 0 0 0 0 0 0 0 0 0 0 0 0 0 0 0 0 0 0 0 0 0 0 0 0 0 0 0 0 0 0 0 0 0 0 0 0 0 0 0 0 0 0 0 0 0 0 0 0 0 0 0 0 0 0 0 0 0 0 0 0 0 0 0 0 0 0 0 0 0 0 0 0 0 0 0 0 0 0 0 0 0 0 0 0 0 0 0 0 0 0 0 0 0 0 0 0 0 0 0 0 0 0 0 0 0 0 0 0 0 0 0 0 0 0 0 0 0 0 0 0 0 0 0 0 0 0 0 0 0 0 0 0 0 0 0 0 0 0 0 0 0 0 0 0 0 0 0 0 0 0 0 0 0 0 0 0 0 0 0 0 0 0 0 0 0 0 0 0 0 0 0 0 0 0 0 0 0 0 0 0 0 0 0 0 0 0 0 0 0 0 0 0 0 0 0 0 0 0 0 0 0 0 0 0 0 0 0 0 0 0 0 0 0 0 0 0 0 0 0 0 0 0 0 0 0 0 0 0 0 0 0 0 0 0 0 0 0 0 0 0 0 0 0 0 0 0 0 0 0 0 0 0 0 0 0 0 0 0 0 0 0 0 0 0 0 0 0 0 0 0 0 0 0 0 0 0 0 0 0 0 0 0 0 0 0 0 0 0 0 0 0 0 0 0 0 0 0 0 0 0 0 0 0 0 0 0 0 0 0 0 0 0 0 0 0 0 0 0 0 0 0 0 0 0 0 0 0 0 0 0 0 0 0 0 0 0 0 0 0 0 0 0 0 0 0 0 0 0 0 0 0 0 0 0 0 0 0 0 0 0 0 0 0 0 0 0 0 0 0 0 0 0 0 0 0 0 0 0 0 0 0 0 0 0 0 0 0 0 0 0 0 0 0 0 0 0 0 0 0 0 0 0 0 0 0 0 0 0 0 0 0 0 0 0 0 0 0 0 0 0 0 0 0 0 0 0 0 0 0 0 0 0 0 0 0 0 0 0 0 0 0 0 0 0 0 0 0 0 0 0 0 0 0 0 0 0 0 0 0 0 0 0 0 0 0 0 0 0 0 0 0 0 0 0 0 0 0 0 0 0 0 0 0 0 0 0 0 0 0 0 0 0 0 0 0 0 0 0 0 0 0 0 0 0 0 0 0 0 0 0 0 0 0 0 0 0 0 0 0 0 0 0 0 0 0 0 0 0 0 0 0 0 0 0 0 0 0 0 0 0 0 0 0 0 0 0 0 0 0 0 0 0 0 0 0 0 0 0 0 0 0 0 0 0 0 0 0 0 0 0 0 0 0 0 0 0 0 0 0 0 0 0 0 0 0 0 0 0 0 0 0 0 0 0 0 0 0 0 0 0 0 0 0 0 0 0 0 0 0 0 0 0 0 0 0 0 0 0 0 0 0 0 0 0 0 0 0 0 0 0 0 0 0 0 0 0 0 0 0 0 0 0 0 0 0 0 0 0 0 0 0 0 0 0 0 0 0 0 0 0 0 0 0 0 0 0 0 0 0 0 0 0 0 0 0 0 0 0 0 0 0 0 0 0 0 0 0 0 0 0 0 0 0 0 0 0 0 0 0 0 0 0 0 0 0 0 0 0 0 0 0 0 0 0 0 0 0 0 0 0 0 0 0 0 0 0 0 0 0 0 0 0 0 0 0 0 0 0 0 0 0 0 0 0 0 0 0 0 0 0 0 0 0 0 0 0 0 0 0 0 0 0 0 0 0 0 0 0 0 0 0 0 0 0 0 0 0 0 0 0 0 0 0 0 0 0 0 0 0 0 0 0 0 0 0 0 0 0 0 0 0 0 0 0 0 0 0 0 0 0 0 0 0 0 0 0 0 0 0 0 0 0 0 0 0 0 0 0 0 0 0 0 0 0 0 0 0 0 0 0 0 0 0 0 0 0 0 0 0 0 0 0 0 0 0 0 0 0 0 0 0 0 0 0 0 0 0 0 0 0 0 0 0 0 0 0 0 0 0 0 0 0 0 0 0 0 0 0 0 0 0 0 0 0 0 0 0 0 0 0 0 0 0 0 0 0 0 0 0 0 0 0 0 0 0 0 0 0 0 0 0 0 0 0 0 0 0 0 0 0 0 0 0 0 0 0 0 0 0 0 0 0 0 0 0 0 0 0 0 0 0 0 0 0 0 0 0 0 0 0 0 0 0 0 0 0 0 0 0 0 0 0 0 0 0 0 0 0 0 0 0 0 0 0 0 0 0 0 0 0 0 0 0 0 0 0 0 0 0 0 0 0 0 0 0 0 0 0 0 0 0 0 0 0 0 0 0 0 0 0 0 0 0 0 0 0 0 0 0 0 0 0 0 0 0 0 0 0 0 0 0 0 0 0 0 0 0 0 0 0 0 0 0 0 0 0 0 0 0 0 0 0 0 0 0 0 0 0 0 0 0 0 0 0 0 0 0 0 0 0 0 0 0 0 0 0 0 0 0 0 0 0 0 0 0 0 0 0 0 0 0 0 0 0 0 0 0 0 0 0 0 0 0 0 0 0 0 0 0 0 0 0 0 0 0 0 0 0 0 0 0 0 0 0 0 0 0 0 0 0 0 0 0 0 0 0 0 0 0 0 0 0 0 0 0 0 0 0 0 0 0 0 0 0 0 0 0 0 0 0 0 0 0 0 0 0 0 0 0 0 0 0 0 0 0 0 0 0 0 0 0 0 0 0 0 0 0 0 0 0 0 0 0 0 0 0 0 0 0 0 0 0 0 0 0 0 0 0 0 0 0 0 0 0 0 0 0 0 0 0 0 0 0 0 0 0 0 0 0 0 0 0 0 0 0 0 0 0 0 0 0 0 0 0 0 0 0 0 0 0 0 0 0 0 0 0 0 0 0 0 0 0 0 0 0 0 0 0 0 0 0 0 0 0 0 0 0 0 0 0 0 0 0 0 0 0 0 0 0 0 0 0 0 0 0 0 0 0 0 0 0 0 0 0 0 0 0 0 0 0 0 0 0 0 0 0 0 0 0 0 0 0 0 0 0 0 0 0 0 0 0 0 0 0 0 0 0 0 0 0 0 0 0 0 0 0 0 0 0 0 0 0 0 0 0 0 0 0 0 0 0 0 0 0 0 0 0 0 0 0 0 0 0 0 0 0 0 0 0 0 0 0 0 0 0 0 0 0 0 0 0 0 0 0 0 0 0 0 0 0 0 0 0 0 0 0 0 0 0 0 0 0 0 0 0 0 0 0 0 0 0 0 0 0 0 0 0 0 0 0 0 0 0 0 0 0 0 0 0 0 0 0 0 0 0 0 0 0 0 0 0 0 0 0 0 0 0 0 0 0 0 0 0 0 0 0 0 0 0 0 0 0 0 0 0 0 0 0 0 0 0 0 0 0 0 0 0 0 0 0 0 0 0 0 0 0 0 0 0 0 0 0 0 0 0 0 0 0 0 0 0 0 0 0 0 0 0 0 0 0 0 0 0 0 0 0 0 0 0 0 0 0 0 0 0 0 0 0 0 0 0 0 0 0 0 0 0 0 0 0 0 0 0 0 0 0 0 0 0 0 0 0 0 0 0 0 0 0 0 0 0 0 0 0 0 0 0 0 0 0 0 0 0 0 0 0 0 0 0 0 0 0 0 0 0 0 0 0 0 0 0 0 0 0 0 0 0 0 0 0 0 0 0 0 0 0 0 0 0 0 0 0 0 0 0 0 0 0 0 0 0 0 0 0 0 0 0 0 0 0 0 0 0 0 0 0 0 0 0 0 0 0 0 0 0 0 0 0 0 0 0 0 0 0 0 0 0 0 0 0 0 0 0 0 0 0 0 0 0 0 0 0 0 0 0 0 0 0 0 0 0 0 0 0 0 0 0 0 0 0 0 0 0 0 0 0 0 0 0 0 0 0 0 0 0 0 0 0 0 0 0 0 0 0 0 0 0 0 0 0 0 0 0 0 0 0 0 0 0 0 0 0 0 0 0 0 0 0 0 0 0 0 0 0 0 0 0 0 0 0 0 0 0 0 0 0 0 0 0 0 0 0 0 0 0 0 0 0 0 0 0 0 0 0 0 0 0 0 0 0 0 0 0 0 0 0 0 0 0 0 0 0 0 0 0 0 0 0 0 0 0 0 0 0 0 0 0 0 0 0 0 0 0 0 0 0 0 0 0 0 0 0 0 0 0 0 0 0 0 0 0 0 0 0 0 0 0 0 0 0 0 0 0 0 0 0 0 0 0 0 0 0 0 0 0 0 0 0 0 0 0 0 0 0 0 0 0 0 0 0 0 0 0 0 0 0 0 0 0 0 0 0 0 0 0 0 0 0 0 0 0 0 0 0 0 0 0 0 0 0 0 0 0 0 0 0 0 0 0 0 0 0 0 0 0 0 0 0 0 0 0 0 0 0 0 0 0 0 0 0 0 0 0 0 0 0 0 0 0 0 0 0 0 0 0 0 0 0 0 0 0 0 0 0 0 0 0 0 0 0 0 0 0 0 0 0 0 0 0 0 0 0 0 0 0 0 0 0 0 0 0 0 0 0 0 0 0 0 0 0 0 0 0 0 0 0 0 0 0 0 0 0 0 0 0 0 0 0 0 0 0 0 0 0 0 0 0 0 0 0 0 0 0 0 0 0 0 0 0 0 0 0 0 0 0 0 0 0 0 0 0 0 0 0 0 0 0 0 0 0 0 0 0 0 0 0 0 0 0 0 0 0 0 0 0 0 0 0 0 0 0 0 0 0 0 0 0 0 0 0 0 0 0 0 0 0 0 0 0 0 0 0 0 0 0 0 0 0 0 0 0 0 0 0 0 0 0 0 0 0 0 0 0 0 0 0 0 0 0 0 0 0 0 0 0 0 0 0 0 0 0 0 0 0 0 0 0 0 0 0 0 0 0 0 0 0 0 0 0 0 0 0 0 0 0 0 0 0 0 0 0 0 0 0 0 0 0 0 0 0 0 0 0 0 0 0 0 0 0 0 0 0 0 0 0 0 0 0 0 0 0 0 0 0 0 0 0 0 0 0 0 0 0 0 0 0 0 0 0 0 0 0 0 0 0 0 0 0 0 0 0 0 0 0 0 0 0 0 0 0 0 0 0 0 0 0 0 0 0 0 0 0 0 0 0 0 0 0 0 0 0 0 0 0 0 0 0 0 0 0 0 0 0 0 0 0 0 0 0 0 0 0 0 0 0 0 0 0 0 0 0 0 0 0 0 0 0 0 0 0 0 0 0 0 0 0 0 0 0 0 0 0 0 0 0 0 0 0 0 0 0 0 0 0 0 0 0 0 0 0 0 0 0 0 0 0 0 0 0 0 0 0 0 0 0 0 0 0 0 0 0 0 0 0 0 0 0 0 0 0 0 0 0 0 0 0 0 0 0 0 0 0 0 0 0 0 0 0 0 0 0 0 0 0 0 0 0 0 0 0 0 0 0 0 0 0 0 0 0 0 0 0 0 0 0 0 0 0 0 0 0 0 0 0 0 0 0 0 0 0 0 0 0 0 0 0 0 0 0 0 0 0 0 0 0 0 0 0 0 0 0 0 0 0 0 0 0 0 0 0 0 0 0 0 0 0 0 0 0 0 0 0 0 0 0 0 0 0 0 0 0 0 0 0 0 0 0 0 0 0 0 0 0 0 0 0 0 0 0 0 0 0 0 0 0 0 0 0 0 0 0 0 0 0 0 0 0 0 0 0 0 0 0 0 0 0 0 0 0 0 0 0 0 0 0 0 0 0 0 0 0 0 0 0 0 0 0 0 0 0 0 0 0 0 0 0 0 0 0 0 0 0 0 0 0 0 0 0 0 0 0 0 0 0 0 0 0 0 0 0 0 0 0 0 0 0 0 0 0 0 0 0 0 0 0 0 0 0 0 0 0 0 0 0 0 0 0 0 0 0 0 0 0 0 0 0 0 0 0 0 0 0 0 0 0 0 0 0 0 0 0 0 0 0 0 0 0 0 0 0 0 0 0 0 0 0 0 0 0 0 0 0 0 0 0 0 0 0 0 0 0 0 0 0 0 0 0 0 0 0 0 0 0 0 0 0 0 0 0 0 0 0 0 0 0 0 0 0 0 0 0 0 0 0 0 0 0 0 0 0 0 0 0 0 0 0 0 0 0 0 0 0 0 0 0 0 0 0 0 0 0 0 0 0 0 0 0 0 0 0 0 0 0 0 0 0 0 0 0 0 0 0 0 0 0 0 0 0 0 0 0 0 0 0 0 0 0 0 0 0 0 0 0 0 0 0 0 0 0 0 0 0 0 0 0 0 0 0 0 0 0 0 0 0 0 0 0 0 0 0 0 0 0 0 0 0 0 0 0 0 0 0 0 0 0 0 0 0 0 0 0 0 0 0 0 0 0 0 0 0 0 0 0 0 0 0 0 0 0 0 0 0 0 0 0 0 0 0 0 0 0 0 0 0 0 0 0 0 0 0 0 0 0 0 0 0 0 0 0 0 0.9884672 0.6889746 0.0156731 0.9683684 0.9884672 0.6889746 0.9884672 0.6889746 -0.01594614 0.2419238 0.0156731 0.9683684 0.9586789 0.004601359 -0.01594614 0.2419238 0.9586789 0.004601359 0.9884672 0.6889746 -0.01594614 0.2419238 0.9586789 0.004601359 0.0156731 0.9683684 -0.01594614 0.2419238 -0.01594614 0.2419238 0.9586789 0.004601359 0.9884672 0.6889746 0.9884672 0.6889746 0.3715373 0.7789482 0.8602169 0.9896046 0.9197623 0.9654132 0.311992 0.8031397 0.5317128 0.1810194 0.8602169 0.9896046 0.05545634 9.41485e-4 0.5317128 0.1810194 -0.004088938 0.02513265 0.3715373 0.7789482 0.5912582 0.1568282 0.05545634 9.41485e-4 0.8602169 0.9896046 0.5912582 0.1568282 0.9197623 0.9654132 0.05545634 9.41485e-4 0.311992 0.8031397 0.3715373 0.7789482 0.3645938 0.772282 0.8532709 0.9829397 0.3050459 0.7964748 0.3645938 0.772282 0.5843147 0.1501618 0.9128189 0.9587473 -0.01103496 0.01846778 0.5843147 0.1501618 0.04851311 -0.00572443 0.3050459 0.7964748 0.5247668 0.1743544 -0.01103496 0.01846778 0.8532709 0.9829397 0.5843147 0.1501618 0.5247668 0.1743544 -0.01103496 0.01846778 0.3645938 0.772282 0.3050459 0.7964748 0 0 0 0 0 0 0 0 0 0 0 0 0 0 0 0 0 0 0 0 0 0 0 0 0 0 0 0 0 0 0 0 0 0 0 0 0 0 0 0 0 0 0 0 0 0 0 0 0 0 0 0 0 0 0 0 0 0 0 0 0 0 0 0 0 0 0 0 0 0 0 0 0 0 0 0 0 0 0 0 0 0 0 0 0 0 0 0 0 0 0 0 0 0 0 0 0 0 0 0 0 0 0 0 0 0 0 0 0 0 0 0 0 0 0 0 0 0 0 0 0 0 0 0 0 0 0 0 0 0 0 0 0 0 0 0 0 0 0 0 0 0 0 0 0 0 0 0 0 0 0 0 0 0 0 0 0 0 0 0 0 0 0 0 0 0 0 0 0 0 0 0 0 0 0 0 0 0 0 0 0 0 0 0 0 0 0 0 0 0 0 0 0 0 0 0 0 0 0 0 0 0 0 0 0 0 0 0 0 0 0 0 0 0 0 0 0 0 0 0 0 0 0 0 0 0 0 0 0 0 0 0 0 0 0 0 0 0 0 0 0 0 0 0 0 0 0 0 0 0 0 0 0 0 0 0 0 0 0 0 0 0 0 0 0 0 0 0 0 0 0 0 0 0 0 0 0 0 0 0 0 0 0 0 0 0 0 0 0 0 0 0 0 0 0 0 0 0 0 0 0 0 0 0 0 0 0 0 0 0 0 0 0 0 0 0 0 0 0 0 0 0 0 0 0 0 0 0 0 0 0 0 0 0 0 0 0 0 0 0 0 0 0 0 0 0 0 0 0 0 0 0 0 0 0 0 0 0 0 0 0 0 0 0 0 0 0 0 0 0 0 0 0 0 0 0 0 0 0 0 0 0 0 0 0 0 0 0 0 0 0 0 0 0 0 0 0 0 0 0 0 0 0 0 0 0 0 0 0 0 0 0 0 0 0 0 0 0 0 0 0 0 0 0 0 0 0 0 0 0 0 0 0 0 0 0 0 0 0 0 0 0 0 0 0 0 0 0 0 0 0 0 0 0 0 0 0 0 0 0 0 0 0 0 0 0 0 0 0 0 0 0 0 0 0 0 0 0 0 0 0 0 0 0 0 0 0 0 0 0 0 0 0 0 0 0 0 0 0 0 0 0 0 0 0 0 0 0 0 0 0 0 0 0 0 0 0 0 0 0 0 0 0 0 0 0 0 0 0 0 0 0 0 0 0 0 0 0 0 0 0 0 0 0 0 0 0 0 0 0 0 0 0 0 0 0 0 0 0 0 0 0 0 0 0 0 0 0 0 0 0 0 0 0 0 0 0 0 0 0 0 0 0 0 0 0 0 0 0 0 0 0 0 0 0 0 0 0 0 0 0 0 0 0 0 0 0 0 0 0 0 0 0 0 0 0 0 0 0 0 0 0 0 0 0 0 0 0 0 0 0 0 0 0 0 0 0 0 0 0 0 0 0 0 0 0 0 0 0 0 0 0 0 0 0 0 0 0 0 0 0 0 0 0 0 0 0 0 0 0 0 0 0 0 0 0 0 0 0 0 0 0 0 0 0 0 0 0 0 0 0 0 0 0 0 0 0 0 0 0 0 0 0 0 0 0 0 0 0 0 0 0 0 0 0 0 0 0 0 0 0 0 0 0 0 0 0 0 0 0 0 0 0 0 0 0 0 0 0 0 0 0 0 0 0 0 0 0 0 0 0 0 0 0 0 0 0 0 0 0 0 0 0 0 0 0 0 0 0 0 0 0 0 0 0 0 0 0 0 0 0 0 0 0 0 0 0 0 0 0 0 0 0 0 0 0 0 0 0 0 0 0 0 0 0 0 0 0 0 0 0 0 0 0 0 0 0 0 0 0 0 0 0 0 0 0 0 0 0 0 0 0 0 0 0 0 0 0 0 0 0 0 0 0 0 0 0 0 0 0 0 0 0 0 0 0 0 0 0 0 0 0 0 0 0 0 0 0 0 0 0 0 0 0 0 0 0 0 0 0 0 0 0 0 0 0 0 0 0 0 0 0 0 0 0 0 0 0 0 0 0 0 0 0 0 0 0 0 0 0 0 0 0 0 0 0 0 0 0 0 0 0 0 0 0 0 0 0 0 0 0 0 0 0 0 0 0 0 0 0 0 0 0 0 0 0 0 0 0 0 0 0 0 0 0 0 0 0 0 0 0 0 0 0 0 0 0 0 0 0 0 0 0 0 0 0 0 0 0 0 0 0 0 0 0 0 0 0 0 0 0 0 0 0 0 0 0 0 0 0 0 0 0 0 0 0 0 0 0 0 0 0 0 0 0 0 0 0 0 0 0 0 0 0 0 0 0 0 0 0 0 0 0 0 0 0 0 0 0 0 0 0 0 0 0 0 0 0 0 0 0 0 0 0 0 0 0 0 0 0 0 0 0 0 0 0 0 0 0 0 0 0 0 0 0 0 0 0 0 0 0 0 0 0 0 0 0 0 0 0 0 0 0 0 0 0 0 0 0 0 0 0 0 0 0 0 0 0 0 0 0 0 0 0 0 0 0 0 0 0 0 0 0 0 0 0 0 0 0 0 0 0 0 0 0 0 0 0 0 0 0 0 0 0 0 0 0 0 0 0 0 0 0 0 0 0 0 0 0 0 0 0 0 0 0 0 0 0 0 0 0 0 0 0 0 0 0 0 0 0 0 0 0 0 0 0 0 0 0 0 0 0 0 0 0 0 0 0 0 0 0 0 0 0 0 0 0 0 0 0 0 0 0 0 0 0 0 0 0 0 0 0 0 0 0 0 0 0 0 0 0 0 0 0 0 0 0 0 0 0 0 0 0 0 0 0 0 0 0 0 0 0 0 0 0 0 0 0 0 0 0 0 0 0 0 0 0 0 0 0 0 0 0 0 0 0 0 0 0 0 0 0 0 0 0 0 0 0 0 0 0 0 0 0 0 0 0 0 0 0 0 0 0 0 0 0 0 0 0 0 0 0 0 0 0 0 0 0 0 0 0 0 0 0 0 0 0 0 0 0 0 0 0 0 0 0 0 0 0 0 0 0 0 0 0 0 0 0 0 0 0 0 0 0 0 0 0 0 0 0 0 0 0 0 0 0 0 0 0 0 0 0 0 0 0 0 0 0 0 0 0 0 0 0 0 0 0 0 0 0 0 0 0 0 0 0 0 0 0 0 0 0 0 0 0 0 0 0 0 0 0 0 0 0 0 0 0 0 0 0 0 0 0 0 0 0 0 0 0 0 0 0 0 0 0 0 0 0 0 0 0 0 0 0 0 0 0 0 0 0 0 0 0 0 0 0 0 0 0 0 0 0 0 0 0 0 0 0 0 0 0 0 0 0 0 0 0 0 0 0 0 0 0 0 0 0 0 0 0 0 0 0 0 0 0 0 0 0 0 0 0 0 0 0 0 0 0 0 0 0 0 0 0 0 0 0 0 0 0 0 0 0 0 0 0 0 0 0 0 0 0 0 0 0 0 0 0 0 0 0 0 0 0 0 0 0 0 0 0 0 0 0 0 0 0 0 0 0 0 0 0 0 0 0 0 0 0 0 0 0 0 0 0 0 0 0 0 0 0 0 0 0 0 0 0 0 0 0 0 0 0 0 0 0 0 0 0 0 0 0 0 0 0 0 0 0 0 0 0 0 0 0 0 0 0 0 0 0 0 0 0 0 0 0 0 0 0 0 0 0 0 0 0 0 0 0 0 0 0 0 0 0 0 0 0 0 0 0 0 0 0 0 0 0 0 0 0 0 0 0 0 0 0 0 0 0 0 0 0 0 0 0 0 0 0 0 0 0 0 0 0 0 0 0 0 0 0 0 0 0 0 0 0 0 0 0 0 0 0 0 0 0 0 0 0 0 0 0 0 0 0 0 0 0 0 0 0 0 0 0 0 0 0 0 0 0 0 0 0 0 0 0 0 0 0 0 0 0 0 0 0 0 0 0 0 0 0 0 0 0 0 0 0 0 0 0 0 0 0 0 0 0 0 0 0 0 0 0 0 0 0 0 0 0 0 0 0 0 0 0 0 0 0 0 0 0 0 0 0 0 0 0 0 0 0 0 0 0 0 0 0 0 0 0 0 0 0 0 0 0 0 0 0 0 0 0 0 0 0 0 0 0 0 0 0 0 0 0 0 0 0 0 0 0 0 0 0 0 0 0 0 0 0 0 0 0 0 0 0 0 0 0 0 0 0 0 0 0 0 0 0 0 0 0 0 0 0 0 0 0 0 0 0 0 0 0 0 0 0 0 0 0 0 0 0 0 0 0 0 0 0 0 0 0 0 0 0 0 0 0 0 0 0 0 0 0 0 0 0 0 0 0 0 0 0 0 0 0 0 0 0 0 0 0 0 0 0 0 0 0 0 0 0 0 0 0 0 0 0 0 0 0 0 0 0 0 0 0 0 0 0 0 0 0 0 0 0 0 0 0 0 0 0 0 0 0 0 0 0 0 0 0 0 0 0 0 0 0 0 0 0 0 0 0 0 0 0 0 0 0 0 0 0 0 0 0 0 0 0 0 0 0 0 0 0 0 0 0 0 0 0 0 0 0 0 0 0 0 0 0 0 0 0 0 0 0 0 0 0 0 0 0 0 0 0 0 0 0 0 0 0 0 0 0 0 0 0 0 0 0 0 0 0 0 0 0 0 0 0 0 0 0 0 0 0 0 0 0 0 0 0 0 0 0 0 0 0 0 0 0 0 0 0 0 0 0 0 0 0 0 0 0 0 0 0 0 0 0 0 0 0 0 0 0 0 0 0 0 0 0 0 0 0 0 0 0 0 0 0 0 0 0 0 0 0 0 0 0 0 0 0 0 0 0 0 0 0 0 0 0 0 0 0 0 0 0 0 0 0 0 0 0 0 0 0 0 0 0 0 0 0 0 0 0 0 0 0 0 0 0 0 0 0 0 0 0 0 0 0 0 0 0 0 0 0 0 0 0 0 0 0 0 0 0 0 0 0 0 0 0 0 0 0 0 0 0 0 0 0 0 0 0 0 0 0 0 0 0 0 0 0 0 0 0 0 0 0 0 0 0 0 0 0 0 0 0 0 0 0 0 0 0 0 0 0 0 0 0 0 0 0 0 0 0 0 0 0 0 0 0 0 0 0 0 0 0 0 0 0 0 0 0 0 0 0 0 0 0 0 0 0 0 0 0 0 0 0 0 0 0 0 0 0 0 0 0 0 0 0 0 0 0 0 0 0 0 0 0 0 0 0 0 0 0 0 0 0 0 0 0 0 0 0 0 0 0 0 0 0 0 0 0 0 0 0 0 0 0 0 0 0 0 0 0 0 0 0 0 0 0 0 0 0 0 0 0 0 0 0 0 0 0 0 0 0 0 0 0 0 0 0 0 0 0 0 0 0 0 0 0 0 0 0 0 0 0 0 0 0 0 0 0 0 0 0 0 0 0 0 0 0 0 0 0 0 0 0 0 0 0 0 0 0 0 0 0 0 0 0 0 0 0 0 0 0 0 0 0 0 0 0 0 0 0 0 0 0 0 0 0 0 0 0 0 0 0 0 0 0 0 0 0 0 0 0 0 0 0 0 0 0 0 0 0 0 0 0 0 0 0 0 0 0 0 0 0 0 0 0 0 0 0 0 0 0 0 0 0 0 0 0 0 0 0 0 0 0 0 0 0 0 0 0 0 0 0 0 0 0 0 0 0 0 0 0 0 0 0 0 0 0 0 0 0 0 0 0 0 0 0 0 0 0 0 0 0 0 0 0 0 0 0 0 0 0 0 0 0 0 0 0 0 0 0 0 0 0 0 0 0 0 0 0 0 0 0 0 0 0 0 0 0 0 0 0 0 0 0 0 0 0 0 0 0 0 0 0 0 0 0 0 0 0 0 0 0 0 0 0 0 0 0 0 0 0 0 0 0 0 0 0 0 0 0 0 0 0 0 0 0 0 0 0 0 0 0 0 0 0 0 0 0 0 0 0 0 0 0 0 0 0 0 0 0 0 0 0 0 0 0 0 0 0 0 0 0 0 0 0 0 0 0 0 0 0 0 0 0 0 0 0 0 0 0 0 0 0 0 0 0 0 0 0 0 0 0 0 0 0 0 0 0 0 0 0 0 0 0 0 0 0 0 0 0 0 0 0 0 0 0 0 0 0 0 0 0 0 0 0 0 0 0 0 0 0 0 0 0 0 0 0 0 0 0 0 0 0 0 0 0 0 0 0 0 0 0 0 0 0 0 0 0 0 0 0 0 0 0 0 0 0 0 0 0 0 0 0 0 0 0 0 0 0 0 0 0 0 0 0 0 0 0 0 0 0 0 0 0 0 0 0 0 0 0 0 0 0 0 0 0 0 0 0 0 0 0 0 0 0 0 0 0 0 0 0 0 0 0 0 0 0 0 0 0 0 0 0 0 0 0 0 0 0 0 0 0 0 0 0 0 0 0 0 0 0 0 0 0 0 0 0 0 0 0 0 0 0 0 0 0 0 0 0 0 0 0 0 0 0 0 0 0 0 0 0 0 0 0 0 0 0 0 0 0 0 0 0 0 0 0 0 0 0 0 0 0 0 0 0 0 0 0 0 0 0 0 0 0 0 0 0 0 0 0 0 0 0 0 0 0 0 0 0 0 0 0 0 0 0 0 0 0 0 0 0 0 0 0 0 0 0 0 0 0 0 0 0 0 0 0 0 0 0 0 0 0 0 0 0 0 0 0 0 0 0 0 0 0 0 0 0 0 0 0 0 0 0 0 0 0 0 0 0 0 0 0 0 0 0 0 0 0 0 0 0 0 0 0 0 0 0 0 0 0 0 0 0 0 0 0 0 0 0 0 0 0 0 0 0 0 0 0 0 0 0 0 0 0 0 0 0 0 0 0 0 0 0 0 0 0 0 0 0 0 0 0 0 0 0 0 0 0 0 0 0 0 0 0 0 0 0 0 0 0 0 0 0 0 0 0 0 0 0 0 0 0 0 0 0 0 0 0 0 0 0 0 0 0 0 0 0 0 0 0 0 0 0 0 0 0 0 0 0 0 0 0 0 0 0 0 0 0 0 0 0 0 0 0 0 0 0 0 0 0 0 0 0 0 0 0 0 0 0 0 0 0 0 0 0 0 0 0 0 0 0 0 0 0 0 0 0 0 0 0 0 0 0 0 0 0 0 0 0 0 0 0 0 0 0 0 0 0 0 0 0 0 0 0 0 0 0 0 0 0 0 0 0 0 0 0 0 0 0 0 0 0 0 0 0 0 0 0 0 0 0 0 0 0 0 0 0 0 0 0 0 0 0 0 0 0 0 0 0 0 0 0 0 0 0 0 0 0 0 0 0 0 0 0 0 0 0 0 0 0 0 0 0 0 0 0 0 0 0 0 0 0 0 0 0 0 0 0 0 0 0 0 0 0 0 0 0 0 0 0 0 0 0 0 0 0 0 0 0 0 0 0 0 0 0 0 0 0 0 0 0 0 0 0 0 0 0 0 0 0 0 0 0 0 0 0 0 0 0 0 0 0 0 0 0 0 0 0 0 0 0 0 0 0 0 0 0 0 0 0 0 0 0 0 0 0 0 0 0 0 0 0 0 0 0 0 0 0 0 0 0 0 0 0 0 0 0 0 0 0 0 0 0 0 0 0 0 0 0 0 0 0 0 0 0 0 0 0 0 0 0 0 0 0 0 0 0 0 0 0 0 0 0 0 0 0 0 0 0 0 0 0 0 0 0 0 0 0 0 0 0 0 0 0 0 0 0 0 0 0 0 0 0 0 0 0 0 0 0 0 0 0 0 0 0 0 0 0 0 0 0 0 0 0 0 0 0 0 0 0 0 0 0 0 0 0 0 0 0 0 0 0 0 0 0 0 0 0 0 0 0 0 0 0 0 0 0 0 0 0 0 0 0 0 0 0 0 0 0 0 0 0 0 0 0 0 0 0 0 0 0 0 0 0 0 0 0 0 0 0 0 0 0 0 0 0 0 0 0 0 0 0 0 0 0 0 0 0 0 0 0 0 0 0 0 0 0 0 0 0 0 0 0 0 0 0 0 0 0 0 0 0 0 0 0 0 0 0 0 0 0 0 0 0 0 0 0 0 0 0 0 0 0 0 0 0 0 0 0 0 0 0 0 0 0 0 0 0 0 0 0 0 0 0 0 0 0 0 0 0 0 0 0 0 0 0 0 0 0 0 0 0 0 0 0 0 0 0 0 0 0 0 0 0 0 0 0 0 0 0 0 0 0 0 0 0 0 0 0 0 0 0 0 0 0 0 0 0 0 0 0 0 0 0 0 0 0 0 0 0 0 0 0 0 0 0 0 0 0 0 0 0 0 0 0 0 0 0 0 0 0 0 0 0 0 0 0 0 0 0 0 0 0 0 0 0 0 0 0 0 0 0 0 0 0 0 0 0 0 0 0 0 0 0 0 0 0 0 0 0 0 0 0 0 0 0 0 0 0 0 0 0 0 0 0 0 0 0 0 0 0 0 0 0 0 0 0 0 0 0 0 0 0 0 0 0 0 0 0 0 0 0 0 0 0 0 0 0 0 0 0 0 0 0 0 0 0 0 0 0 0 0 0 0 0 0 0 0 0 0 0 0 0 0 0 0 0 0 0 0 0 0 0 0 0 0 0 0 0 0 0 0 0 0 0 0 0 0 0 0 0 0 0 0 0 0 0 0 0 0 0 0 0 0 0 0 0 0 0 0 0 0 0 0 0 0 0 0 0 0 0 0 0 0 0 0 0 0 0 0 0 0 0 0 0 0 0 0 0 0 0 0 0 0 0 0 0 0 0 0 0 0 0 0 0 0 0 0 0 0 0 0 0 0 0 0 0 0 0 0 0 0 0 0 0 0 0 0 0 0 0 0 0 0 0 0 0 0 0 0 0 0 0 0 0 0 0 0 0 0 0 0 0 0 0 0 0 0 0 0 0 0 0 0 0 0 0 0 0 0 0 0 0 0 0 0 0 0 0 0 0 0 0 0 0 0 0 0 0 0 0 0 0 0 0 0 0 0 0 0 0 0 0 0 0 0 0 0 0 0 0 0 0 0 0 0 0 0 0 0 0 0 0 0 0 0 0 0 0 0 0 0 0 0 0 0 0 0 0 0 0 0 0 0 0 0 0 0 0 0 0 0 0 0 0 0 0 0 0 0 0 0 0 0 0 0 0 0 0 0 0 0 0 0 0 0 0 0 0 0 0 0 0 0 0 0 0 0 0 0 0 0 0 0 0 0 0 0 0 0 0 0 0 0 0 0 0 0 0 0 0 0 0 0 0 0 0 0 0 0 0 0 0 0 0 0 0 0 0 0 0 0 0 0 0 0 0 0 0 0 0 0 0 0 0 0 0 0 0 0 0 0 0 0 0 0 0 0 0 0 0 0 0 0 0 0 0 0 0 0 0 0 0 0 0 0 0 0 0 0 0 0 0 0 0 0 0 0 0 0 0 0 0 0 0 0 0 0 0 0 0 0 0 0 0 0 0 0 0 0 0 0 0 0 0 0 0 0 0 0 0 0 0 0 0 0 0 0 0 0 0 0 0 0 0 0 0 0 0 0 0 0 0 0 0 0 0 0 0 0 0 0 0 0 0 0 0 0 0 0 0 0 0 0 0 0 0 0 0 0 0 0 0 0 0 0 0 0 0 0 0 0 0 0 0 0 0 0 0 0 0 0 0 0 0 0 0 0 0 0 0 0 0 0 0 0 0 0 0 0 0 0 0 0 0 0 0 0 0 0 0 0 0 0 0 0 0 0 0 0 0 0 0 0 0 0 0 0 0 0 0 0 0 0 0 0 0 0 0 0 0 0 0 0 0 0 0 0 0 0 0 0 0 0 0 0 0 0 0 0 0 0 0 0 0 0 0 0 0 0 0 0 0 0 0 0 0 0 0 0 0 0 0 0 0 0 0 0 0 0 0 0 0 0 0 0 0 0 0 0 0 0 0 0 0 0 0 0 0 0 0 0 0 0 0 0 0 0 0 0 0 0 0 0 0 0 0 0 0 0 0 0 0 0 0 0 0 0 0 0 0 0 0 0 0 0 0 0 0 0 0 0 0 0 0 0 0 0 0 0 0 0 0 0 0 0 0 0 0 0 0 0 0 0 0 0 0 0 0 0 0 0 0 0 0 0 0 0 0 0 0 0 0 0 0 0 0 0 0 0 0 0 0 0 0 0 0 0 0 0 0 0 0 0 0 0 0 0 0 0 0 0 0 0 0 0 0 0 0 0 0 0 0 0 0 0 0 0 0 0 0 0 0 0 0 0 0 0 0 0 0 0 0 0 0 0 0 0 0 0 0 0 0 0 0 0 0 0 0 0 0 0 0 0 0 0 0 0 0 0 0 0 0 0 0 0 0 0 0 0 0 0 0 0 0 0 0 0 0 0 0 0 0 0 0 0 0 0 0 0 0 0 0 0 0 0 0 0 0 0 0 0 0 0 0 0 0 0 0 0 0 0 0 0 0 0 0 0 0 0 0 0 0 0 0 0 0 0 0 0 0 0 0 0 0 0 0 0 0 0 0 0 0 0 0 0 0 0 0 0 0 0 0 0 0 0 0 0 0 0 0 0 0 0 0 0 0 0 0 0 0 0 0 0 0 0 0 0 0 0 0 0 0 0 0 0 0 0 0 0 0 0 0 0 0 0 0 0 0 0 0 0 0 0 0 0 0 0 0 0 0 0 0 0 0 0 0 0 0 0 0 0 0 0 0 0 0 0 0 0 0 0 0 0 0 0 0 0 0 0 0 0 0 0 0 0 0 0 0 0 0 0 0 0 0 0 0 0 0 0 0 0 0 0 0 0 0 0 0 0 0 0 0 0 0 0 0 0 0 0 0.9884672 0.6889746 0.0156731 0.9683684 0.0156731 0.9683684 0.9884672 0.6889746 0.9586789 0.004601359 -0.01594614 0.2419238 0.9586789 0.004601359 -0.01594614 0.2419238 -0.01594614 0.2419238 0.9884672 0.6889746 0.0156731 0.9683684 -0.01594614 0.2419238 0.0156731 0.9683684 0.0156731 0.9683684 -0.01594614 0.2419238 0.9586789 0.004601359 0.9586789 0.004601359 0.9884672 0.6889746 0.3715373 0.7789482 0.311992 0.8031397 0.8602169 0.9896046 0.311992 0.8031397 -0.004088938 0.02513265 0.5317128 0.1810194 0.05545634 9.41485e-4 0.5912582 0.1568282 0.5317128 0.1810194 0.3715373 0.7789482 0.9197623 0.9654132 0.5912582 0.1568282 0.8602169 0.9896046 0.5317128 0.1810194 0.5912582 0.1568282 0.05545634 9.41485e-4 -0.004088938 0.02513265 0.311992 0.8031397 0.3645938 0.772282 0.9128189 0.9587473 0.8532709 0.9829397 0.3645938 0.772282 0.04851311 -0.00572443 0.5843147 0.1501618 -0.01103496 0.01846778 0.5247668 0.1743544 0.5843147 0.1501618 0.3050459 0.7964748 0.8532709 0.9829397 0.5247668 0.1743544 0.8532709 0.9829397 0.9128189 0.9587473 0.5843147 0.1501618 -0.01103496 0.01846778 0.04851311 -0.00572443 0.3645938 0.772282</float_array>
          <technique_common>
            <accessor source="#Cylinder_005-mesh-map-3-array" count="5412" stride="2">
              <param name="S" type="float"/>
              <param name="T" type="float"/>
            </accessor>
          </technique_common>
        </source>
        <vertices id="Cylinder_005-mesh-vertices">
          <input semantic="POSITION" source="#Cylinder_005-mesh-positions"/>
        </vertices>
        <triangles count="1804">
          <input semantic="VERTEX" source="#Cylinder_005-mesh-vertices" offset="0"/>
          <input semantic="NORMAL" source="#Cylinder_005-mesh-normals" offset="1"/>
          <input semantic="TEXCOORD" source="#Cylinder_005-mesh-map-0" offset="2" set="0"/>
          <input semantic="TEXCOORD" source="#Cylinder_005-mesh-map-1" offset="2" set="1"/>
          <input semantic="TEXCOORD" source="#Cylinder_005-mesh-map-2" offset="2" set="2"/>
          <input semantic="TEXCOORD" source="#Cylinder_005-mesh-map-3" offset="2" set="3"/>
          <p>101 0 0 1 1 1 100 2 2 34 3 3 2 4 4 10 5 5 31 6 6 5 7 7 12 8 8 38 9 9 12 8 10 22 10 11 30 11 12 10 5 13 5 7 14 36 12 15 9 13 16 39 14 17 32 15 18 6 16 19 37 17 20 38 9 21 20 18 22 33 19 23 35 20 24 20 18 25 18 21 26 36 12 27 18 21 28 14 22 29 37 17 30 24 23 31 40 24 32 39 14 33 17 25 34 32 15 35 40 24 36 27 26 37 41 27 38 41 27 39 1 1 40 29 28 41 73 29 42 29 28 43 101 0 44 0 30 45 34 3 46 11 31 47 4 32 48 31 6 49 13 33 50 13 33 51 38 9 52 23 34 53 11 31 54 30 11 55 4 32 56 8 35 57 36 12 58 39 14 59 16 36 60 37 17 61 7 37 62 23 34 63 33 19 64 21 38 65 19 39 66 33 19 67 35 20 68 15 40 69 35 20 70 36 12 71 7 37 72 40 24 73 25 41 74 8 35 75 32 15 76 16 36 77 25 41 78 41 27 79 26 42 80 26 42 81 29 28 82 3 43 83 113 44 84 42 45 85 105 46 86 69 47 87 111 48 88 114 49 89 54 50 90 112 51 91 136 52 92 135 53 93 46 54 94 103 55 95 49 56 96 102 57 97 133 58 98 103 55 99 48 59 100 134 60 101 126 61 102 53 62 103 137 63 104 105 46 105 55 64 106 135 53 107 63 65 108 133 58 109 125 66 110 57 67 111 138 68 112 108 69 113 109 70 114 58 71 115 107 72 116 47 73 117 136 52 118 102 57 119 122 74 120 59 75 121 106 76 122 65 77 123 132 78 124 121 79 125 127 80 126 51 81 127 131 82 128 52 83 129 125 66 130 138 68 131 131 82 132 64 84 133 122 74 134 137 63 135 56 85 136 109 70 137 134 60 138 62 86 139 126 61 140 106 76 141 57 67 142 108 69 143 107 72 144 65 77 145 121 79 146 50 87 147 128 88 148 132 78 149 119 89 150 61 90 151 127 80 152 60 91 153 120 92 154 128 88 155 115 93 156 67 94 157 119 89 158 104 95 159 68 96 160 115 93 161 66 97 162 114 49 163 120 92 164 43 98 165 113 44 166 112 51 167 114 49 168 118 99 169 120 92 170 131 82 171 130 100 172 127 80 173 28 101 174 72 102 175 2 4 176 97 103 177 1 1 178 27 26 179 0 30 180 82 104 181 99 105 182 10 5 183 74 106 184 5 7 185 77 107 186 4 32 187 13 33 188 5 7 189 76 108 190 12 8 191 22 10 192 81 109 193 20 18 194 2 4 195 83 110 196 10 5 197 91 111 198 13 33 199 23 34 200 85 112 201 21 38 202 19 39 203 18 21 204 86 113 205 14 22 206 75 114 207 11 31 208 4 32 209 8 35 210 87 115 211 15 40 212 93 116 213 17 25 214 9 13 215 7 37 216 79 117 217 16 36 218 80 118 219 23 34 220 21 38 221 16 36 222 92 119 223 8 35 224 20 18 225 84 120 226 18 21 227 12 8 228 90 121 229 22 10 230 87 115 231 19 39 232 15 40 233 86 113 234 9 13 235 14 22 236 78 122 237 6 16 238 17 25 239 25 41 240 89 123 241 7 37 242 88 124 243 24 23 244 6 16 245 26 42 246 95 125 247 25 41 248 3 43 249 96 126 250 26 42 251 94 127 252 27 26 253 24 23 254 99 105 255 28 101 256 0 30 257 122 74 258 142 128 259 131 82 260 110 129 261 45 130 262 71 131 263 98 132 264 105 46 265 72 102 266 83 110 267 103 55 268 74 106 269 72 102 270 135 53 271 83 110 272 119 89 273 140 133 274 115 93 275 90 121 276 137 63 277 81 109 278 102 57 279 82 104 280 75 114 281 127 80 282 117 134 283 119 89 284 74 106 285 134 60 286 76 108 287 106 76 288 85 112 289 87 115 290 132 78 291 129 135 292 122 74 293 81 109 294 109 70 295 84 120 296 111 48 297 139 136 298 114 49 299 133 58 300 75 114 301 77 107 302 120 92 303 141 137 304 128 88 305 104 95 306 71 131 307 44 138 308 121 79 309 78 122 310 93 116 311 84 120 312 107 72 313 86 113 314 128 88 315 116 139 316 132 78 317 138 68 318 91 111 319 80 118 320 110 129 321 124 140 322 111 48 323 139 15 324 124 15 325 123 15 326 139 141 327 123 141 328 140 141 329 139 142 330 140 142 331 117 142 332 118 143 333 139 144 334 117 145 335 118 146 336 117 146 337 130 146 338 118 147 339 130 147 340 141 147 341 130 148 342 142 148 343 141 148 344 142 15 345 129 15 346 141 15 347 129 15 348 116 15 349 141 15 350 107 72 351 93 116 352 86 113 353 115 93 354 123 149 355 110 129 356 136 52 357 99 105 358 82 104 359 76 108 360 126 61 361 90 121 362 125 66 363 77 107 364 91 111 365 112 51 366 98 132 367 99 105 368 108 69 369 80 118 370 85 112 371 101 0 372 100 2 373 97 103 374 73 29 375 101 0 376 97 103 377 73 29 378 97 103 379 96 126 380 97 103 381 95 125 382 96 126 383 97 103 384 94 127 385 95 125 386 94 127 387 89 123 388 95 125 389 94 127 390 88 124 391 89 123 392 88 124 393 79 117 394 89 123 395 88 124 396 92 119 397 79 117 398 88 124 399 78 122 400 92 119 401 122 74 402 78 122 403 132 78 404 92 119 405 106 76 406 87 115 407 146 150 408 147 151 409 150 152 410 151 153 411 146 150 412 150 152 413 144 154 414 151 153 415 150 152 416 145 155 417 144 154 418 150 152 419 145 155 420 149 156 421 144 154 422 145 155 423 152 157 424 149 156 425 152 157 426 153 158 427 149 156 428 152 157 429 148 159 430 153 158 431 152 157 432 143 160 433 148 159 434 152 157 435 154 161 436 143 160 437 153 158 438 159 162 439 164 163 440 150 152 441 156 164 442 145 155 443 149 156 444 164 163 445 160 165 446 144 166 447 162 166 448 151 166 449 147 151 450 161 167 451 150 152 452 144 154 453 160 165 454 155 168 455 143 160 456 159 162 457 148 159 458 145 155 459 163 169 460 152 157 461 146 150 462 158 170 463 147 151 464 151 171 465 157 171 466 146 171 467 172 172 468 169 172 469 168 172 470 172 15 471 168 15 472 173 15 473 172 173 474 173 174 475 166 175 476 167 176 477 172 176 478 166 176 479 167 177 480 166 177 481 171 177 482 167 178 483 171 179 484 174 180 485 171 179 486 175 181 487 174 180 488 175 181 489 170 182 490 174 180 491 170 182 492 165 183 493 174 180 494 154 161 495 174 180 496 165 183 497 159 162 498 175 181 499 164 163 500 159 162 501 165 183 502 170 182 503 277 184 504 177 185 505 276 186 506 210 187 507 178 188 508 186 189 509 207 190 510 181 191 511 188 192 512 214 193 513 188 192 514 198 194 515 206 195 516 186 189 517 181 191 518 212 196 519 185 197 520 215 198 521 208 199 522 182 200 523 213 201 524 214 193 525 196 202 526 209 203 527 211 204 528 196 202 529 194 205 530 212 196 531 194 205 532 190 206 533 213 201 534 200 207 535 216 208 536 215 198 537 193 209 538 208 199 539 216 208 540 203 210 541 217 211 542 217 211 543 177 185 544 205 212 545 249 213 546 205 212 547 277 184 548 176 214 549 210 187 550 187 215 551 180 216 552 207 190 553 189 217 554 189 217 555 214 193 556 199 218 557 187 215 558 206 195 559 180 216 560 184 219 561 212 196 562 215 198 563 192 220 564 213 201 565 183 221 566 199 218 567 209 203 568 197 222 569 195 223 570 209 203 571 211 204 572 191 224 573 211 204 574 212 196 575 183 221 576 216 208 577 201 225 578 184 219 579 208 199 580 192 220 581 201 225 582 217 211 583 202 226 584 202 226 585 205 212 586 179 227 587 289 228 588 218 229 589 281 230 590 245 231 591 287 232 592 290 233 593 230 234 594 288 235 595 312 236 596 311 237 597 222 238 598 279 239 599 225 240 600 278 241 601 309 242 602 279 239 603 224 243 604 310 244 605 302 245 606 229 246 607 313 247 608 281 230 609 231 248 610 311 237 611 239 249 612 309 242 613 301 250 614 233 251 615 314 252 616 284 253 617 285 254 618 234 255 619 283 256 620 223 257 621 312 236 622 278 241 623 298 258 624 235 259 625 282 260 626 241 261 627 308 262 628 297 263 629 303 264 630 227 265 631 307 266 632 228 267 633 301 250 634 314 252 635 307 266 636 240 268 637 298 258 638 313 247 639 232 269 640 285 254 641 310 244 642 238 270 643 302 245 644 282 260 645 233 251 646 284 253 647 283 256 648 241 261 649 297 263 650 226 271 651 304 272 652 308 262 653 295 273 654 237 274 655 303 264 656 236 275 657 296 276 658 304 272 659 291 277 660 243 278 661 295 273 662 280 279 663 244 280 664 291 277 665 242 281 666 290 233 667 296 276 668 219 282 669 289 228 670 288 235 671 290 233 672 294 283 673 296 276 674 307 266 675 306 284 676 303 264 677 204 285 678 248 286 679 178 188 680 273 287 681 177 185 682 203 210 683 258 288 684 176 214 685 187 215 686 186 189 687 250 289 688 181 191 689 253 290 690 180 216 691 189 217 692 181 191 693 252 291 694 188 192 695 198 194 696 257 292 697 196 202 698 178 188 699 259 293 700 186 189 701 267 294 702 189 217 703 199 218 704 261 295 705 197 222 706 195 223 707 194 205 708 262 296 709 190 206 710 251 297 711 187 215 712 180 216 713 184 219 714 263 298 715 191 224 716 269 299 717 193 209 718 185 197 719 183 221 720 255 300 721 192 220 722 256 301 723 199 218 724 197 222 725 192 220 726 268 302 727 184 219 728 196 202 729 260 303 730 194 205 731 188 192 732 266 304 733 198 194 734 263 298 735 195 223 736 191 224 737 262 296 738 185 197 739 190 206 740 254 305 741 182 200 742 193 209 743 201 225 744 265 306 745 183 221 746 264 307 747 200 207 748 182 200 749 202 226 750 271 308 751 201 225 752 179 227 753 272 309 754 202 226 755 270 310 756 203 210 757 200 207 758 275 311 759 204 285 760 176 214 761 298 258 762 318 312 763 307 266 764 286 313 765 221 314 766 247 315 767 274 316 768 281 230 769 248 286 770 259 293 771 279 239 772 250 289 773 248 286 774 311 237 775 259 293 776 295 273 777 316 317 778 291 277 779 266 304 780 313 247 781 257 292 782 278 241 783 258 288 784 251 297 785 303 264 786 293 318 787 295 273 788 250 289 789 310 244 790 252 291 791 282 260 792 261 295 793 263 298 794 308 262 795 305 319 796 298 258 797 257 292 798 285 254 799 260 303 800 287 232 801 315 320 802 290 233 803 309 242 804 251 297 805 253 290 806 296 276 807 317 321 808 304 272 809 280 279 810 247 315 811 220 322 812 297 263 813 254 305 814 269 299 815 260 303 816 283 256 817 262 296 818 304 272 819 292 323 820 308 262 821 314 252 822 267 294 823 256 301 824 286 313 825 300 324 826 287 232 827 315 199 828 300 199 829 299 199 830 315 325 831 299 325 832 316 325 833 315 326 834 316 326 835 293 326 836 294 327 837 315 327 838 293 327 839 294 328 840 293 328 841 306 328 842 294 329 843 306 329 844 317 329 845 306 199 846 318 199 847 317 199 848 318 199 849 305 199 850 317 199 851 305 330 852 292 330 853 317 330 854 283 256 855 269 299 856 262 296 857 291 277 858 299 331 859 286 313 860 312 236 861 275 311 862 258 288 863 252 291 864 302 245 865 266 304 866 301 250 867 253 290 868 267 294 869 288 235 870 274 316 871 275 311 872 284 253 873 256 301 874 261 295 875 277 184 876 276 186 877 273 287 878 249 213 879 277 184 880 273 287 881 249 213 882 273 287 883 272 309 884 273 287 885 271 308 886 272 309 887 273 287 888 270 310 889 271 308 890 270 310 891 265 306 892 271 308 893 270 310 894 264 307 895 265 306 896 264 307 897 255 300 898 265 306 899 264 307 900 268 302 901 255 300 902 264 307 903 254 305 904 268 302 905 298 258 906 254 305 907 308 262 908 268 302 909 282 260 910 263 298 911 322 332 912 323 333 913 326 334 914 327 335 915 322 332 916 326 334 917 320 336 918 327 335 919 326 334 920 321 337 921 320 336 922 326 334 923 321 337 924 325 338 925 320 336 926 321 337 927 328 339 928 325 338 929 328 339 930 329 340 931 325 338 932 328 339 933 324 341 934 329 340 935 328 339 936 319 342 937 324 341 938 328 339 939 330 343 940 319 342 941 329 340 942 335 344 943 340 345 944 326 334 945 332 346 946 321 337 947 325 338 948 340 345 949 336 347 950 320 348 951 338 348 952 327 348 953 323 333 954 337 349 955 326 334 956 320 336 957 336 347 958 331 350 959 319 342 960 335 344 961 324 341 962 321 337 963 339 351 964 328 339 965 322 332 966 334 352 967 323 333 968 327 353 969 333 353 970 322 353 971 348 354 972 345 354 973 344 354 974 348 199 975 344 199 976 349 199 977 348 355 978 349 356 979 342 357 980 343 358 981 348 358 982 342 358 983 343 359 984 342 359 985 347 359 986 343 199 987 347 199 988 350 360 989 347 199 990 351 361 991 350 360 992 351 361 993 346 362 994 350 360 995 346 362 996 341 363 997 350 360 998 330 343 999 350 360 1000 341 363 1001 335 344 1002 351 361 1003 340 345 1004 335 344 1005 341 363 1006 346 362 1007 353 364 1008 540 365 1009 539 366 1010 355 367 1011 541 368 1012 540 365 1013 541 368 1014 359 369 1015 542 370 1016 359 369 1017 543 371 1018 542 370 1019 543 371 1020 363 372 1021 544 373 1022 363 372 1023 545 374 1024 544 373 1025 365 375 1026 546 376 1027 545 374 1028 367 377 1029 547 378 1030 546 376 1031 547 378 1032 371 379 1033 548 380 1034 548 380 1035 373 381 1036 549 382 1037 373 381 1038 550 383 1039 549 382 1040 375 384 1041 551 385 1042 550 383 1043 377 386 1044 552 387 1045 551 385 1046 552 387 1047 381 388 1048 553 389 1049 381 388 1050 554 390 1051 553 389 1052 554 390 1053 385 391 1054 555 392 1055 397 393 1056 415 394 1057 414 395 1058 384 396 1059 401 397 1060 382 398 1061 380 399 1062 401 397 1063 400 400 1064 378 401 1065 400 400 1066 399 402 1067 378 401 1068 398 403 1069 376 404 1070 374 405 1071 398 403 1072 397 393 1073 374 405 1074 396 406 1075 372 407 1076 370 408 1077 396 406 1078 395 409 1079 370 408 1080 394 410 1081 368 411 1082 368 411 1083 393 412 1084 366 413 1085 364 414 1086 393 412 1087 392 415 1088 362 416 1089 392 415 1090 391 417 1091 362 416 1092 390 418 1093 360 419 1094 358 420 1095 390 418 1096 389 421 1097 358 420 1098 388 422 1099 356 423 1100 354 424 1101 388 422 1102 387 425 1103 354 424 1104 386 426 1105 352 427 1106 417 428 1107 435 429 1108 434 430 1109 395 409 1110 411 431 1111 394 410 1112 391 417 1113 409 432 1114 408 433 1115 389 421 1116 405 434 1117 388 422 1118 400 400 1119 416 435 1120 399 402 1121 396 406 1122 414 395 1123 413 436 1124 393 412 1125 411 431 1126 410 437 1127 391 417 1128 407 438 1129 390 418 1130 387 425 1131 405 434 1132 404 439 1133 402 440 1134 418 441 1135 401 397 1136 398 403 1137 416 435 1138 415 394 1139 395 409 1140 413 436 1141 412 442 1142 392 415 1143 410 437 1144 409 432 1145 389 421 1146 407 438 1147 406 443 1148 386 426 1149 404 439 1150 403 444 1151 400 400 1152 418 441 1153 417 428 1154 415 394 1155 431 445 1156 414 395 1157 412 442 1158 428 446 1159 411 431 1160 408 433 1161 426 447 1162 425 448 1163 406 443 1164 422 449 1165 405 434 1166 417 428 1167 433 450 1168 416 435 1169 414 395 1170 430 451 1171 413 436 1172 411 431 1173 427 452 1174 410 437 1175 408 433 1176 424 453 1177 407 438 1178 404 439 1179 422 449 1180 421 454 1181 419 455 1182 435 429 1183 418 441 1184 415 394 1185 433 450 1186 432 456 1187 413 436 1188 429 457 1189 412 442 1190 410 437 1191 426 447 1192 409 432 1193 406 443 1194 424 453 1195 423 458 1196 403 444 1197 421 454 1198 420 459 1199 434 430 1200 452 460 1201 451 461 1202 432 456 1203 448 462 1204 431 445 1205 428 446 1206 446 463 1207 445 464 1208 426 447 1209 442 465 1210 425 448 1211 423 458 1212 439 466 1213 422 449 1214 434 430 1215 450 467 1216 433 450 1217 430 451 1218 448 462 1219 447 468 1220 428 446 1221 444 469 1222 427 452 1223 424 453 1224 442 465 1225 441 470 1226 421 454 1227 439 466 1228 438 471 1229 435 429 1230 453 472 1231 452 460 1232 432 456 1233 450 467 1234 449 473 1235 429 457 1236 447 468 1237 446 463 1238 426 447 1239 444 469 1240 443 474 1241 424 453 1242 440 475 1243 423 458 1244 420 459 1245 438 471 1246 437 476 1247 451 461 1248 469 477 1249 468 478 1250 449 473 1251 465 479 1252 448 462 1253 445 464 1254 463 480 1255 462 481 1256 443 474 1257 459 482 1258 442 465 1259 440 475 1260 456 483 1261 439 466 1262 450 467 1263 468 478 1264 467 484 1265 447 468 1266 465 479 1267 464 485 1268 445 464 1269 461 486 1270 444 469 1271 441 470 1272 459 482 1273 458 487 1274 438 471 1275 456 483 1276 455 488 1277 453 472 1278 469 477 1279 452 460 1280 450 467 1281 466 489 1282 449 473 1283 446 463 1284 464 485 1285 463 480 1286 444 469 1287 460 490 1288 443 474 1289 440 475 1290 458 487 1291 457 491 1292 437 476 1293 455 488 1294 454 492 1295 468 478 1296 486 493 1297 485 494 1298 466 489 1299 482 495 1300 465 479 1301 462 481 1302 480 496 1303 479 497 1304 460 490 1305 476 498 1306 459 482 1307 456 483 1308 474 499 1309 473 500 1310 468 478 1311 484 501 1312 467 484 1313 464 485 1314 482 495 1315 481 502 1316 461 486 1317 479 497 1318 478 503 1319 458 487 1320 476 498 1321 475 504 1322 456 483 1323 472 505 1324 455 488 1325 470 506 1326 486 493 1327 469 477 1328 466 489 1329 484 501 1330 483 507 1331 463 480 1332 481 502 1333 480 496 1334 461 486 1335 477 508 1336 460 490 1337 457 491 1338 475 504 1339 474 499 1340 455 488 1341 471 509 1342 454 492 1343 383 510 1344 504 511 1345 385 391 1346 383 510 1347 502 512 1348 503 513 1349 379 514 1350 502 512 1351 381 388 1352 377 386 1353 501 515 1354 379 514 1355 375 384 1356 500 516 1357 377 386 1358 375 384 1359 498 517 1360 499 518 1361 371 379 1362 498 517 1363 373 381 1364 371 379 1365 496 519 1366 497 520 1367 367 377 1368 496 519 1369 369 521 1370 365 375 1371 495 522 1372 367 377 1373 365 375 1374 493 523 1375 494 524 1376 361 525 1377 493 523 1378 363 372 1379 361 525 1380 491 526 1381 492 527 1382 357 528 1383 491 526 1384 359 369 1385 357 528 1386 489 529 1387 490 530 1388 355 367 1389 488 531 1390 489 529 1391 503 513 1392 519 532 1393 520 533 1394 499 518 1395 517 534 1396 500 516 1397 497 520 1398 513 535 1399 514 536 1400 493 523 1401 511 537 1402 494 524 1403 490 530 1404 508 538 1405 491 526 1406 501 515 1407 519 532 1408 502 512 1409 499 518 1410 515 539 1411 516 540 1412 496 519 1413 512 541 1414 513 535 1415 493 523 1416 509 542 1417 510 543 1418 489 529 1419 507 544 1420 490 530 1421 503 513 1422 521 545 1423 504 511 1424 501 515 1425 517 534 1426 518 546 1427 498 517 1428 514 536 1429 515 539 1430 494 524 1431 512 541 1432 495 522 1433 492 527 1434 508 538 1435 509 542 1436 489 529 1437 505 547 1438 506 548 1439 520 533 1440 536 549 1441 537 550 1442 516 540 1443 534 551 1444 517 534 1445 514 536 1446 530 552 1447 531 553 1448 511 537 1449 527 554 1450 528 555 1451 507 544 1452 525 556 1453 508 538 1454 519 532 1455 535 557 1456 536 549 1457 516 540 1458 532 558 1459 533 559 1460 512 541 1461 530 552 1462 513 535 1463 510 543 1464 526 560 1465 527 554 1466 506 548 1467 524 561 1468 507 544 1469 520 533 1470 538 562 1471 521 545 1472 518 546 1473 534 551 1474 535 557 1475 515 539 1476 531 553 1477 532 558 1478 512 541 1479 528 555 1480 529 563 1481 508 538 1482 526 560 1483 509 542 1484 506 548 1485 522 564 1486 523 565 1487 539 366 1488 567 566 1489 572 567 1490 540 365 1491 566 568 1492 567 566 1493 566 568 1494 542 370 1495 565 569 1496 565 569 1497 543 371 1498 564 570 1499 564 570 1500 544 373 1501 571 571 1502 571 571 1503 545 374 1504 570 572 1505 545 374 1506 569 573 1507 570 572 1508 569 573 1509 547 378 1510 568 574 1511 548 380 1512 549 382 1513 562 575 1514 809 576 1515 548 380 1516 562 575 1517 563 577 1518 809 576 1519 562 575 1520 562 575 1521 550 383 1522 561 578 1523 561 578 1524 551 385 1525 560 579 1526 560 579 1527 552 387 1528 559 580 1529 559 580 1530 553 389 1531 558 581 1532 553 389 1533 557 582 1534 558 581 1535 557 582 1536 555 392 1537 556 583 1538 561 578 1539 376 404 1540 374 405 1541 566 568 1542 358 420 1543 356 423 1544 563 577 1545 372 407 1546 370 408 1547 352 427 1548 567 566 1549 354 424 1550 382 398 1551 556 583 1552 384 396 1553 364 414 1554 569 573 1555 366 413 1556 559 580 1557 380 399 1558 378 401 1559 360 419 1560 571 571 1561 362 416 1562 372 407 1563 561 578 1564 374 405 1565 567 566 1566 356 423 1567 354 424 1568 569 573 1569 368 411 1570 366 413 1571 380 399 1572 557 582 1573 382 398 1574 571 571 1575 364 414 1576 362 416 1577 376 404 1578 559 580 1579 378 401 1580 565 569 1581 360 419 1582 358 420 1583 568 574 1584 370 408 1585 368 411 1586 574 584 1587 776 585 1588 775 586 1589 576 587 1590 777 588 1591 776 585 1592 578 589 1593 778 590 1594 777 588 1595 580 591 1596 779 592 1597 778 590 1598 582 593 1599 780 594 1600 779 592 1601 584 595 1602 781 596 1603 780 594 1604 586 597 1605 782 598 1606 781 596 1607 782 598 1608 590 599 1609 783 600 1610 784 601 1611 594 602 1612 785 603 1613 594 602 1614 786 604 1615 785 603 1616 786 604 1617 598 605 1618 787 606 1619 598 605 1620 788 607 1621 787 606 1622 788 607 1623 602 608 1624 789 609 1625 602 608 1626 790 610 1627 789 609 1628 596 611 1629 736 612 1630 598 605 1631 606 613 1632 775 586 1633 791 614 1634 604 615 1635 791 614 1636 790 610 1637 581 616 1638 612 617 1639 611 618 1640 581 616 1641 610 619 1642 579 620 1643 577 621 1644 610 619 1645 609 622 1646 577 621 1647 608 623 1648 575 624 1649 605 625 1650 607 626 1651 623 627 1652 603 628 1653 623 627 1654 622 629 1655 603 628 1656 621 630 1657 601 631 1658 599 632 1659 621 630 1660 620 633 1661 599 632 1662 619 634 1663 597 635 1664 595 636 1665 619 634 1666 618 637 1667 595 636 1668 617 638 1669 593 639 1670 591 640 1671 617 638 1672 616 641 1673 573 642 1674 608 623 1675 607 626 1676 589 643 1677 614 644 1678 587 645 1679 585 646 1680 614 644 1681 613 647 1682 585 646 1683 612 617 1684 583 648 1685 615 649 1686 631 650 1687 614 644 1688 611 618 1689 629 651 1690 628 652 1691 609 622 1692 625 653 1693 608 623 1694 623 627 1695 639 654 1696 622 629 1697 619 634 1698 637 655 1699 636 656 1700 616 641 1701 634 657 1702 633 658 1703 613 647 1704 631 650 1705 630 659 1706 611 618 1707 627 660 1708 610 619 1709 608 623 1710 624 661 1711 607 626 1712 622 629 1713 638 662 1714 621 630 1715 619 634 1716 635 663 1717 618 637 1718 613 647 1719 629 651 1720 612 617 1721 610 619 1722 626 664 1723 609 622 1724 607 626 1725 640 665 1726 623 627 1727 620 633 1728 638 662 1729 637 655 1730 618 637 1731 634 657 1732 617 638 1733 651 666 1734 669 667 1735 668 668 1736 632 669 1737 648 670 1738 631 650 1739 628 652 1740 646 671 1741 645 672 1742 625 653 1743 643 673 1744 642 674 1745 639 654 1746 657 675 1747 656 676 1748 637 655 1749 653 677 1750 636 656 1751 633 658 1752 651 666 1753 650 678 1754 630 659 1755 648 670 1756 647 679 1757 628 652 1758 644 680 1759 627 660 1760 625 653 1761 641 681 1762 624 661 1763 639 654 1764 655 682 1765 638 662 1766 636 656 1767 652 683 1768 635 663 1769 630 659 1770 646 671 1771 629 651 1772 627 660 1773 643 673 1774 626 664 1775 624 661 1776 657 675 1777 640 665 1778 637 655 1779 655 682 1780 654 684 1781 635 663 1782 651 666 1783 634 657 1784 672 685 1785 688 686 1786 671 687 1787 648 670 1788 666 688 1789 665 689 1790 646 671 1791 662 690 1792 645 672 1793 643 673 1794 659 691 1795 642 674 1796 657 675 1797 673 692 1798 656 676 1799 654 684 1800 670 693 1801 653 677 1802 651 666 1803 667 694 1804 650 678 1805 648 670 1806 664 695 1807 647 679 1808 644 680 1809 662 690 1810 661 696 1811 641 681 1812 659 691 1813 658 697 1814 655 682 1815 673 692 1816 672 685 1817 653 677 1818 669 667 1819 652 683 1820 646 671 1821 664 695 1822 663 698 1823 643 673 1824 661 696 1825 660 699 1826 657 675 1827 658 697 1828 674 700 1829 655 682 1830 671 687 1831 654 684 1832 675 701 1833 723 702 1834 691 703 1835 668 668 1836 686 704 1837 685 705 1838 665 689 1839 683 706 1840 682 707 1841 663 698 1842 679 708 1843 662 690 1844 660 699 1845 676 709 1846 659 691 1847 674 700 1848 690 710 1849 673 692 1850 671 687 1851 687 711 1852 670 693 1853 668 668 1854 684 712 1855 667 694 1856 665 689 1857 681 713 1858 664 695 1859 661 696 1860 679 708 1861 678 714 1862 658 697 1863 676 709 1864 675 701 1865 672 685 1866 690 710 1867 689 715 1868 670 693 1869 686 704 1870 669 667 1871 663 698 1872 681 713 1873 680 716 1874 660 699 1875 678 714 1876 677 717 1877 674 700 1878 675 701 1879 691 703 1880 692 718 1881 693 719 1882 723 702 1883 693 719 1884 722 720 1885 723 702 1886 693 719 1887 694 721 1888 722 720 1889 694 721 1890 721 722 1891 722 720 1892 694 721 1893 695 723 1894 721 722 1895 695 723 1896 720 724 1897 721 722 1898 695 723 1899 696 725 1900 720 724 1901 696 725 1902 719 726 1903 720 724 1904 696 725 1905 697 727 1906 719 726 1907 697 727 1908 718 728 1909 719 726 1910 697 727 1911 698 729 1912 718 728 1913 698 729 1914 717 730 1915 718 728 1916 698 729 1917 699 731 1918 717 730 1919 699 731 1920 716 732 1921 717 730 1922 699 731 1923 700 733 1924 716 732 1925 700 733 1926 715 734 1927 716 732 1928 700 733 1929 701 735 1930 715 734 1931 701 736 1932 714 736 1933 715 736 1934 701 737 1935 702 737 1936 714 737 1937 702 736 1938 713 736 1939 714 736 1940 702 738 1941 703 738 1942 713 738 1943 703 736 1944 712 736 1945 713 736 1946 703 739 1947 704 739 1948 712 739 1949 704 736 1950 711 736 1951 712 736 1952 704 740 1953 705 740 1954 711 740 1955 705 736 1956 710 736 1957 711 736 1958 705 741 1959 706 741 1960 710 741 1961 706 736 1962 709 736 1963 710 736 1964 706 742 1965 707 742 1966 709 742 1967 707 736 1968 708 736 1969 709 736 1970 689 715 1971 720 724 1972 688 686 1973 686 704 1974 717 730 1975 685 705 1976 683 706 1977 699 731 1978 682 707 1979 679 708 1980 697 727 1981 696 725 1982 677 717 1983 693 719 1984 676 709 1985 691 703 1986 722 720 1987 690 710 1988 687 711 1989 720 724 1990 719 726 1991 684 712 1992 717 730 1993 716 732 1994 681 713 1995 699 731 1996 698 729 1997 679 708 1998 695 723 1999 678 714 2000 676 709 2001 692 718 2002 675 701 2003 689 715 2004 722 720 2005 721 722 2006 687 711 2007 718 728 2008 686 704 2009 681 713 2010 697 727 2011 680 716 2012 677 717 2013 695 723 2014 694 721 2015 727 743 2016 743 744 2017 744 745 2018 596 611 2019 734 746 2020 735 747 2021 594 602 2022 733 748 2023 734 746 2024 574 584 2025 725 749 2026 576 587 2027 588 750 2028 732 751 2029 590 599 2030 588 750 2031 730 752 2032 731 753 2033 584 595 2034 730 752 2035 586 597 2036 584 595 2037 728 754 2038 729 755 2039 580 591 2040 728 754 2041 582 593 2042 580 591 2043 726 756 2044 727 743 2045 576 587 2046 726 756 2047 578 589 2048 606 613 2049 724 757 2050 574 584 2051 606 613 2052 739 758 2053 740 759 2054 602 608 2055 739 758 2056 604 615 2057 602 608 2058 737 760 2059 738 761 2060 600 762 2061 736 612 2062 737 760 2063 746 763 2064 764 764 2065 747 765 2066 740 759 2067 741 766 2068 724 757 2069 738 761 2070 754 767 2071 755 768 2072 734 746 2073 752 769 2074 735 747 2075 731 753 2076 749 770 2077 732 751 2078 729 755 2079 745 771 2080 746 763 2081 725 749 2082 743 744 2083 726 756 2084 740 759 2085 756 772 2086 757 773 2087 737 760 2088 753 774 2089 754 767 2090 734 746 2091 750 775 2092 751 776 2093 731 753 2094 747 765 2095 748 777 2096 727 743 2097 745 771 2098 728 754 2099 724 757 2100 742 778 2101 725 749 2102 738 761 2103 756 772 2104 739 758 2105 735 747 2106 753 774 2107 736 612 2108 729 755 2109 747 765 2110 730 752 2111 743 744 2112 761 779 2113 744 745 2114 741 766 2115 774 780 2116 758 781 2117 755 768 2118 771 782 2119 772 783 2120 752 769 2121 768 784 2122 769 785 2123 748 777 2124 766 786 2125 749 770 2126 746 763 2127 762 787 2128 763 788 2129 742 778 2130 760 789 2131 743 744 2132 757 773 2133 773 790 2134 774 780 2135 753 774 2136 771 782 2137 754 767 2138 751 776 2139 767 791 2140 768 784 2141 747 765 2142 765 792 2143 748 777 2144 744 745 2145 762 787 2146 745 771 2147 741 766 2148 759 793 2149 742 778 2150 756 772 2151 772 783 2152 773 790 2153 752 769 2154 770 794 2155 753 774 2156 800 795 2157 777 588 2158 799 796 2159 777 588 2160 798 797 2161 799 796 2162 778 590 2163 797 798 2164 798 797 2165 779 592 2166 808 799 2167 797 798 2168 780 594 2169 807 800 2170 808 799 2171 781 596 2172 806 801 2173 807 800 2174 806 801 2175 783 600 2176 805 802 2177 792 803 2178 785 603 2179 804 804 2180 785 603 2181 803 805 2182 804 804 2183 803 805 2184 787 606 2185 802 806 2186 802 806 2187 788 607 2188 801 807 2189 788 607 2190 796 808 2191 801 807 2192 796 808 2193 790 610 2194 795 809 2195 794 810 2196 816 811 2197 793 812 2198 790 610 2199 794 810 2200 795 809 2201 583 648 2202 807 800 2203 585 646 2204 806 801 2205 589 643 2206 587 645 2207 601 631 2208 795 809 2209 603 628 2210 597 635 2211 801 807 2212 599 632 2213 793 812 2214 575 624 2215 573 642 2216 603 628 2217 794 810 2218 605 625 2219 797 798 2220 583 648 2221 581 616 2222 799 796 2223 579 620 2224 577 621 2225 801 807 2226 601 631 2227 599 632 2228 593 639 2229 803 805 2230 595 636 2231 807 800 2232 587 645 2233 585 646 2234 605 625 2235 793 812 2236 573 642 2237 798 797 2238 581 616 2239 579 620 2240 575 624 2241 799 796 2242 577 621 2243 803 805 2244 597 635 2245 595 636 2246 792 803 2247 593 639 2248 591 640 2249 775 586 2250 800 795 2251 793 812 2252 793 813 2253 810 813 2254 775 813 2255 791 813 2256 813 813 2257 794 813 2258 817 814 2259 814 815 2260 816 811 2261 791 614 2262 814 815 2263 815 816 2264 791 614 2265 817 814 2266 794 810 2267 793 812 2268 814 815 2269 775 586 2270 563 577 2271 822 817 2272 809 576 2273 818 818 2274 819 819 2275 822 817 2276 821 820 2277 818 818 2278 822 817 2279 821 820 2280 822 817 2281 820 821 2282 547 378 2283 821 820 2284 568 574 2285 809 576 2286 819 819 2287 548 380 2288 548 380 2289 818 818 2290 547 378 2291 563 577 2292 821 820 2293 820 821 2294 854 736 2295 823 736 2296 824 736 2297 824 736 2298 853 736 2299 854 736 2300 824 822 2301 825 822 2302 853 822 2303 825 736 2304 852 736 2305 853 736 2306 825 823 2307 826 823 2308 852 823 2309 826 736 2310 851 736 2311 852 736 2312 826 824 2313 827 824 2314 851 824 2315 827 736 2316 850 736 2317 851 736 2318 827 825 2319 828 825 2320 850 825 2321 828 826 2322 849 826 2323 850 826 2324 828 827 2325 829 827 2326 849 827 2327 829 736 2328 848 736 2329 849 736 2330 829 828 2331 830 828 2332 848 828 2333 830 736 2334 847 736 2335 848 736 2336 830 829 2337 831 829 2338 847 829 2339 831 830 2340 846 830 2341 847 830 2342 831 831 2343 832 831 2344 846 831 2345 832 736 2346 845 736 2347 846 736 2348 832 832 2349 833 832 2350 845 832 2351 833 833 2352 844 833 2353 845 833 2354 833 834 2355 834 834 2356 844 834 2357 834 736 2358 843 736 2359 844 736 2360 834 835 2361 835 835 2362 843 835 2363 835 836 2364 842 836 2365 843 836 2366 835 837 2367 836 837 2368 842 837 2369 836 838 2370 841 838 2371 842 838 2372 836 839 2373 837 839 2374 841 839 2375 837 840 2376 840 840 2377 841 840 2378 837 841 2379 838 841 2380 840 841 2381 838 736 2382 839 736 2383 840 736 2384 861 842 2385 892 842 2386 893 842 2387 829 843 2388 860 843 2389 861 843 2390 825 736 2391 858 736 2392 826 736 2393 823 844 2394 886 844 2395 855 844 2396 851 736 2397 884 736 2398 852 736 2399 848 845 2400 881 845 2401 849 845 2402 846 736 2403 877 736 2404 878 736 2405 842 846 2406 875 846 2407 843 846 2408 839 736 2409 872 736 2410 840 736 2411 836 736 2412 869 736 2413 837 736 2414 833 847 2415 866 847 2416 834 847 2417 830 848 2418 863 848 2419 831 848 2420 828 849 2421 859 849 2422 860 849 2423 825 736 2424 856 736 2425 857 736 2426 854 736 2427 885 736 2428 886 736 2429 851 736 2430 882 736 2431 883 736 2432 848 736 2433 879 736 2434 880 736 2435 845 850 2436 876 850 2437 877 850 2438 842 736 2439 873 736 2440 874 736 2441 838 736 2442 871 736 2443 839 736 2444 835 851 2445 868 851 2446 836 851 2447 832 852 2448 865 852 2449 833 852 2450 830 736 2451 861 736 2452 862 736 2453 827 736 2454 858 736 2455 859 736 2456 824 736 2457 855 736 2458 856 736 2459 852 853 2460 885 853 2461 853 853 2462 850 854 2463 881 854 2464 882 854 2465 846 855 2466 879 855 2467 847 855 2468 843 856 2469 876 856 2470 844 856 2471 840 857 2472 873 857 2473 841 857 2474 837 736 2475 870 736 2476 838 736 2477 834 858 2478 867 858 2479 835 858 2480 832 859 2481 863 859 2482 864 859 2483 895 860 2484 928 860 2485 896 860 2486 857 861 2487 890 861 2488 858 861 2489 855 862 2490 918 862 2491 887 862 2492 884 863 2493 915 863 2494 916 863 2495 881 864 2496 912 864 2497 913 864 2498 878 865 2499 909 865 2500 910 865 2501 874 866 2502 907 866 2503 875 866 2504 872 867 2505 903 867 2506 904 867 2507 868 868 2508 901 868 2509 869 868 2510 865 869 2511 898 869 2512 866 869 2513 862 870 2514 895 870 2515 863 870 2516 859 871 2517 892 871 2518 860 871 2519 856 872 2520 889 872 2521 857 872 2522 886 873 2523 917 873 2524 918 873 2525 883 874 2526 914 874 2527 915 874 2528 880 875 2529 911 875 2530 912 875 2531 877 876 2532 908 876 2533 909 876 2534 874 877 2535 905 877 2536 906 877 2537 871 878 2538 902 878 2539 903 878 2540 867 879 2541 900 879 2542 868 879 2543 864 880 2544 897 880 2545 865 880 2546 861 881 2547 894 881 2548 862 881 2549 858 882 2550 891 882 2551 859 882 2552 855 883 2553 888 883 2554 856 883 2555 885 884 2556 916 884 2557 917 884 2558 881 885 2559 914 885 2560 882 885 2561 878 886 2562 911 886 2563 879 886 2564 876 887 2565 907 887 2566 908 887 2567 873 888 2568 904 888 2569 905 888 2570 870 889 2571 901 889 2572 902 889 2573 867 890 2574 898 890 2575 899 890 2576 864 891 2577 895 891 2578 896 891 2579 931 892 2580 962 892 2581 963 892 2582 892 893 2583 925 893 2584 893 893 2585 890 894 2586 921 894 2587 922 894 2588 918 895 2589 919 895 2590 887 895 2591 916 896 2592 947 896 2593 948 896 2594 913 897 2595 944 897 2596 945 897 2597 909 898 2598 942 898 2599 910 898 2600 907 899 2601 938 899 2602 939 899 2603 903 900 2604 936 900 2605 904 900 2606 900 901 2607 933 901 2608 901 901 2609 897 902 2610 930 902 2611 898 902 2612 895 903 2613 926 903 2614 927 903 2615 891 904 2616 924 904 2617 892 904 2618 888 905 2619 921 905 2620 889 905 2621 917 906 2622 950 906 2623 918 906 2624 914 907 2625 947 907 2626 915 907 2627 912 908 2628 943 908 2629 944 908 2630 908 909 2631 941 909 2632 909 909 2633 905 910 2634 938 910 2635 906 910 2636 903 911 2637 934 911 2638 935 911 2639 900 912 2640 931 912 2641 932 912 2642 897 913 2643 928 913 2644 929 913 2645 893 914 2646 926 914 2647 894 914 2648 890 915 2649 923 915 2650 891 915 2651 888 916 2652 919 916 2653 920 916 2654 917 917 2655 948 917 2656 949 917 2657 913 918 2658 946 918 2659 914 918 2660 910 919 2661 943 919 2662 911 919 2663 908 920 2664 939 920 2665 940 920 2666 904 921 2667 937 921 2668 905 921 2669 902 922 2670 933 922 2671 934 922 2672 899 923 2673 930 923 2674 931 923 2675 952 909 2676 951 909 2677 982 909 2678 952 909 2679 982 909 2680 981 909 2681 952 924 2682 981 924 2683 953 924 2684 981 909 2685 980 909 2686 953 909 2687 980 909 2688 954 909 2689 953 909 2690 980 909 2691 979 909 2692 954 909 2693 979 909 2694 955 909 2695 954 909 2696 979 909 2697 978 909 2698 955 909 2699 978 909 2700 956 909 2701 955 909 2702 978 909 2703 977 909 2704 956 909 2705 977 909 2706 957 909 2707 956 909 2708 977 925 2709 976 925 2710 957 925 2711 976 909 2712 958 909 2713 957 909 2714 976 926 2715 975 926 2716 958 926 2717 975 927 2718 959 927 2719 958 927 2720 975 909 2721 974 909 2722 959 909 2723 974 928 2724 960 928 2725 959 928 2726 974 929 2727 973 929 2728 960 929 2729 973 909 2730 961 909 2731 960 909 2732 973 909 2733 972 909 2734 961 909 2735 972 909 2736 962 909 2737 961 909 2738 972 909 2739 971 909 2740 962 909 2741 971 909 2742 963 909 2743 962 909 2744 971 909 2745 970 909 2746 963 909 2747 970 909 2748 964 909 2749 963 909 2750 970 909 2751 969 909 2752 964 909 2753 969 909 2754 965 909 2755 964 909 2756 969 909 2757 968 909 2758 965 909 2759 968 909 2760 966 909 2761 965 909 2762 968 909 2763 967 909 2764 966 909 2765 927 930 2766 960 930 2767 928 930 2768 925 931 2769 956 931 2770 957 931 2771 922 932 2772 953 932 2773 954 932 2774 950 933 2775 951 933 2776 919 933 2777 947 934 2778 980 934 2779 948 934 2780 944 935 2781 977 935 2782 945 935 2783 942 936 2784 973 936 2785 974 936 2786 938 937 2787 971 937 2788 939 937 2789 935 938 2790 968 938 2791 936 938 2792 933 939 2793 964 939 2794 965 939 2795 930 940 2796 961 940 2797 962 940 2798 927 941 2799 958 941 2800 959 941 2801 924 942 2802 955 942 2803 956 942 2804 920 943 2805 953 943 2806 921 943 2807 949 944 2808 982 944 2809 950 944 2810 946 945 2811 979 945 2812 947 945 2813 943 946 2814 976 946 2815 944 946 2816 940 947 2817 973 947 2818 941 947 2819 937 948 2820 970 948 2821 938 948 2822 934 949 2823 967 949 2824 935 949 2825 932 950 2826 963 950 2827 964 950 2828 929 951 2829 960 951 2830 961 951 2831 926 952 2832 957 952 2833 958 952 2834 923 953 2835 954 953 2836 955 953 2837 919 954 2838 952 954 2839 920 954 2840 948 955 2841 981 955 2842 949 955 2843 945 956 2844 978 956 2845 946 956 2846 942 957 2847 975 957 2848 943 957 2849 939 958 2850 972 958 2851 940 958 2852 936 959 2853 969 959 2854 937 959 2855 934 960 2856 965 960 2857 966 960 2858 989 961 2859 994 961 2860 985 961 2861 984 962 2862 997 962 2863 993 962 2864 991 963 2865 996 963 2866 987 963 2867 983 964 2868 998 964 2869 989 964 2870 988 965 2871 995 965 2872 997 965 2873 987 966 2874 992 966 2875 983 966 2876 990 967 2877 993 967 2878 999 967 2879 985 968 2880 995 968 2881 986 968 2882 1007 969 2883 1012 969 2884 1003 969 2885 1002 970 2886 1015 970 2887 1011 970 2888 1009 971 2889 1014 971 2890 1005 971 2891 1001 972 2892 1016 972 2893 1007 972 2894 1006 973 2895 1013 973 2896 1015 973 2897 1005 974 2898 1010 974 2899 1001 974 2900 1008 975 2901 1011 975 2902 1017 975 2903 1003 976 2904 1013 976 2905 1004 976 2906 1024 977 2907 1019 977 2908 1023 977 2909 1024 978 2910 1021 978 2911 1020 978 2912 1026 979 2913 1021 979 2914 1025 979 2915 1023 980 2916 1022 980 2917 1026 980 2918 1019 981 2919 1021 981 2920 1022 981 2921 1026 982 2922 1024 982 2923 1023 982 2924 1031 983 2925 1028 983 2926 1027 983 2927 1032 984 2928 1029 984 2929 1028 984 2930 1034 985 2931 1029 985 2932 1033 985 2933 1031 986 2934 1030 986 2935 1034 986 2936 1028 987 2937 1030 987 2938 1027 987 2939 1034 988 2940 1032 988 2941 1031 988 2942 1040 989 2943 1035 989 2944 1039 989 2945 1040 990 2946 1037 990 2947 1036 990 2948 1042 991 2949 1037 991 2950 1041 991 2951 1039 992 2952 1038 992 2953 1042 992 2954 1035 993 2955 1037 993 2956 1038 993 2957 1042 994 2958 1040 994 2959 1039 994 2960 101 0 2961 29 28 2962 1 1 2963 34 3 2964 28 101 2965 2 4 2966 31 6 2967 30 11 2968 5 7 2969 38 9 2970 31 6 2971 12 8 2972 30 11 2973 34 3 2974 10 5 2975 36 12 2976 14 22 2977 9 13 2978 32 15 2979 17 25 2980 6 16 2981 38 9 2982 22 10 2983 20 18 2984 35 20 2985 33 19 2986 20 18 2987 36 12 2988 35 20 2989 18 21 2990 37 17 2991 6 16 2992 24 23 2993 39 14 2994 9 13 2995 17 25 2996 40 24 2997 24 23 2998 27 26 2999 41 27 3000 27 26 3001 1 1 3002 73 29 3003 3 43 3004 29 28 3005 0 30 3006 28 101 3007 34 3 3008 4 32 3009 30 11 3010 31 6 3011 13 33 3012 31 6 3013 38 9 3014 11 31 3015 34 3 3016 30 11 3017 8 35 3018 15 40 3019 36 12 3020 16 36 3021 32 15 3022 37 17 3023 23 34 3024 38 9 3025 33 19 3026 19 39 3027 21 38 3028 33 19 3029 15 40 3030 19 39 3031 35 20 3032 7 37 3033 37 17 3034 40 24 3035 8 35 3036 39 14 3037 32 15 3038 25 41 3039 40 24 3040 41 27 3041 26 42 3042 41 27 3043 29 28 3044 113 44 3045 70 995 3046 42 45 3047 69 47 3048 45 130 3049 111 48 3050 54 50 3051 43 98 3052 112 51 3053 135 53 3054 55 64 3055 46 54 3056 49 56 3057 47 73 3058 102 57 3059 103 55 3060 46 54 3061 48 59 3062 126 61 3063 62 86 3064 53 62 3065 105 46 3066 42 45 3067 55 64 3068 63 65 3069 49 56 3070 133 58 3071 57 67 3072 52 83 3073 138 68 3074 109 70 3075 56 85 3076 58 71 3077 47 73 3078 54 50 3079 136 52 3080 122 74 3081 64 84 3082 59 75 3083 65 77 3084 50 87 3085 132 78 3086 127 80 3087 61 90 3088 51 81 3089 52 83 3090 63 65 3091 125 66 3092 131 82 3093 51 81 3094 64 84 3095 137 63 3096 53 62 3097 56 85 3098 134 60 3099 48 59 3100 62 86 3101 106 76 3102 59 75 3103 57 67 3104 107 72 3105 58 71 3106 65 77 3107 50 87 3108 60 91 3109 128 88 3110 119 89 3111 67 94 3112 61 90 3113 60 91 3114 66 97 3115 120 92 3116 115 93 3117 68 96 3118 67 94 3119 104 95 3120 44 138 3121 68 96 3122 66 97 3123 69 47 3124 114 49 3125 43 98 3126 70 995 3127 113 44 3128 114 49 3129 139 136 3130 118 99 3131 131 82 3132 142 128 3133 130 100 3134 28 101 3135 98 132 3136 72 102 3137 97 103 3138 100 2 3139 1 1 3140 0 30 3141 11 31 3142 82 104 3143 10 5 3144 83 110 3145 74 106 3146 77 107 3147 75 114 3148 4 32 3149 5 7 3150 74 106 3151 76 108 3152 22 10 3153 90 121 3154 81 109 3155 2 4 3156 72 102 3157 83 110 3158 91 111 3159 77 107 3160 13 33 3161 85 112 3162 80 118 3163 21 38 3164 18 21 3165 84 120 3166 86 113 3167 75 114 3168 82 104 3169 11 31 3170 8 35 3171 92 119 3172 87 115 3173 93 116 3174 78 122 3175 17 25 3176 7 37 3177 89 123 3178 79 117 3179 80 118 3180 91 111 3181 23 34 3182 16 36 3183 79 117 3184 92 119 3185 20 18 3186 81 109 3187 84 120 3188 12 8 3189 76 108 3190 90 121 3191 87 115 3192 85 112 3193 19 39 3194 86 113 3195 93 116 3196 9 13 3197 78 122 3198 88 124 3199 6 16 3200 25 41 3201 95 125 3202 89 123 3203 88 124 3204 94 127 3205 24 23 3206 26 42 3207 96 126 3208 95 125 3209 3 43 3210 73 29 3211 96 126 3212 94 127 3213 97 103 3214 27 26 3215 99 105 3216 98 132 3217 28 101 3218 122 74 3219 129 135 3220 142 128 3221 110 129 3222 111 48 3223 45 130 3224 98 132 3225 113 44 3226 105 46 3227 83 110 3228 135 53 3229 103 55 3230 72 102 3231 105 46 3232 135 53 3233 119 89 3234 117 134 3235 140 133 3236 90 121 3237 126 61 3238 137 63 3239 102 57 3240 136 52 3241 82 104 3242 127 80 3243 130 100 3244 117 134 3245 74 106 3246 103 55 3247 134 60 3248 106 76 3249 108 69 3250 85 112 3251 132 78 3252 116 139 3253 129 135 3254 81 109 3255 137 63 3256 109 70 3257 111 48 3258 124 140 3259 139 136 3260 133 58 3261 102 57 3262 75 114 3263 120 92 3264 118 99 3265 141 137 3266 104 95 3267 110 129 3268 71 131 3269 121 79 3270 132 78 3271 78 122 3272 84 120 3273 109 70 3274 107 72 3275 128 88 3276 141 137 3277 116 139 3278 138 68 3279 125 66 3280 91 111 3281 110 129 3282 123 149 3283 124 140 3284 107 72 3285 121 79 3286 93 116 3287 115 93 3288 140 133 3289 123 149 3290 136 52 3291 112 51 3292 99 105 3293 76 108 3294 134 60 3295 126 61 3296 125 66 3297 133 58 3298 77 107 3299 112 51 3300 113 44 3301 98 132 3302 108 69 3303 138 68 3304 80 118 3305 122 74 3306 92 119 3307 78 122 3308 92 119 3309 122 74 3310 106 76 3311 152 157 3312 163 169 3313 154 161 3314 153 158 3315 148 159 3316 159 162 3317 150 152 3318 161 167 3319 156 164 3320 149 156 3321 153 158 3322 164 163 3323 144 996 3324 155 997 3325 162 996 3326 147 151 3327 158 170 3328 161 167 3329 144 154 3330 149 156 3331 160 165 3332 143 160 3333 154 161 3334 159 162 3335 145 155 3336 156 164 3337 163 169 3338 146 150 3339 157 998 3340 158 170 3341 151 199 3342 162 199 3343 157 199 3344 154 161 3345 163 169 3346 174 180 3347 159 162 3348 170 182 3349 175 181 3350 159 162 3351 154 161 3352 165 183 3353 277 184 3354 205 212 3355 177 185 3356 210 187 3357 204 285 3358 178 188 3359 207 190 3360 206 195 3361 181 191 3362 214 193 3363 207 190 3364 188 192 3365 206 195 3366 210 187 3367 186 189 3368 212 196 3369 190 206 3370 185 197 3371 208 199 3372 193 209 3373 182 200 3374 214 193 3375 198 194 3376 196 202 3377 211 204 3378 209 203 3379 196 202 3380 212 196 3381 211 204 3382 194 205 3383 213 201 3384 182 200 3385 200 207 3386 215 198 3387 185 197 3388 193 209 3389 216 208 3390 200 207 3391 203 210 3392 217 211 3393 203 210 3394 177 185 3395 249 213 3396 179 227 3397 205 212 3398 176 214 3399 204 285 3400 210 187 3401 180 216 3402 206 195 3403 207 190 3404 189 217 3405 207 190 3406 214 193 3407 187 215 3408 210 187 3409 206 195 3410 184 219 3411 191 224 3412 212 196 3413 192 220 3414 208 199 3415 213 201 3416 199 218 3417 214 193 3418 209 203 3419 195 223 3420 197 222 3421 209 203 3422 191 224 3423 195 223 3424 211 204 3425 183 221 3426 213 201 3427 216 208 3428 184 219 3429 215 198 3430 208 199 3431 201 225 3432 216 208 3433 217 211 3434 202 226 3435 217 211 3436 205 212 3437 289 228 3438 246 999 3439 218 229 3440 245 231 3441 221 314 3442 287 232 3443 230 234 3444 219 282 3445 288 235 3446 311 237 3447 231 248 3448 222 238 3449 225 240 3450 223 257 3451 278 241 3452 279 239 3453 222 238 3454 224 243 3455 302 245 3456 238 270 3457 229 246 3458 281 230 3459 218 229 3460 231 248 3461 239 249 3462 225 240 3463 309 242 3464 233 251 3465 228 267 3466 314 252 3467 285 254 3468 232 269 3469 234 255 3470 223 257 3471 230 234 3472 312 236 3473 298 258 3474 240 268 3475 235 259 3476 241 261 3477 226 271 3478 308 262 3479 303 264 3480 237 274 3481 227 265 3482 228 267 3483 239 249 3484 301 250 3485 307 266 3486 227 265 3487 240 268 3488 313 247 3489 229 246 3490 232 269 3491 310 244 3492 224 243 3493 238 270 3494 282 260 3495 235 259 3496 233 251 3497 283 256 3498 234 255 3499 241 261 3500 226 271 3501 236 275 3502 304 272 3503 295 273 3504 243 278 3505 237 274 3506 236 275 3507 242 281 3508 296 276 3509 291 277 3510 244 280 3511 243 278 3512 280 279 3513 220 322 3514 244 280 3515 242 281 3516 245 231 3517 290 233 3518 219 282 3519 246 999 3520 289 228 3521 290 233 3522 315 320 3523 294 283 3524 307 266 3525 318 312 3526 306 284 3527 204 285 3528 274 316 3529 248 286 3530 273 287 3531 276 186 3532 177 185 3533 258 288 3534 275 311 3535 176 214 3536 186 189 3537 259 293 3538 250 289 3539 253 290 3540 251 297 3541 180 216 3542 181 191 3543 250 289 3544 252 291 3545 198 194 3546 266 304 3547 257 292 3548 178 188 3549 248 286 3550 259 293 3551 267 294 3552 253 290 3553 189 217 3554 261 295 3555 256 301 3556 197 222 3557 194 205 3558 260 303 3559 262 296 3560 251 297 3561 258 288 3562 187 215 3563 184 219 3564 268 302 3565 263 298 3566 269 299 3567 254 305 3568 193 209 3569 183 221 3570 265 306 3571 255 300 3572 256 301 3573 267 294 3574 199 218 3575 192 220 3576 255 300 3577 268 302 3578 196 202 3579 257 292 3580 260 303 3581 188 192 3582 252 291 3583 266 304 3584 263 298 3585 261 295 3586 195 223 3587 262 296 3588 269 299 3589 185 197 3590 254 305 3591 264 307 3592 182 200 3593 201 225 3594 271 308 3595 265 306 3596 264 307 3597 270 310 3598 200 207 3599 202 226 3600 272 309 3601 271 308 3602 179 227 3603 249 213 3604 272 309 3605 270 310 3606 273 287 3607 203 210 3608 275 311 3609 274 316 3610 204 285 3611 298 258 3612 305 319 3613 318 312 3614 286 313 3615 287 232 3616 221 314 3617 274 316 3618 289 228 3619 281 230 3620 259 293 3621 311 237 3622 279 239 3623 248 286 3624 281 230 3625 311 237 3626 295 273 3627 293 318 3628 316 317 3629 266 304 3630 302 245 3631 313 247 3632 278 241 3633 312 236 3634 258 288 3635 303 264 3636 306 284 3637 293 318 3638 250 289 3639 279 239 3640 310 244 3641 282 260 3642 284 253 3643 261 295 3644 308 262 3645 292 323 3646 305 319 3647 257 292 3648 313 247 3649 285 254 3650 287 232 3651 300 324 3652 315 320 3653 309 242 3654 278 241 3655 251 297 3656 296 276 3657 294 283 3658 317 321 3659 280 279 3660 286 313 3661 247 315 3662 297 263 3663 308 262 3664 254 305 3665 260 303 3666 285 254 3667 283 256 3668 304 272 3669 317 321 3670 292 323 3671 314 252 3672 301 250 3673 267 294 3674 286 313 3675 299 331 3676 300 324 3677 283 256 3678 297 263 3679 269 299 3680 291 277 3681 316 317 3682 299 331 3683 312 236 3684 288 235 3685 275 311 3686 252 291 3687 310 244 3688 302 245 3689 301 250 3690 309 242 3691 253 290 3692 288 235 3693 289 228 3694 274 316 3695 284 253 3696 314 252 3697 256 301 3698 298 258 3699 268 302 3700 254 305 3701 268 302 3702 298 258 3703 282 260 3704 328 339 3705 339 351 3706 330 343 3707 329 340 3708 324 341 3709 335 344 3710 326 334 3711 337 349 3712 332 346 3713 325 338 3714 329 340 3715 340 345 3716 320 1000 3717 331 1001 3718 338 1000 3719 323 333 3720 334 352 3721 337 349 3722 320 336 3723 325 338 3724 336 347 3725 319 342 3726 330 343 3727 335 344 3728 321 337 3729 332 346 3730 339 351 3731 322 332 3732 333 1002 3733 334 352 3734 327 15 3735 338 15 3736 333 15 3737 330 343 3738 339 351 3739 350 360 3740 335 344 3741 346 362 3742 351 361 3743 335 344 3744 330 343 3745 341 363 3746 353 364 3747 355 367 3748 540 365 3749 355 367 3750 357 528 3751 541 368 3752 541 368 3753 357 528 3754 359 369 3755 359 369 3756 361 525 3757 543 371 3758 543 371 3759 361 525 3760 363 372 3761 363 372 3762 365 375 3763 545 374 3764 365 375 3765 367 377 3766 546 376 3767 367 377 3768 369 521 3769 547 378 3770 547 378 3771 369 521 3772 371 379 3773 548 380 3774 371 379 3775 373 381 3776 373 381 3777 375 384 3778 550 383 3779 375 384 3780 377 386 3781 551 385 3782 377 386 3783 379 514 3784 552 387 3785 552 387 3786 379 514 3787 381 388 3788 381 388 3789 383 510 3790 554 390 3791 554 390 3792 383 510 3793 385 391 3794 397 393 3795 398 403 3796 415 394 3797 384 396 3798 402 440 3799 401 397 3800 380 399 3801 382 398 3802 401 397 3803 378 401 3804 380 399 3805 400 400 3806 378 401 3807 399 402 3808 398 403 3809 374 405 3810 376 404 3811 398 403 3812 374 405 3813 397 393 3814 396 406 3815 370 408 3816 372 407 3817 396 406 3818 370 408 3819 395 409 3820 394 410 3821 368 411 3822 394 410 3823 393 412 3824 364 414 3825 366 413 3826 393 412 3827 362 416 3828 364 414 3829 392 415 3830 362 416 3831 391 417 3832 390 418 3833 358 420 3834 360 419 3835 390 418 3836 358 420 3837 389 421 3838 388 422 3839 354 424 3840 356 423 3841 388 422 3842 354 424 3843 387 425 3844 386 426 3845 417 428 3846 418 441 3847 435 429 3848 395 409 3849 412 442 3850 411 431 3851 391 417 3852 392 415 3853 409 432 3854 389 421 3855 406 443 3856 405 434 3857 400 400 3858 417 428 3859 416 435 3860 396 406 3861 397 393 3862 414 395 3863 393 412 3864 394 410 3865 411 431 3866 391 417 3867 408 433 3868 407 438 3869 387 425 3870 388 422 3871 405 434 3872 402 440 3873 419 455 3874 418 441 3875 398 403 3876 399 402 3877 416 435 3878 395 409 3879 396 406 3880 413 436 3881 392 415 3882 393 412 3883 410 437 3884 389 421 3885 390 418 3886 407 438 3887 386 426 3888 387 425 3889 404 439 3890 400 400 3891 401 397 3892 418 441 3893 415 394 3894 432 456 3895 431 445 3896 412 442 3897 429 457 3898 428 446 3899 408 433 3900 409 432 3901 426 447 3902 406 443 3903 423 458 3904 422 449 3905 417 428 3906 434 430 3907 433 450 3908 414 395 3909 431 445 3910 430 451 3911 411 431 3912 428 446 3913 427 452 3914 408 433 3915 425 448 3916 424 453 3917 404 439 3918 405 434 3919 422 449 3920 419 455 3921 436 1003 3922 435 429 3923 415 394 3924 416 435 3925 433 450 3926 413 436 3927 430 451 3928 429 457 3929 410 437 3930 427 452 3931 426 447 3932 406 443 3933 407 438 3934 424 453 3935 403 444 3936 404 439 3937 421 454 3938 434 430 3939 435 429 3940 452 460 3941 432 456 3942 449 473 3943 448 462 3944 428 446 3945 429 457 3946 446 463 3947 426 447 3948 443 474 3949 442 465 3950 423 458 3951 440 475 3952 439 466 3953 434 430 3954 451 461 3955 450 467 3956 430 451 3957 431 445 3958 448 462 3959 428 446 3960 445 464 3961 444 469 3962 424 453 3963 425 448 3964 442 465 3965 421 454 3966 422 449 3967 439 466 3968 435 429 3969 436 1003 3970 453 472 3971 432 456 3972 433 450 3973 450 467 3974 429 457 3975 430 451 3976 447 468 3977 426 447 3978 427 452 3979 444 469 3980 424 453 3981 441 470 3982 440 475 3983 420 459 3984 421 454 3985 438 471 3986 451 461 3987 452 460 3988 469 477 3989 449 473 3990 466 489 3991 465 479 3992 445 464 3993 446 463 3994 463 480 3995 443 474 3996 460 490 3997 459 482 3998 440 475 3999 457 491 4000 456 483 4001 450 467 4002 451 461 4003 468 478 4004 447 468 4005 448 462 4006 465 479 4007 445 464 4008 462 481 4009 461 486 4010 441 470 4011 442 465 4012 459 482 4013 438 471 4014 439 466 4015 456 483 4016 453 472 4017 470 506 4018 469 477 4019 450 467 4020 467 484 4021 466 489 4022 446 463 4023 447 468 4024 464 485 4025 444 469 4026 461 486 4027 460 490 4028 440 475 4029 441 470 4030 458 487 4031 437 476 4032 438 471 4033 455 488 4034 468 478 4035 469 477 4036 486 493 4037 466 489 4038 483 507 4039 482 495 4040 462 481 4041 463 480 4042 480 496 4043 460 490 4044 477 508 4045 476 498 4046 456 483 4047 457 491 4048 474 499 4049 468 478 4050 485 494 4051 484 501 4052 464 485 4053 465 479 4054 482 495 4055 461 486 4056 462 481 4057 479 497 4058 458 487 4059 459 482 4060 476 498 4061 456 483 4062 473 500 4063 472 505 4064 470 506 4065 487 1004 4066 486 493 4067 466 489 4068 467 484 4069 484 501 4070 463 480 4071 464 485 4072 481 502 4073 461 486 4074 478 503 4075 477 508 4076 457 491 4077 458 487 4078 475 504 4079 455 488 4080 472 505 4081 471 509 4082 383 510 4083 503 513 4084 504 511 4085 383 510 4086 381 388 4087 502 512 4088 379 514 4089 501 515 4090 502 512 4091 377 386 4092 500 516 4093 501 515 4094 375 384 4095 499 518 4096 500 516 4097 375 384 4098 373 381 4099 498 517 4100 371 379 4101 497 520 4102 498 517 4103 371 379 4104 369 521 4105 496 519 4106 367 377 4107 495 522 4108 496 519 4109 365 375 4110 494 524 4111 495 522 4112 365 375 4113 363 372 4114 493 523 4115 361 525 4116 492 527 4117 493 523 4118 361 525 4119 359 369 4120 491 526 4121 357 528 4122 490 530 4123 491 526 4124 357 528 4125 355 367 4126 489 529 4127 355 367 4128 353 364 4129 488 531 4130 503 513 4131 502 512 4132 519 532 4133 499 518 4134 516 540 4135 517 534 4136 497 520 4137 496 519 4138 513 535 4139 493 523 4140 510 543 4141 511 537 4142 490 530 4143 507 544 4144 508 538 4145 501 515 4146 518 546 4147 519 532 4148 499 518 4149 498 517 4150 515 539 4151 496 519 4152 495 522 4153 512 541 4154 493 523 4155 492 527 4156 509 542 4157 489 529 4158 506 548 4159 507 544 4160 503 513 4161 520 533 4162 521 545 4163 501 515 4164 500 516 4165 517 534 4166 498 517 4167 497 520 4168 514 536 4169 494 524 4170 511 537 4171 512 541 4172 492 527 4173 491 526 4174 508 538 4175 489 529 4176 488 531 4177 505 547 4178 520 533 4179 519 532 4180 536 549 4181 516 540 4182 533 559 4183 534 551 4184 514 536 4185 513 535 4186 530 552 4187 511 537 4188 510 543 4189 527 554 4190 507 544 4191 524 561 4192 525 556 4193 519 532 4194 518 546 4195 535 557 4196 516 540 4197 515 539 4198 532 558 4199 512 541 4200 529 563 4201 530 552 4202 510 543 4203 509 542 4204 526 560 4205 506 548 4206 523 565 4207 524 561 4208 520 533 4209 537 550 4210 538 562 4211 518 546 4212 517 534 4213 534 551 4214 515 539 4215 514 536 4216 531 553 4217 512 541 4218 511 537 4219 528 555 4220 508 538 4221 525 556 4222 526 560 4223 506 548 4224 505 547 4225 522 564 4226 539 366 4227 540 365 4228 567 566 4229 540 365 4230 541 368 4231 566 568 4232 566 568 4233 541 368 4234 542 370 4235 565 569 4236 542 370 4237 543 371 4238 564 570 4239 543 371 4240 544 373 4241 571 571 4242 544 373 4243 545 374 4244 545 374 4245 546 376 4246 569 573 4247 569 573 4248 546 376 4249 547 378 4250 562 575 4251 549 382 4252 550 383 4253 561 578 4254 550 383 4255 551 385 4256 560 579 4257 551 385 4258 552 387 4259 559 580 4260 552 387 4261 553 389 4262 553 389 4263 554 390 4264 557 582 4265 557 582 4266 554 390 4267 555 392 4268 561 578 4269 560 579 4270 376 404 4271 566 568 4272 565 569 4273 358 420 4274 563 577 4275 562 575 4276 372 407 4277 352 427 4278 572 567 4279 567 566 4280 382 398 4281 557 582 4282 556 583 4283 364 414 4284 570 572 4285 569 573 4286 559 580 4287 558 581 4288 380 399 4289 360 419 4290 564 570 4291 571 571 4292 372 407 4293 562 575 4294 561 578 4295 567 566 4296 566 568 4297 356 423 4298 569 573 4299 568 574 4300 368 411 4301 380 399 4302 558 581 4303 557 582 4304 571 571 4305 570 572 4306 364 414 4307 376 404 4308 560 579 4309 559 580 4310 565 569 4311 564 570 4312 360 419 4313 568 574 4314 563 577 4315 370 408 4316 574 584 4317 576 587 4318 776 585 4319 576 587 4320 578 589 4321 777 588 4322 578 589 4323 580 591 4324 778 590 4325 580 591 4326 582 593 4327 779 592 4328 582 593 4329 584 595 4330 780 594 4331 584 595 4332 586 597 4333 781 596 4334 586 597 4335 588 750 4336 782 598 4337 782 598 4338 588 750 4339 590 599 4340 784 601 4341 592 1005 4342 594 602 4343 594 602 4344 596 611 4345 786 604 4346 786 604 4347 596 611 4348 598 605 4349 598 605 4350 600 762 4351 788 607 4352 788 607 4353 600 762 4354 602 608 4355 602 608 4356 604 615 4357 790 610 4358 596 611 4359 735 747 4360 736 612 4361 606 613 4362 574 584 4363 775 586 4364 604 615 4365 606 613 4366 791 614 4367 581 616 4368 583 648 4369 612 617 4370 581 616 4371 611 618 4372 610 619 4373 577 621 4374 579 620 4375 610 619 4376 577 621 4377 609 622 4378 608 623 4379 605 625 4380 573 642 4381 607 626 4382 603 628 4383 605 625 4384 623 627 4385 603 628 4386 622 629 4387 621 630 4388 599 632 4389 601 631 4390 621 630 4391 599 632 4392 620 633 4393 619 634 4394 595 636 4395 597 635 4396 619 634 4397 595 636 4398 618 637 4399 617 638 4400 591 640 4401 593 639 4402 617 638 4403 573 642 4404 575 624 4405 608 623 4406 589 643 4407 615 649 4408 614 644 4409 585 646 4410 587 645 4411 614 644 4412 585 646 4413 613 647 4414 612 617 4415 615 649 4416 632 669 4417 631 650 4418 611 618 4419 612 617 4420 629 651 4421 609 622 4422 626 664 4423 625 653 4424 623 627 4425 640 665 4426 639 654 4427 619 634 4428 620 633 4429 637 655 4430 616 641 4431 617 638 4432 634 657 4433 613 647 4434 614 644 4435 631 650 4436 611 618 4437 628 652 4438 627 660 4439 608 623 4440 625 653 4441 624 661 4442 622 629 4443 639 654 4444 638 662 4445 619 634 4446 636 656 4447 635 663 4448 613 647 4449 630 659 4450 629 651 4451 610 619 4452 627 660 4453 626 664 4454 607 626 4455 624 661 4456 640 665 4457 620 633 4458 621 630 4459 638 662 4460 618 637 4461 635 663 4462 634 657 4463 651 666 4464 652 683 4465 669 667 4466 632 669 4467 649 1006 4468 648 670 4469 628 652 4470 629 651 4471 646 671 4472 625 653 4473 626 664 4474 643 673 4475 639 654 4476 640 665 4477 657 675 4478 637 655 4479 654 684 4480 653 677 4481 633 658 4482 634 657 4483 651 666 4484 630 659 4485 631 650 4486 648 670 4487 628 652 4488 645 672 4489 644 680 4490 625 653 4491 642 674 4492 641 681 4493 639 654 4494 656 676 4495 655 682 4496 636 656 4497 653 677 4498 652 683 4499 630 659 4500 647 679 4501 646 671 4502 627 660 4503 644 680 4504 643 673 4505 624 661 4506 641 681 4507 657 675 4508 637 655 4509 638 662 4510 655 682 4511 635 663 4512 652 683 4513 651 666 4514 672 685 4515 689 715 4516 688 686 4517 648 670 4518 649 1006 4519 666 688 4520 646 671 4521 663 698 4522 662 690 4523 643 673 4524 660 699 4525 659 691 4526 657 675 4527 674 700 4528 673 692 4529 654 684 4530 671 687 4531 670 693 4532 651 666 4533 668 668 4534 667 694 4535 648 670 4536 665 689 4537 664 695 4538 644 680 4539 645 672 4540 662 690 4541 641 681 4542 642 674 4543 659 691 4544 655 682 4545 656 676 4546 673 692 4547 653 677 4548 670 693 4549 669 667 4550 646 671 4551 647 679 4552 664 695 4553 643 673 4554 644 680 4555 661 696 4556 657 675 4557 641 681 4558 658 697 4559 655 682 4560 672 685 4561 671 687 4562 675 701 4563 692 718 4564 723 702 4565 668 668 4566 669 667 4567 686 704 4568 665 689 4569 666 688 4570 683 706 4571 663 698 4572 680 716 4573 679 708 4574 660 699 4575 677 717 4576 676 709 4577 674 700 4578 691 703 4579 690 710 4580 671 687 4581 688 686 4582 687 711 4583 668 668 4584 685 705 4585 684 712 4586 665 689 4587 682 707 4588 681 713 4589 661 696 4590 662 690 4591 679 708 4592 658 697 4593 659 691 4594 676 709 4595 672 685 4596 673 692 4597 690 710 4598 670 693 4599 687 711 4600 686 704 4601 663 698 4602 664 695 4603 681 713 4604 660 699 4605 661 696 4606 678 714 4607 674 700 4608 658 697 4609 675 701 4610 689 715 4611 721 722 4612 720 724 4613 686 704 4614 718 728 4615 717 730 4616 683 706 4617 700 733 4618 699 731 4619 679 708 4620 680 716 4621 697 727 4622 677 717 4623 694 721 4624 693 719 4625 691 703 4626 723 702 4627 722 720 4628 687 711 4629 688 686 4630 720 724 4631 684 712 4632 685 705 4633 717 730 4634 681 713 4635 682 707 4636 699 731 4637 679 708 4638 696 725 4639 695 723 4640 676 709 4641 693 719 4642 692 718 4643 689 715 4644 690 710 4645 722 720 4646 687 711 4647 719 726 4648 718 728 4649 681 713 4650 698 729 4651 697 727 4652 677 717 4653 678 714 4654 695 723 4655 727 743 4656 726 756 4657 743 744 4658 596 611 4659 594 602 4660 734 746 4661 594 602 4662 592 1005 4663 733 748 4664 574 584 4665 724 757 4666 725 749 4667 588 750 4668 731 753 4669 732 751 4670 588 750 4671 586 597 4672 730 752 4673 584 595 4674 729 755 4675 730 752 4676 584 595 4677 582 593 4678 728 754 4679 580 591 4680 727 743 4681 728 754 4682 580 591 4683 578 589 4684 726 756 4685 576 587 4686 725 749 4687 726 756 4688 606 613 4689 740 759 4690 724 757 4691 606 613 4692 604 615 4693 739 758 4694 602 608 4695 738 761 4696 739 758 4697 602 608 4698 600 762 4699 737 760 4700 600 762 4701 598 605 4702 736 612 4703 746 763 4704 763 788 4705 764 764 4706 740 759 4707 757 773 4708 741 766 4709 738 761 4710 737 760 4711 754 767 4712 734 746 4713 751 776 4714 752 769 4715 731 753 4716 748 777 4717 749 770 4718 729 755 4719 728 754 4720 745 771 4721 725 749 4722 742 778 4723 743 744 4724 740 759 4725 739 758 4726 756 772 4727 737 760 4728 736 612 4729 753 774 4730 734 746 4731 733 748 4732 750 775 4733 731 753 4734 730 752 4735 747 765 4736 727 743 4737 744 745 4738 745 771 4739 724 757 4740 741 766 4741 742 778 4742 738 761 4743 755 768 4744 756 772 4745 735 747 4746 752 769 4747 753 774 4748 729 755 4749 746 763 4750 747 765 4751 743 744 4752 760 789 4753 761 779 4754 741 766 4755 757 773 4756 774 780 4757 755 768 4758 754 767 4759 771 782 4760 752 769 4761 751 776 4762 768 784 4763 748 777 4764 765 792 4765 766 786 4766 746 763 4767 745 771 4768 762 787 4769 742 778 4770 759 793 4771 760 789 4772 757 773 4773 756 772 4774 773 790 4775 753 774 4776 770 794 4777 771 782 4778 751 776 4779 750 775 4780 767 791 4781 747 765 4782 764 764 4783 765 792 4784 744 745 4785 761 779 4786 762 787 4787 741 766 4788 758 781 4789 759 793 4790 756 772 4791 755 768 4792 772 783 4793 752 769 4794 769 785 4795 770 794 4796 800 795 4797 776 585 4798 777 588 4799 777 588 4800 778 590 4801 798 797 4802 778 590 4803 779 592 4804 797 798 4805 779 592 4806 780 594 4807 808 799 4808 780 594 4809 781 596 4810 807 800 4811 781 596 4812 782 598 4813 806 801 4814 806 801 4815 782 598 4816 783 600 4817 792 803 4818 784 601 4819 785 603 4820 785 603 4821 786 604 4822 803 805 4823 803 805 4824 786 604 4825 787 606 4826 802 806 4827 787 606 4828 788 607 4829 788 607 4830 789 609 4831 796 808 4832 796 808 4833 789 609 4834 790 610 4835 794 810 4836 817 814 4837 816 811 4838 790 610 4839 791 614 4840 794 810 4841 583 648 4842 808 799 4843 807 800 4844 806 801 4845 805 802 4846 589 643 4847 601 631 4848 796 808 4849 795 809 4850 597 635 4851 802 806 4852 801 807 4853 793 812 4854 800 795 4855 575 624 4856 603 628 4857 795 809 4858 794 810 4859 797 798 4860 808 799 4861 583 648 4862 799 796 4863 798 797 4864 579 620 4865 801 807 4866 796 808 4867 601 631 4868 593 639 4869 804 804 4870 803 805 4871 807 800 4872 806 801 4873 587 645 4874 605 625 4875 794 810 4876 793 812 4877 798 797 4878 797 798 4879 581 616 4880 575 624 4881 800 795 4882 799 796 4883 803 805 4884 802 806 4885 597 635 4886 792 803 4887 804 804 4888 593 639 4889 775 586 4890 776 585 4891 800 795 4892 793 813 4893 812 813 4894 810 813 4895 791 813 4896 811 813 4897 813 813 4898 817 814 4899 815 816 4900 814 815 4901 791 614 4902 775 586 4903 814 815 4904 791 614 4905 815 816 4906 817 814 4907 793 812 4908 816 811 4909 814 815 4910 563 577 4911 820 821 4912 822 817 4913 547 378 4914 818 818 4915 821 820 4916 809 576 4917 822 817 4918 819 819 4919 548 380 4920 819 819 4921 818 818 4922 563 577 4923 568 574 4924 821 820 4925 861 1007 4926 860 1007 4927 892 1007 4928 829 1008 4929 828 1008 4930 860 1008 4931 825 736 4932 857 736 4933 858 736 4934 823 736 4935 854 736 4936 886 736 4937 851 736 4938 883 736 4939 884 736 4940 848 1009 4941 880 1009 4942 881 1009 4943 846 1010 4944 845 1010 4945 877 1010 4946 842 1011 4947 874 1011 4948 875 1011 4949 839 736 4950 871 736 4951 872 736 4952 836 736 4953 868 736 4954 869 736 4955 833 1012 4956 865 1012 4957 866 1012 4958 830 1013 4959 862 1013 4960 863 1013 4961 828 1014 4962 827 1014 4963 859 1014 4964 825 736 4965 824 736 4966 856 736 4967 854 736 4968 853 736 4969 885 736 4970 851 1015 4971 850 1015 4972 882 1015 4973 848 1016 4974 847 1016 4975 879 1016 4976 845 1017 4977 844 1017 4978 876 1017 4979 842 1018 4980 841 1018 4981 873 1018 4982 838 736 4983 870 736 4984 871 736 4985 835 1019 4986 867 1019 4987 868 1019 4988 832 736 4989 864 736 4990 865 736 4991 830 1020 4992 829 1020 4993 861 1020 4994 827 1021 4995 826 1021 4996 858 1021 4997 824 736 4998 823 736 4999 855 736 5000 852 736 5001 884 736 5002 885 736 5003 850 1022 5004 849 1022 5005 881 1022 5006 846 1023 5007 878 1023 5008 879 1023 5009 843 736 5010 875 736 5011 876 736 5012 840 736 5013 872 736 5014 873 736 5015 837 736 5016 869 736 5017 870 736 5018 834 1024 5019 866 1024 5020 867 1024 5021 832 1025 5022 831 1025 5023 863 1025 5024 895 1026 5025 927 1026 5026 928 1026 5027 857 1027 5028 889 1027 5029 890 1027 5030 855 1028 5031 886 1028 5032 918 1028 5033 884 1029 5034 883 1029 5035 915 1029 5036 881 1030 5037 880 1030 5038 912 1030 5039 878 1031 5040 877 1031 5041 909 1031 5042 874 1032 5043 906 1032 5044 907 1032 5045 872 1033 5046 871 1033 5047 903 1033 5048 868 1034 5049 900 1034 5050 901 1034 5051 865 1035 5052 897 1035 5053 898 1035 5054 862 1036 5055 894 1036 5056 895 1036 5057 859 1037 5058 891 1037 5059 892 1037 5060 856 1038 5061 888 1038 5062 889 1038 5063 886 1039 5064 885 1039 5065 917 1039 5066 883 1040 5067 882 1040 5068 914 1040 5069 880 1041 5070 879 1041 5071 911 1041 5072 877 1042 5073 876 1042 5074 908 1042 5075 874 1043 5076 873 1043 5077 905 1043 5078 871 1044 5079 870 1044 5080 902 1044 5081 867 1045 5082 899 1045 5083 900 1045 5084 864 1046 5085 896 1046 5086 897 1046 5087 861 1047 5088 893 1047 5089 894 1047 5090 858 1048 5091 890 1048 5092 891 1048 5093 855 1049 5094 887 1049 5095 888 1049 5096 885 1050 5097 884 1050 5098 916 1050 5099 881 1051 5100 913 1051 5101 914 1051 5102 878 1052 5103 910 1052 5104 911 1052 5105 876 1053 5106 875 1053 5107 907 1053 5108 873 1054 5109 872 1054 5110 904 1054 5111 870 1055 5112 869 1055 5113 901 1055 5114 867 1056 5115 866 1056 5116 898 1056 5117 864 1057 5118 863 1057 5119 895 1057 5120 931 1058 5121 930 1058 5122 962 1058 5123 892 1059 5124 924 1059 5125 925 1059 5126 890 1060 5127 889 1060 5128 921 1060 5129 918 1061 5130 950 1061 5131 919 1061 5132 916 1062 5133 915 1062 5134 947 1062 5135 913 1063 5136 912 1063 5137 944 1063 5138 909 1064 5139 941 1064 5140 942 1064 5141 907 1065 5142 906 1065 5143 938 1065 5144 903 1066 5145 935 1066 5146 936 1066 5147 900 1067 5148 932 1067 5149 933 1067 5150 897 1068 5151 929 1068 5152 930 1068 5153 895 1069 5154 894 1069 5155 926 1069 5156 891 1070 5157 923 1070 5158 924 1070 5159 888 1071 5160 920 1071 5161 921 1071 5162 917 1072 5163 949 1072 5164 950 1072 5165 914 1073 5166 946 1073 5167 947 1073 5168 912 1074 5169 911 1074 5170 943 1074 5171 908 909 5172 940 909 5173 941 909 5174 905 1075 5175 937 1075 5176 938 1075 5177 903 1076 5178 902 1076 5179 934 1076 5180 900 1077 5181 899 1077 5182 931 1077 5183 897 1078 5184 896 1078 5185 928 1078 5186 893 1079 5187 925 1079 5188 926 1079 5189 890 1080 5190 922 1080 5191 923 1080 5192 888 1081 5193 887 1081 5194 919 1081 5195 917 910 5196 916 910 5197 948 910 5198 913 1082 5199 945 1082 5200 946 1082 5201 910 1083 5202 942 1083 5203 943 1083 5204 908 909 5205 907 909 5206 939 909 5207 904 1084 5208 936 1084 5209 937 1084 5210 902 1085 5211 901 1085 5212 933 1085 5213 899 1086 5214 898 1086 5215 930 1086 5216 927 1087 5217 959 1087 5218 960 1087 5219 925 1088 5220 924 1088 5221 956 1088 5222 922 1089 5223 921 1089 5224 953 1089 5225 950 1090 5226 982 1090 5227 951 1090 5228 947 1091 5229 979 1091 5230 980 1091 5231 944 1092 5232 976 1092 5233 977 1092 5234 942 1093 5235 941 1093 5236 973 1093 5237 938 1094 5238 970 1094 5239 971 1094 5240 935 1095 5241 967 1095 5242 968 1095 5243 933 1096 5244 932 1096 5245 964 1096 5246 930 1097 5247 929 1097 5248 961 1097 5249 927 1098 5250 926 1098 5251 958 1098 5252 924 1099 5253 923 1099 5254 955 1099 5255 920 1100 5256 952 1100 5257 953 1100 5258 949 1101 5259 981 1101 5260 982 1101 5261 946 1102 5262 978 1102 5263 979 1102 5264 943 1103 5265 975 1103 5266 976 1103 5267 940 1104 5268 972 1104 5269 973 1104 5270 937 1105 5271 969 1105 5272 970 1105 5273 934 1106 5274 966 1106 5275 967 1106 5276 932 1107 5277 931 1107 5278 963 1107 5279 929 1108 5280 928 1108 5281 960 1108 5282 926 1109 5283 925 1109 5284 957 1109 5285 923 1110 5286 922 1110 5287 954 1110 5288 919 1111 5289 951 1111 5290 952 1111 5291 948 1112 5292 980 1112 5293 981 1112 5294 945 1113 5295 977 1113 5296 978 1113 5297 942 1114 5298 974 1114 5299 975 1114 5300 939 1115 5301 971 1115 5302 972 1115 5303 936 1116 5304 968 1116 5305 969 1116 5306 934 1117 5307 933 1117 5308 965 1117 5309 989 1118 5310 998 1118 5311 994 1118 5312 984 1119 5313 988 1119 5314 997 1119 5315 991 1120 5316 1000 1120 5317 996 1120 5318 983 1121 5319 992 1121 5320 998 1121 5321 988 1122 5322 986 1122 5323 995 1122 5324 987 1123 5325 996 1123 5326 992 1123 5327 990 1124 5328 984 1124 5329 993 1124 5330 985 1125 5331 994 1125 5332 995 1125 5333 1007 1126 5334 1016 1126 5335 1012 1126 5336 1002 1127 5337 1006 1127 5338 1015 1127 5339 1009 1128 5340 1018 1128 5341 1014 1128 5342 1001 1129 5343 1010 1129 5344 1016 1129 5345 1006 1130 5346 1004 1130 5347 1013 1130 5348 1005 1131 5349 1014 1131 5350 1010 1131 5351 1008 1132 5352 1002 1132 5353 1011 1132 5354 1003 1133 5355 1012 1133 5356 1013 1133 5357 1024 1134 5358 1020 1134 5359 1019 1134 5360 1024 1135 5361 1025 1135 5362 1021 1135 5363 1026 1136 5364 1022 1136 5365 1021 1136 5366 1023 1137 5367 1019 1137 5368 1022 1137 5369 1019 981 5370 1020 981 5371 1021 981 5372 1026 1138 5373 1025 1138 5374 1024 1138 5375 1031 1139 5376 1032 1139 5377 1028 1139 5378 1032 1140 5379 1033 1140 5380 1029 1140 5381 1034 1141 5382 1030 1141 5383 1029 1141 5384 1031 1142 5385 1027 1142 5386 1030 1142 5387 1028 1143 5388 1029 1143 5389 1030 1143 5390 1034 1144 5391 1033 1144 5392 1032 1144 5393 1040 1145 5394 1036 1145 5395 1035 1145 5396 1040 1146 5397 1041 1146 5398 1037 1146 5399 1042 1147 5400 1038 1147 5401 1037 1147 5402 1039 1148 5403 1035 1148 5404 1038 1148 5405 1035 1149 5406 1036 1149 5407 1037 1149 5408 1042 1150 5409 1041 1150 5410 1040 1150 5411</p>
        </triangles>
      </mesh>
    </geometry>
  </library_geometries>
  <library_visual_scenes>
    <visual_scene id="Scene" name="Scene">
      <node id="Cylinder_005" name="Cylinder_005" type="NODE">
        <matrix sid="transform">-0.02753858 0.9996111 0.004378431 -2.013615 -0.01387194 -0.004761825 0.9998924 -6.460873 0.9995245 0.02747488 0.01399768 -0.4533315 0 0 0 1</matrix>
        <instance_geometry url="#Cylinder_005-mesh" name="Cylinder_005"/>
      </node>
    </visual_scene>
  </library_visual_scenes>
  <scene>
    <instance_visual_scene url="#Scene"/>
  </scene>
</COLLADA>
